user_id,media_content_id,score
1,1036,0.96426
1,377,0.889155
1,1200,0.857468
1,4571,0.849109
1,1215,0.843563
1,588,0.838664
1,1527,0.835951
1,1370,0.82073
1,1242,0.818535
1,353,0.806235
1,1221,0.803085
1,1148,0.802037
1,720,0.800703
1,1259,0.798993
1,589,0.798524
1,318,0.798053
1,2762,0.793889
1,1225,0.792307
1,1022,0.789256
1,2918,0.787759
2,2959,0.915886
2,2571,0.884411
2,356,0.873783
2,593,0.854059
2,296,0.842082
2,80463,0.841606
2,2329,0.829372
2,68954,0.815199
2,7153,0.813879
2,116797,0.81155
2,134130,0.809496
2,48780,0.800116
2,4993,0.797905
2,89745,0.793497
2,64614,0.774677
2,50,0.774096
2,59315,0.766316
2,122904,0.746127
2,4226,0.746036
2,1213,0.745698
3,1200,0.755739
3,2641,0.744922
3,919,0.741973
3,1214,0.740014
3,1215,0.72941
3,924,0.722121
3,6787,0.690705
3,1372,0.683532
3,3499,0.670456
3,1090,0.665375
3,1253,0.664921
3,1356,0.664917
3,3105,0.664751
3,2455,0.664323
3,2160,0.658942
3,3702,0.65887
3,1208,0.655977
3,6,0.65592
3,2366,0.652436
3,1127,0.652399
4,3578,0.941465
4,527,0.901562
4,1172,0.886455
4,1,0.882743
4,50,0.874266
4,1230,0.842497
4,300,0.831199
4,1278,0.830578
4,17,0.813069
4,4993,0.798301
4,3671,0.795214
4,34,0.792078
4,750,0.785024
4,356,0.782585
4,916,0.780518
4,497,0.780466
4,1220,0.776697
4,1028,0.775161
4,2396,0.774756
4,2289,0.773208
5,593,0.911135
5,356,0.831285
5,480,0.747755
5,47,0.746647
5,161,0.744966
5,32,0.730879
5,339,0.706856
5,377,0.676832
5,500,0.669679
5,337,0.659561
5,17,0.649655
5,587,0.647775
5,454,0.643896
5,329,0.64017
5,539,0.63894
5,509,0.630702
5,10,0.629343
5,440,0.625153
5,434,0.619491
5,165,0.618693
6,733,0.902692
6,610,0.87218
6,648,0.860406
6,529,0.83088
6,48,0.826313
6,1,0.815174
6,551,0.813075
6,280,0.811571
6,442,0.809116
6,586,0.802922
6,420,0.800883
6,661,0.795444
6,107,0.795198
6,172,0.793514
6,173,0.791206
6,223,0.781908
6,788,0.778626
6,272,0.776453
6,39,0.775467
6,338,0.772907
7,1721,0.856594
7,2571,0.783716
7,1198,0.752616
7,1214,0.744805
7,1580,0.744667
7,2028,0.741
7,527,0.732107
7,6377,0.730847
7,457,0.727717
7,1265,0.71035
7,1200,0.69078
7,858,0.690121
7,1136,0.677509
7,912,0.675358
7,1097,0.673726
7,1036,0.670028
7,6711,0.669994
7,110,0.669201
7,377,0.66887
7,5418,0.668131
8,589,0.855578
8,588,0.855119
8,344,0.835447
8,161,0.825023
8,595,0.824243
8,349,0.815913
8,300,0.774609
8,316,0.752998
8,434,0.747777
8,329,0.745357
8,165,0.735622
8,1,0.724903
8,288,0.718408
8,410,0.686042
8,225,0.673894
8,474,0.666024
8,266,0.652734
8,509,0.635215
8,337,0.602543
8,111,0.592919
9,5349,0.851138
9,7153,0.83433
9,260,0.830669
9,1196,0.828339
9,1210,0.756631
9,2571,0.74976
9,4963,0.739179
9,4995,0.739152
9,858,0.728142
9,5418,0.705982
9,1247,0.705284
9,1206,0.700892
9,4886,0.681326
9,926,0.677118
9,4973,0.67513
9,1090,0.673967
9,1204,0.673126
9,1228,0.667849
9,2683,0.667026
9,541,0.664651
10,6539,0.838124
10,45720,0.82991
10,63082,0.824584
10,4886,0.80598
10,76093,0.802511
10,4963,0.796923
10,40815,0.790836
10,8368,0.787106
10,318,0.784303
10,78499,0.778507
10,60069,0.772187
10,69122,0.770426
10,69757,0.756973
10,72641,0.749509
10,5299,0.749339
10,88405,0.748205
10,1721,0.745753
10,5418,0.736849
10,79132,0.735927
10,34162,0.733792
11,527,0.962093
11,50,0.827457
11,590,0.824027
11,47,0.823592
11,296,0.817259
11,1036,0.800825
11,161,0.781769
11,592,0.778716
11,316,0.774432
11,858,0.772584
11,1196,0.768893
11,1240,0.762808
11,1610,0.755654
11,2571,0.747181
11,260,0.738158
11,1270,0.73035
11,1291,0.723644
11,339,0.7193
11,1954,0.718175
11,1097,0.716717
12,597,0.944263
12,1777,0.927978
12,1569,0.918795
12,1088,0.910382
12,2396,0.904396
12,2671,0.894509
12,539,0.889281
12,1307,0.881415
12,2144,0.835234
12,4246,0.823819
12,902,0.82136
12,2125,0.820876
12,914,0.818744
12,356,0.81594
12,11,0.815107
12,2858,0.812531
12,2424,0.812391
12,440,0.811913
12,1247,0.808026
12,1380,0.807211
13,2858,0.92569
13,4993,0.91817
13,2959,0.917009
13,593,0.882026
13,2762,0.880512
13,260,0.876529
13,1196,0.849459
13,5952,0.833866
13,4226,0.820725
13,3555,0.805976
13,4022,0.803185
13,7153,0.788312
13,5349,0.787768
13,1923,0.783412
13,2716,0.782877
13,4034,0.78159
13,858,0.780322
13,3623,0.780213
13,2028,0.776567
13,3481,0.772415
14,161,0.878658
14,457,0.862292
14,454,0.856514
14,589,0.84229
14,349,0.79637
14,300,0.795994
14,364,0.790905
14,380,0.789813
14,253,0.787359
14,595,0.773588
14,50,0.763832
14,588,0.758896
14,587,0.756327
14,165,0.744223
14,21,0.743307
14,34,0.742532
14,225,0.73872
14,329,0.725733
14,410,0.724038
14,36,0.718307
15,110,0.894138
15,593,0.875685
15,74458,0.797282
15,7153,0.788776
15,115617,0.775843
15,68157,0.755958
15,2324,0.749374
15,59784,0.745238
15,48516,0.744409
15,116797,0.742537
15,1580,0.741492
15,76093,0.733081
15,44191,0.730988
15,49272,0.730493
15,3793,0.728376
15,96079,0.727508
15,5418,0.7224
15,106782,0.717505
15,7361,0.717496
15,33794,0.717011
16,1221,0.869132
16,6016,0.842377
16,908,0.786152
16,2028,0.78532
16,1234,0.74585
16,924,0.733411
16,903,0.711821
16,910,0.702154
16,1258,0.701845
16,1036,0.700848
16,6874,0.695184
16,2324,0.688652
16,953,0.685967
16,1225,0.681837
16,778,0.678834
16,68157,0.674167
16,1206,0.671019
16,48516,0.660782
16,92259,0.660212
16,457,0.655662
17,1208,0.940097
17,1203,0.918368
17,1136,0.911744
17,608,0.900412
17,1214,0.853864
17,7361,0.851792
17,908,0.84958
17,32,0.843364
17,912,0.843332
17,457,0.81943
17,4878,0.813949
17,1200,0.794208
17,778,0.787626
17,91529,0.786639
17,924,0.77303
17,48780,0.764586
17,74458,0.760544
17,68954,0.759153
17,16,0.758917
17,4011,0.755176
18,122882,0.893033
18,1258,0.863885
18,58,0.841949
18,80463,0.827822
18,5444,0.822794
18,903,0.822005
18,2858,0.816421
18,61323,0.815088
18,428,0.810373
18,3114,0.808598
18,33166,0.802821
18,1200,0.80255
18,1358,0.801368
18,596,0.799738
18,1645,0.798446
18,1263,0.79754
18,115149,0.794817
18,49530,0.791729
18,2081,0.789845
18,30707,0.789405
19,919,0.782177
19,616,0.737061
19,2010,0.732853
19,1387,0.730919
19,902,0.722015
19,345,0.71175
19,908,0.7104
19,2871,0.708486
19,2109,0.707545
19,4226,0.707535
19,912,0.705338
19,1883,0.703944
19,2289,0.70057
19,4720,0.698522
19,60,0.69841
19,88163,0.697872
19,1261,0.692973
19,2391,0.684295
19,1036,0.683708
19,595,0.682072
20,3916,0.887727
20,5464,0.886938
20,2324,0.884062
20,5444,0.870848
20,4975,0.858443
20,902,0.851543
20,3489,0.851013
20,616,0.850223
20,2012,0.848644
20,4571,0.842286
20,1967,0.840899
20,920,0.84075
20,745,0.833564
20,5956,0.827584
20,500,0.824929
20,916,0.823215
20,3798,0.818262
20,3717,0.817534
20,34072,0.816412
20,2398,0.81638
21,81847,0.873837
21,60069,0.861476
21,6377,0.801999
21,91542,0.796105
21,1653,0.783269
21,110,0.759588
21,47099,0.755349
21,35836,0.749346
21,166528,0.740726
21,2987,0.734757
21,163,0.730109
21,87869,0.728457
21,2028,0.724308
21,54272,0.720223
21,1907,0.719779
21,92259,0.717245
21,52722,0.715318
21,79091,0.712466
21,1247,0.710126
21,593,0.709755
22,4973,0.799358
22,5952,0.786477
22,8874,0.733726
22,79132,0.728287
22,6016,0.725312
22,5989,0.717621
22,2571,0.711341
22,48774,0.707076
22,2329,0.69084
22,5618,0.688788
22,4963,0.686336
22,4011,0.667649
22,3897,0.659455
22,296,0.647954
22,2858,0.640905
22,34405,0.640818
22,750,0.636363
22,2997,0.631717
22,8665,0.628312
22,46578,0.621751
23,1201,0.879258
23,111,0.872712
23,1148,0.781906
23,6016,0.766855
23,1234,0.76152
23,1223,0.713761
23,1610,0.71255
23,2692,0.707546
23,1729,0.70162
23,47,0.701215
23,6350,0.700777
23,908,0.6993
23,31658,0.696891
23,555,0.695093
23,745,0.688823
23,2076,0.679878
23,27773,0.675198
23,26662,0.673928
23,903,0.673264
23,1921,0.67065
24,110,0.911503
24,527,0.908374
24,2959,0.877929
24,1291,0.828715
24,260,0.821933
24,1036,0.81534
24,377,0.806573
24,1210,0.803973
24,99114,0.801647
24,68954,0.799502
24,858,0.798587
24,63082,0.797276
24,2324,0.789553
24,48774,0.782135
24,1270,0.779444
24,150,0.777144
24,10,0.765229
24,109487,0.754614
24,1196,0.743412
24,6874,0.743002
25,318,1.0
25,2959,0.98486
25,1196,0.929279
25,356,0.92829
25,109487,0.901084
25,593,0.857572
25,2762,0.857177
25,4226,0.848794
25,33794,0.834504
25,89745,0.824674
25,110,0.823799
25,296,0.823354
25,92259,0.7973
25,858,0.793514
25,3147,0.786285
25,1210,0.784792
25,1291,0.77682
25,1193,0.769976
25,5618,0.766862
25,134130,0.764688
26,318,0.889735
26,110,0.86542
26,589,0.843051
26,161,0.840774
26,590,0.830272
26,480,0.826314
26,292,0.805515
26,377,0.798598
26,588,0.752392
26,50,0.744323
26,316,0.73621
26,231,0.724481
26,329,0.714508
26,253,0.707638
26,527,0.704188
26,595,0.702241
26,339,0.6984
26,364,0.644443
26,32,0.642838
26,367,0.633608
27,588,0.919653
27,1204,0.877339
27,1028,0.856544
27,919,0.855854
27,500,0.852727
27,1291,0.837455
27,1136,0.827682
27,733,0.816814
27,908,0.804239
27,1391,0.802052
27,953,0.800929
27,2028,0.798044
27,2078,0.796878
27,1374,0.794779
27,1193,0.793598
27,1214,0.783875
27,1240,0.776317
27,899,0.774053
27,1221,0.769364
27,1954,0.764842
28,1203,0.863686
28,1270,0.812454
28,4963,0.812199
28,37733,0.792282
28,48394,0.784649
28,1500,0.777731
28,47610,0.771945
28,46976,0.771719
28,5902,0.769893
28,2019,0.754896
28,6377,0.740122
28,4848,0.737757
28,1258,0.7299
28,1441,0.726491
28,2791,0.724023
28,1090,0.722212
28,1250,0.718208
28,3753,0.715031
28,1261,0.712168
28,4886,0.710671
29,527,0.933638
29,2571,0.898656
29,1233,0.898422
29,1221,0.880253
29,58559,0.864276
29,593,0.861621
29,1196,0.845158
29,1203,0.83736
29,457,0.837113
29,912,0.826813
29,1214,0.826568
29,68157,0.825748
29,1200,0.82233
29,110,0.817303
29,1252,0.813284
29,480,0.812362
29,89745,0.81062
29,111,0.801988
29,541,0.795807
29,908,0.795225
30,2959,0.961769
30,356,0.95708
30,76093,0.948099
30,3578,0.947546
30,89745,0.941732
30,2028,0.912307
30,1197,0.908993
30,116797,0.907935
30,593,0.891581
30,1270,0.882764
30,134130,0.873579
30,858,0.872409
30,74458,0.863558
30,1,0.853852
30,122886,0.846257
30,68157,0.840039
30,99114,0.832556
30,1214,0.824889
30,87232,0.814026
30,70286,0.813239
31,1210,0.909722
31,260,0.908734
31,32,0.870597
31,1291,0.765787
31,589,0.76258
31,480,0.73731
31,608,0.734623
31,36,0.732159
31,1387,0.715789
31,1079,0.711251
31,150,0.700244
31,628,0.6953
31,858,0.695172
31,14,0.69136
31,457,0.687009
31,58,0.680097
31,802,0.672898
31,805,0.671214
31,95,0.668592
31,494,0.664362
32,17,0.893862
32,14,0.780866
32,805,0.750654
32,1210,0.743074
32,475,0.719973
32,112,0.719542
32,858,0.71718
32,508,0.716674
32,589,0.711897
32,235,0.701447
32,494,0.699751
32,457,0.685622
32,110,0.677988
32,5,0.677824
32,150,0.670842
32,356,0.670813
32,47,0.669837
32,151,0.661198
32,1291,0.660301
32,474,0.660156
33,1196,0.917541
33,260,0.915706
33,2329,0.890608
33,224,0.87615
33,2858,0.842257
33,357,0.82358
33,1912,0.80762
33,440,0.798216
33,1246,0.794323
33,590,0.774334
33,1608,0.770077
33,912,0.760486
33,595,0.757227
33,2599,0.754615
33,1517,0.75432
33,515,0.753962
33,538,0.752923
33,246,0.742879
33,1569,0.741742
33,3967,0.73833
34,4993,0.848822
34,2028,0.848688
34,4022,0.844842
34,4886,0.843772
34,5445,0.820559
34,5618,0.818882
34,6377,0.818269
34,7361,0.810808
34,3578,0.805256
34,1196,0.796396
34,260,0.793627
34,593,0.793013
34,7153,0.790354
34,5989,0.78561
34,1210,0.774484
34,527,0.767669
34,8961,0.767653
34,6863,0.767065
34,380,0.765483
34,6365,0.760752
35,457,0.948985
35,161,0.923517
35,356,0.877086
35,318,0.874026
35,380,0.853051
35,440,0.852349
35,539,0.852244
35,588,0.8454
35,296,0.839526
35,110,0.836259
35,292,0.832388
35,349,0.830948
35,329,0.821178
35,480,0.814026
35,454,0.808974
35,364,0.808108
35,34,0.807413
35,153,0.801105
35,597,0.797184
35,474,0.788222
36,1276,0.848609
36,1221,0.752725
36,858,0.744833
36,1207,0.742656
36,1089,0.728173
36,903,0.718103
36,1193,0.717787
36,912,0.703567
36,111,0.699936
36,1213,0.688014
36,1219,0.687048
36,50,0.678146
36,527,0.678031
36,1259,0.670439
36,953,0.661112
36,48516,0.660308
36,1204,0.657657
36,750,0.64002
36,2324,0.63693
36,1250,0.636216
37,480,0.92874
37,589,0.927412
37,110,0.926534
37,47,0.884361
37,161,0.849442
37,588,0.834132
37,377,0.826815
37,527,0.805639
37,10,0.801266
37,50,0.781803
37,32,0.781301
37,253,0.756256
37,434,0.747985
37,595,0.745655
37,339,0.732891
37,1,0.731389
37,185,0.726435
37,300,0.725439
37,454,0.716289
37,208,0.708182
38,34,0.834732
38,349,0.831965
38,587,0.78738
38,47,0.774209
38,316,0.767297
38,553,0.762311
38,589,0.752498
38,225,0.741545
38,474,0.734528
38,185,0.73387
38,265,0.723916
38,236,0.719722
38,344,0.711989
38,261,0.704465
38,1,0.698946
38,288,0.698489
38,165,0.682255
38,594,0.679589
38,272,0.676998
38,2,0.668276
39,480,0.904629
39,1,0.885822
39,3114,0.883665
39,912,0.878126
39,750,0.825594
39,2028,0.823886
39,919,0.822275
39,595,0.82029
39,1240,0.818542
39,34,0.815428
39,2542,0.795438
39,1208,0.7951
39,111,0.78372
39,1206,0.782178
39,293,0.779077
39,2959,0.777659
39,923,0.776963
39,3671,0.770043
39,1080,0.769276
39,2761,0.768251
40,161,0.930042
40,356,0.926392
40,497,0.903979
40,593,0.894251
40,293,0.887579
40,261,0.87305
40,253,0.869333
40,39,0.865358
40,50,0.848462
40,349,0.845013
40,475,0.844387
40,474,0.841819
40,539,0.837179
40,225,0.835011
40,508,0.834822
40,333,0.829361
40,282,0.825339
40,357,0.81849
40,11,0.817585
40,594,0.813414
41,106782,0.862304
41,318,0.851957
41,527,0.844012
41,4995,0.837861
41,3147,0.816689
41,63082,0.806143
41,106100,0.800373
41,44555,0.784594
41,1193,0.767767
41,40819,0.762522
41,44191,0.723045
41,6942,0.722813
41,56782,0.714917
41,8533,0.711726
41,1968,0.710908
41,74458,0.703933
41,2762,0.702207
41,89864,0.699863
41,91658,0.69559
41,51255,0.685681
42,2858,0.914042
42,589,0.886582
42,1193,0.822695
42,1198,0.816666
42,4011,0.813796
42,3897,0.806845
42,2916,0.802461
42,1259,0.8017
42,370,0.793107
42,377,0.79248
42,608,0.768708
42,2762,0.756368
42,3510,0.754824
42,2396,0.752667
42,2692,0.748618
42,1375,0.736144
42,2542,0.729572
42,480,0.729483
42,1220,0.728159
42,1584,0.727861
43,2,0.968402
43,62,0.916641
43,736,0.875564
43,32,0.843211
43,216,0.837407
43,19,0.831866
43,551,0.830932
43,593,0.830786
43,315,0.830433
43,333,0.828869
43,368,0.826926
43,524,0.813711
43,780,0.813437
43,474,0.809846
43,353,0.794543
43,252,0.793689
43,733,0.793617
43,508,0.790899
43,440,0.783317
43,266,0.774982
44,1073,0.886037
44,32,0.84526
44,608,0.838692
44,1356,0.819228
44,708,0.796916
44,25,0.77579
44,62,0.773451
44,628,0.761939
44,653,0.760203
44,17,0.752146
44,788,0.740058
44,858,0.732383
44,802,0.717759
44,1196,0.717162
44,719,0.714572
44,7,0.714069
44,832,0.707757
44,5,0.686257
44,637,0.681403
44,52,0.681165
45,16,0.898414
45,34,0.879867
45,4995,0.876981
45,2278,0.864916
45,2542,0.862094
45,1247,0.855453
45,3751,0.84944
45,592,0.844404
45,1275,0.843828
45,1222,0.843629
45,4226,0.840482
45,1466,0.838974
45,3988,0.834822
45,2000,0.829704
45,954,0.825931
45,2406,0.821776
45,3034,0.819482
45,5014,0.818539
45,2617,0.817973
45,3994,0.817075
46,150,0.933537
46,296,0.930234
46,356,0.906731
46,589,0.873949
46,480,0.864958
46,47,0.828417
46,329,0.806169
46,34,0.774187
46,377,0.731355
46,527,0.720967
46,500,0.701031
46,587,0.694755
46,21,0.691577
46,474,0.67671
46,597,0.670231
46,410,0.66855
46,317,0.664209
46,11,0.657842
46,2,0.644307
46,539,0.642842
47,527,0.848714
47,6377,0.769236
47,7361,0.763966
47,1704,0.746198
47,296,0.717979
47,1682,0.71504
47,1784,0.706582
47,1193,0.69723
47,6711,0.688309
47,1246,0.683354
47,1,0.679036
47,4995,0.676234
47,56367,0.669025
47,69757,0.667777
47,45720,0.662845
47,364,0.658249
47,88163,0.657419
47,81845,0.656434
47,1258,0.651497
47,112290,0.651109
48,1210,0.92082
48,4306,0.908922
48,4993,0.889809
48,3147,0.86249
48,260,0.862298
48,5952,0.862278
48,1240,0.858565
48,4995,0.858422
48,2028,0.858212
48,3578,0.855542
48,1196,0.855292
48,2628,0.855051
48,6539,0.852081
48,7153,0.846977
48,1374,0.841454
48,1291,0.828681
48,1097,0.824799
48,6365,0.819573
48,6377,0.818708
48,2716,0.817759
49,593,0.946462
49,2959,0.905257
49,260,0.90096
49,296,0.869899
49,3147,0.868106
49,1196,0.859699
49,1210,0.850113
49,2762,0.843423
49,1198,0.841704
49,589,0.839292
49,1,0.830766
49,858,0.822561
49,4306,0.806718
49,58559,0.794744
49,1270,0.793462
49,3578,0.790582
49,60069,0.786265
49,2858,0.783049
49,480,0.781671
49,68954,0.779204
50,1219,0.842052
50,1270,0.760521
50,1193,0.743242
50,134853,0.726973
50,7361,0.72087
50,1073,0.719643
50,92259,0.71277
50,81845,0.709903
50,4973,0.709874
50,1247,0.687452
50,1237,0.679369
50,1203,0.6789
50,1704,0.671905
50,106920,0.663375
50,47,0.662708
50,134130,0.654629
50,2324,0.654377
50,2858,0.654019
50,904,0.650216
50,1207,0.64607
51,1210,0.95769
51,7361,0.956923
51,318,0.939972
51,7090,0.93074
51,5669,0.9147
51,356,0.887121
51,3300,0.884093
51,590,0.878985
51,1219,0.860041
51,4720,0.858634
51,1073,0.853102
51,2671,0.852734
51,1125,0.842
51,1356,0.841802
51,4025,0.839981
51,1339,0.832181
51,1610,0.826763
51,6874,0.826672
51,1387,0.818644
51,29,0.818067
52,59315,0.969621
52,91529,0.930424
52,3578,0.888479
52,48780,0.883988
52,109487,0.869128
52,4993,0.842104
52,48394,0.841798
52,56782,0.839003
52,68157,0.836264
52,1,0.835272
52,54259,0.832255
52,33794,0.82994
52,4995,0.823256
52,5952,0.822617
52,6377,0.814151
52,111759,0.804827
52,56367,0.801054
52,32587,0.799909
52,4886,0.793815
52,55820,0.781695
53,3448,0.984739
53,553,0.959778
53,3174,0.867917
53,3105,0.866794
53,3429,0.857855
53,3147,0.856412
53,1257,0.853957
53,1080,0.853857
53,527,0.845778
53,2248,0.844049
53,1258,0.842251
53,2005,0.840204
53,3210,0.83515
53,235,0.833525
53,1265,0.832615
53,3,0.82698
53,529,0.823254
53,58559,0.821879
53,3809,0.820656
53,3363,0.820177
54,380,0.791159
54,527,0.762675
54,364,0.73652
54,349,0.73513
54,153,0.728678
54,165,0.727042
54,300,0.699126
54,292,0.698276
54,344,0.697034
54,34,0.696671
54,231,0.674827
54,253,0.662847
54,10,0.661542
54,434,0.660871
54,316,0.644294
54,367,0.643914
54,185,0.639762
54,597,0.620561
54,225,0.615715
54,357,0.615577
55,1221,0.890381
55,8665,0.829942
55,1234,0.812664
55,2329,0.799796
55,3949,0.798318
55,1653,0.786868
55,50,0.784258
55,3052,0.772507
55,223,0.77215
55,1213,0.766942
55,858,0.762849
55,5418,0.761071
55,44199,0.753037
55,1610,0.746045
55,49530,0.742688
55,2918,0.74116
55,55820,0.731969
55,1729,0.731734
55,44191,0.730485
55,2231,0.728656
56,150,0.914754
56,588,0.896959
56,590,0.888998
56,595,0.802876
56,377,0.797026
56,50,0.787766
56,339,0.769883
56,34,0.752671
56,500,0.742968
56,527,0.723049
56,300,0.714049
56,21,0.709082
56,1,0.705827
56,597,0.70482
56,587,0.701836
56,32,0.696648
56,474,0.689885
56,266,0.687378
56,586,0.6827
56,293,0.672837
57,1923,0.858853
57,1199,0.83217
57,318,0.825167
57,1225,0.822448
57,368,0.81983
57,1732,0.811987
57,898,0.801547
57,2890,0.796159
57,1625,0.787631
57,3508,0.777675
57,17,0.769377
57,1247,0.75788
57,930,0.756679
57,1233,0.756663
57,1262,0.754491
57,1213,0.749656
57,2502,0.746379
57,3147,0.74637
57,1267,0.74521
57,1719,0.739629
58,593,0.937776
58,34,0.882137
58,11,0.878483
58,316,0.860814
58,434,0.847681
58,553,0.836737
58,151,0.830214
58,329,0.827832
58,410,0.824598
58,1,0.818646
58,252,0.809508
58,236,0.788307
58,586,0.788008
58,10,0.787802
58,17,0.776321
58,2,0.768436
58,235,0.765358
58,272,0.762371
58,432,0.755298
58,442,0.755188
59,908,0.997654
59,1204,0.877047
59,2858,0.85566
59,1214,0.845387
59,1193,0.811777
59,1267,0.811128
59,1036,0.808627
59,1262,0.806363
59,1272,0.801326
59,457,0.780478
59,1198,0.776397
59,1291,0.775185
59,1225,0.774758
59,377,0.774334
59,1089,0.773396
59,1200,0.764082
59,1206,0.762638
59,1945,0.760554
59,1240,0.758845
59,1213,0.75865
60,1193,0.936437
60,2959,0.933327
60,2571,0.920547
60,1221,0.899282
60,296,0.89784
60,593,0.893484
60,356,0.881281
60,260,0.88064
60,79132,0.835889
60,2028,0.829072
60,1196,0.81805
60,608,0.789894
60,2858,0.78915
60,912,0.789133
60,1276,0.77403
60,1704,0.765757
60,1198,0.758226
60,110,0.74641
60,2324,0.740043
60,7361,0.72723
61,296,0.952912
61,2329,0.87493
61,2959,0.869647
61,541,0.820166
61,778,0.801653
61,6016,0.800807
61,48516,0.794545
61,47,0.790278
61,111,0.786214
61,1222,0.777981
61,2571,0.777179
61,1206,0.775038
61,79132,0.772767
61,608,0.761362
61,2858,0.749997
61,858,0.739231
61,1193,0.736186
61,58559,0.7316
61,4973,0.731268
61,68157,0.726833
62,589,0.931707
62,54286,0.917486
62,6016,0.915989
62,4022,0.896726
62,4226,0.886662
62,608,0.873933
62,1240,0.873301
62,134130,0.867585
62,6377,0.858214
62,106920,0.857392
62,1036,0.837806
62,57669,0.835626
62,46578,0.82951
62,59784,0.829309
62,1207,0.828056
62,68358,0.827832
62,2006,0.826659
62,8807,0.824137
62,16,0.821723
62,81591,0.821617
63,750,0.931819
63,68157,0.872688
63,593,0.862209
63,4973,0.84682
63,80463,0.806842
63,44191,0.80126
63,55820,0.793249
63,457,0.782336
63,70286,0.775188
63,541,0.77357
63,59315,0.773045
63,8961,0.756978
63,34405,0.75672
63,68237,0.751951
63,6377,0.751767
63,99114,0.739831
63,1197,0.738576
63,923,0.728177
63,904,0.71962
63,1079,0.719397
64,551,0.892758
64,431,0.83797
64,48394,0.802278
64,2081,0.798424
64,4848,0.795701
64,3578,0.787738
64,3703,0.782262
64,1304,0.774133
64,1200,0.766325
64,457,0.761985
64,5377,0.759087
64,3275,0.756029
64,1997,0.753045
64,4995,0.752236
64,1393,0.750317
64,337,0.749563
64,1333,0.74594
64,3081,0.745308
64,48780,0.743186
64,2985,0.740413
65,2571,0.939695
65,5952,0.860739
65,68157,0.834958
65,2324,0.833662
65,296,0.832977
65,1704,0.829477
65,91529,0.797176
65,99114,0.79582
65,48516,0.795267
65,356,0.783887
65,593,0.781567
65,68954,0.770362
65,50,0.748408
65,59315,0.738121
65,4995,0.737463
65,92259,0.736416
65,293,0.736052
65,3578,0.733853
65,6874,0.725653
65,2858,0.720978
66,1234,0.957429
66,1291,0.933152
66,1208,0.928948
66,1225,0.870574
66,1223,0.868585
66,1199,0.860275
66,1387,0.846091
66,1193,0.843362
66,2329,0.842065
66,750,0.834985
66,1278,0.833122
66,1276,0.830101
66,3147,0.826979
66,1148,0.807795
66,235,0.804698
66,150,0.80465
66,4022,0.80216
66,1967,0.800058
66,5669,0.796765
66,46578,0.791429
67,110,0.881636
67,1198,0.861902
67,260,0.859264
67,1196,0.844898
67,593,0.824781
67,4226,0.823154
67,58559,0.808355
67,1210,0.807481
67,3578,0.798046
67,5445,0.776723
67,2762,0.758924
67,527,0.757885
67,4995,0.75573
67,3147,0.754919
67,858,0.724088
67,68954,0.719744
67,5989,0.712898
67,1704,0.703029
67,4973,0.701
67,7361,0.695022
68,733,0.932892
68,1079,0.824533
68,1641,0.812037
68,37741,0.781944
68,1250,0.765389
68,5013,0.764129
68,2871,0.752778
68,5377,0.752154
68,3811,0.751171
68,105504,0.750077
68,61323,0.744097
68,91542,0.743649
68,1061,0.743447
68,3362,0.738722
68,7158,0.736842
68,908,0.734703
68,2580,0.730145
68,1246,0.729268
68,4992,0.727369
68,904,0.725943
69,2028,0.964766
69,110,0.918634
69,527,0.891759
69,1198,0.883007
69,2959,0.88121
69,858,0.853635
69,3578,0.845289
69,2858,0.825598
69,1214,0.820693
69,1200,0.815252
69,480,0.809977
69,1197,0.808357
69,1136,0.802288
69,750,0.789539
69,111,0.788731
69,2716,0.780586
69,1201,0.776989
69,4993,0.775425
69,780,0.774782
69,1213,0.767139
70,1961,0.947038
70,593,0.888802
70,2028,0.800981
70,1265,0.786342
70,1276,0.775581
70,1198,0.774263
70,912,0.76929
70,296,0.76544
70,1262,0.758996
70,2571,0.756819
70,1784,0.751142
70,1204,0.75094
70,1207,0.749397
70,1247,0.748317
70,30749,0.747745
70,1203,0.746132
70,5060,0.744964
70,590,0.739941
70,30707,0.73724
70,1387,0.734346
71,32,0.860871
71,6,0.827854
71,786,0.820596
71,141,0.795826
71,805,0.795153
71,1196,0.776159
71,1198,0.764935
71,1291,0.755497
71,858,0.751196
71,112,0.749883
71,25,0.749753
71,628,0.749225
71,1393,0.742942
71,1270,0.731094
71,104,0.725925
71,1214,0.724748
71,653,0.724558
71,832,0.719325
71,480,0.717349
71,36,0.71552
72,480,0.906645
72,2028,0.890737
72,2959,0.87458
72,1036,0.835434
72,608,0.817381
72,1240,0.796365
72,1213,0.775798
72,2762,0.762476
72,1214,0.754829
72,1291,0.740722
72,1,0.729263
72,7361,0.726286
72,1704,0.724327
72,1200,0.720288
72,10,0.718157
72,4226,0.713237
72,58559,0.707365
72,380,0.70507
72,6016,0.700826
72,1089,0.696603
73,50872,0.93766
73,2959,0.806405
73,2291,0.780652
73,60069,0.775378
73,318,0.771112
73,4027,0.766926
73,356,0.751256
73,1265,0.747976
73,80549,0.744872
73,88163,0.741667
73,81847,0.737049
73,1704,0.734344
73,79702,0.728737
73,3948,0.726919
73,112552,0.705886
73,44191,0.701449
73,81845,0.700188
73,76093,0.700065
73,69406,0.695578
73,5618,0.693969
74,2324,0.969142
74,7361,0.933626
74,904,0.920393
74,8949,0.904016
74,1172,0.902719
74,47,0.901852
74,1089,0.895958
74,3362,0.885309
74,2395,0.877382
74,3897,0.874204
74,912,0.873359
74,1276,0.860844
74,1997,0.855161
74,2329,0.849721
74,6502,0.848869
74,5902,0.848861
74,1248,0.846995
74,364,0.846749
74,293,0.846313
74,1245,0.840442
75,1210,0.85872
75,5349,0.789221
75,1584,0.761944
75,750,0.759187
75,1270,0.752391
75,110,0.740638
75,1201,0.730895
75,8636,0.728206
75,1221,0.728002
75,2028,0.723011
75,1,0.721492
75,2019,0.708326
75,904,0.704366
75,293,0.698474
75,1233,0.693633
75,480,0.693071
75,1356,0.691799
75,1247,0.690813
75,1127,0.68971
75,1258,0.686598
76,50,0.831596
76,1193,0.806749
76,48516,0.8018
76,1198,0.756697
76,1222,0.753645
76,924,0.748271
76,2329,0.745874
76,4993,0.733233
76,4011,0.709705
76,48780,0.7039
76,64614,0.687178
76,7361,0.684
76,293,0.67133
76,60069,0.667356
76,2028,0.666771
76,7438,0.657472
76,56367,0.649607
76,2997,0.6469
76,3578,0.646344
76,3949,0.64549
77,4306,0.911447
77,2959,0.910981
77,60069,0.859715
77,6377,0.858242
77,4886,0.852171
77,1291,0.850462
77,8368,0.841453
77,4896,0.83569
77,5445,0.832705
77,1197,0.812489
77,858,0.811287
77,6874,0.80595
77,4963,0.803273
77,2028,0.787421
77,59315,0.782045
77,5618,0.774542
77,318,0.76177
77,68954,0.759693
77,4995,0.75761
77,48516,0.746064
78,1210,0.879705
78,1196,0.857669
78,110,0.838695
78,47,0.823541
78,457,0.763187
78,733,0.756221
78,1214,0.702465
78,2028,0.685818
78,10,0.682856
78,592,0.664264
78,231,0.660674
78,527,0.658257
78,2858,0.657572
78,858,0.653415
78,50,0.644339
78,1387,0.64072
78,4993,0.638495
78,588,0.635158
78,2959,0.630737
78,1220,0.625636
79,1198,0.93895
79,1214,0.938256
79,1036,0.938159
79,110,0.913938
79,1270,0.86037
79,1233,0.849655
79,592,0.809758
79,1201,0.804151
79,1208,0.788857
79,2194,0.787428
79,356,0.786097
79,1213,0.782538
79,3703,0.78156
79,2115,0.769912
79,1089,0.757757
79,1617,0.754201
79,1265,0.742851
79,1097,0.736747
79,608,0.736328
79,1136,0.735721
80,68237,0.937727
80,7254,0.928346
80,2329,0.883349
80,5010,0.871789
80,64614,0.8661
80,34405,0.859016
80,69481,0.856156
80,1704,0.855594
80,88129,0.854936
80,80463,0.848614
80,3578,0.846667
80,87306,0.846112
80,33679,0.845408
80,36529,0.844686
80,223,0.843971
80,89745,0.843699
80,1073,0.839405
80,4022,0.834273
80,68157,0.833848
80,3949,0.828992
81,593,0.806191
81,590,0.788685
81,349,0.743418
81,292,0.691628
81,595,0.685944
81,434,0.666603
81,185,0.660815
81,454,0.659004
81,50,0.648788
81,527,0.640143
81,300,0.639068
81,253,0.637022
81,1,0.618388
81,339,0.612448
81,34,0.610114
81,225,0.581214
81,780,0.5718
81,500,0.555376
81,2571,0.533977
81,597,0.5337
82,377,0.885888
82,1240,0.822598
82,2194,0.809929
82,1917,0.769382
82,5952,0.745929
82,736,0.723423
82,1408,0.721173
82,457,0.709685
82,1954,0.707671
82,318,0.698628
82,296,0.698392
82,3175,0.692995
82,2167,0.692954
82,32,0.692721
82,2019,0.68991
82,2002,0.689301
82,70,0.682347
82,5574,0.67224
82,1356,0.667754
82,500,0.661405
83,527,0.932553
83,4878,0.827548
83,2571,0.821042
83,60069,0.780296
83,7361,0.771864
83,5989,0.762445
83,3996,0.757882
83,33794,0.740551
83,2959,0.739089
83,5618,0.725801
83,593,0.717612
83,48516,0.716771
83,1721,0.708727
83,1208,0.705822
83,1584,0.697683
83,5445,0.696073
83,899,0.694889
83,92259,0.672756
83,1197,0.670812
83,56174,0.661277
84,1278,0.919668
84,497,0.854185
84,1204,0.852605
84,1221,0.833971
84,1233,0.829704
84,648,0.821197
84,32,0.814474
84,903,0.806531
84,589,0.804274
84,249,0.785741
84,2019,0.78364
84,2248,0.779923
84,1183,0.774967
84,39,0.771147
84,1086,0.769971
84,110,0.767258
84,307,0.761629
84,1201,0.759497
84,376,0.757311
84,553,0.755929
85,2324,0.933736
85,903,0.824244
85,36,0.804702
85,904,0.789099
85,1060,0.775701
85,318,0.773545
85,608,0.771848
85,593,0.767955
85,1225,0.762326
85,17,0.759899
85,1617,0.749395
85,1219,0.74922
85,1172,0.744954
85,912,0.741867
85,58,0.741503
85,3147,0.732569
85,265,0.732239
85,2336,0.732062
85,2762,0.727778
85,215,0.721035
86,110,0.921066
86,527,0.849303
86,593,0.841753
86,364,0.821235
86,589,0.776424
86,1036,0.75973
86,1270,0.758416
86,4995,0.75722
86,296,0.757209
86,1198,0.746235
86,150,0.746193
86,1580,0.741006
86,6874,0.736598
86,68954,0.732633
86,858,0.730521
86,4973,0.725711
86,3114,0.722738
86,2329,0.715447
86,5989,0.711129
86,377,0.709932
87,750,0.9536
87,1197,0.913045
87,1199,0.845548
87,4878,0.840454
87,31658,0.818034
87,6016,0.813818
87,5902,0.807901
87,56367,0.806279
87,3000,0.794602
87,7099,0.783446
87,5952,0.775262
87,2968,0.77474
87,260,0.769732
87,541,0.767442
87,4993,0.766491
87,7361,0.764945
87,7153,0.74879
87,6502,0.740765
87,29,0.736264
87,6711,0.73162
88,2329,0.95224
88,2959,0.926894
88,7361,0.840374
88,3147,0.822719
88,6016,0.798534
88,296,0.790451
88,48780,0.787245
88,1704,0.777842
88,1213,0.76179
88,6539,0.757676
88,4011,0.754015
88,2858,0.74852
88,1089,0.745641
88,778,0.732183
88,33794,0.727917
88,3949,0.727607
88,4034,0.727457
88,2571,0.723192
88,6377,0.722551
88,47,0.719717
89,720,0.902478
89,1193,0.900737
89,293,0.880988
89,4027,0.870336
89,5902,0.857157
89,4718,0.853791
89,6377,0.84996
89,1282,0.844884
89,68954,0.831733
89,7317,0.812984
89,1304,0.810541
89,457,0.807416
89,8961,0.805298
89,134368,0.803497
89,96079,0.801562
89,51935,0.79898
89,2700,0.79822
89,1199,0.795294
89,60069,0.792631
89,95441,0.792031
90,1210,0.931645
90,648,0.878893
90,628,0.875518
90,736,0.863912
90,6,0.857167
90,1393,0.826105
90,62,0.790429
90,800,0.790109
90,1196,0.779739
90,786,0.776953
90,778,0.760758
90,661,0.74139
90,494,0.740487
90,852,0.740279
90,733,0.739343
90,112,0.734829
90,515,0.730404
90,140,0.726616
90,802,0.72621
90,475,0.723935
91,1203,0.904189
91,1784,0.875782
91,7361,0.850293
91,527,0.843419
91,1732,0.830176
91,6377,0.828459
91,2324,0.820534
91,1175,0.802231
91,4848,0.781292
91,1639,0.776672
91,1252,0.776224
91,4995,0.774625
91,1222,0.767393
91,4973,0.763393
91,497,0.756013
91,508,0.748654
91,34,0.742843
91,2490,0.741353
91,5010,0.728948
91,2005,0.726675
92,2078,0.924031
92,3034,0.899112
92,1029,0.861262
92,34,0.859223
92,2080,0.854888
92,1084,0.844888
92,1022,0.831727
92,1025,0.827048
92,1033,0.821483
92,3988,0.813475
92,55820,0.809297
92,262,0.804433
92,2294,0.797888
92,6502,0.793304
92,2018,0.790584
92,1032,0.786395
92,1282,0.785546
92,2396,0.784387
92,261,0.778471
92,1569,0.777603
93,457,0.931191
93,2571,0.917399
93,780,0.915579
93,589,0.891368
93,296,0.890099
93,1210,0.882868
93,364,0.872314
93,2115,0.864408
93,592,0.854891
93,1527,0.842754
93,500,0.833853
93,208,0.83297
93,3147,0.825365
93,50,0.825191
93,1291,0.822353
93,292,0.819922
93,377,0.817482
93,3114,0.816426
93,1584,0.815532
93,529,0.80544
94,454,0.816816
94,349,0.807473
94,595,0.796502
94,339,0.728484
94,300,0.709834
94,527,0.683518
94,539,0.666359
94,50,0.654526
94,1,0.645429
94,474,0.63543
94,440,0.587299
94,111,0.582284
94,780,0.58091
94,648,0.564694
94,236,0.548697
94,509,0.545389
94,252,0.536683
94,350,0.534036
94,736,0.524106
94,293,0.524017
95,1197,0.900519
95,1097,0.889009
95,1127,0.880664
95,16,0.863005
95,4963,0.850132
95,4993,0.818956
95,5502,0.816363
95,1610,0.809778
95,2890,0.808248
95,7153,0.785978
95,1262,0.78317
95,2194,0.776467
95,1394,0.768633
95,3000,0.763952
95,2529,0.760016
95,1233,0.759624
95,5991,0.758993
95,1090,0.758857
95,6,0.757802
95,5673,0.757353
96,1196,0.918011
96,356,0.820073
96,593,0.818623
96,1240,0.813328
96,47,0.791247
96,457,0.77401
96,608,0.752307
96,912,0.738033
96,1580,0.730138
96,1213,0.725006
96,318,0.714928
96,1201,0.69638
96,592,0.695534
96,1270,0.692361
96,2194,0.683651
96,1408,0.676221
96,2692,0.673785
96,1923,0.66638
96,588,0.664685
96,1573,0.662367
97,260,0.963601
97,1198,0.932995
97,1196,0.919664
97,5952,0.901576
97,2959,0.89634
97,527,0.868629
97,318,0.86251
97,1221,0.854369
97,5349,0.848522
97,356,0.844009
97,7153,0.836804
97,110,0.809874
97,3753,0.805993
97,5445,0.794647
97,3948,0.792735
97,2762,0.788179
97,1580,0.784921
97,4226,0.784231
97,912,0.779499
97,6539,0.778301
98,109374,0.892944
98,68954,0.889579
98,6377,0.881264
98,112552,0.879992
98,1198,0.87109
98,76093,0.851788
98,78499,0.848966
98,527,0.848076
98,58559,0.840189
98,318,0.837132
98,2762,0.827785
98,1387,0.813737
98,92259,0.805422
98,1291,0.804398
98,152081,0.802114
98,2959,0.800629
98,293,0.796871
98,168252,0.792951
98,60069,0.790771
98,3949,0.789218
99,110,0.988928
99,356,0.984458
99,457,0.952829
99,589,0.918469
99,454,0.916323
99,47,0.884104
99,590,0.87383
99,329,0.852219
99,593,0.8512
99,208,0.838332
99,595,0.838316
99,364,0.836171
99,480,0.833776
99,377,0.826919
99,50,0.818963
99,185,0.81192
99,300,0.797211
99,527,0.795651
99,553,0.795088
99,317,0.787138
100,1704,0.873257
100,1259,0.868386
100,150,0.867246
100,39,0.865149
100,440,0.853181
100,2918,0.851356
100,2797,0.840468
100,1073,0.834609
100,1247,0.830734
100,1208,0.823706
100,4963,0.820712
100,527,0.816659
100,318,0.814752
100,3147,0.804457
100,1569,0.799462
100,110,0.784277
100,708,0.784222
100,524,0.781416
100,1394,0.780429
100,953,0.778015
101,2571,0.946956
101,4011,0.820877
101,1196,0.816263
101,2028,0.809808
101,260,0.793359
101,2329,0.786086
101,1653,0.782836
101,541,0.78088
101,1198,0.77628
101,4034,0.772508
101,1923,0.762099
101,3996,0.758802
101,1673,0.752672
101,1732,0.748694
101,1197,0.744995
101,2628,0.743626
101,3753,0.740132
101,1580,0.738956
101,2763,0.738601
101,2572,0.736351
102,110,0.88663
102,292,0.78934
102,595,0.776644
102,225,0.760142
102,50,0.759954
102,316,0.750884
102,208,0.734691
102,10,0.731194
102,185,0.730808
102,597,0.728256
102,527,0.727663
102,367,0.718991
102,300,0.71659
102,587,0.712342
102,34,0.70803
102,339,0.684298
102,317,0.666105
102,337,0.655502
102,410,0.649519
102,353,0.642629
103,1220,0.951832
103,47,0.887916
103,1136,0.884459
103,778,0.873531
103,553,0.870025
103,4963,0.849231
103,1304,0.832793
103,3578,0.825229
103,30810,0.80127
103,2268,0.79315
103,4979,0.791519
103,74458,0.789933
103,1262,0.784408
103,362,0.782936
103,5464,0.780914
103,3868,0.775776
103,2160,0.774878
103,4995,0.771927
103,3911,0.771712
103,63082,0.771672
104,2858,0.858047
104,3052,0.854877
104,1035,0.836918
104,899,0.831221
104,1721,0.823207
104,296,0.812749
104,4995,0.809792
104,750,0.809267
104,5989,0.807241
104,1210,0.807052
104,912,0.797555
104,903,0.792016
104,345,0.783353
104,593,0.780377
104,1080,0.779581
104,88125,0.773214
104,44191,0.766143
104,1500,0.760656
104,40629,0.755677
104,1196,0.753374
105,1732,0.895608
105,1136,0.890437
105,52722,0.874837
105,3994,0.871682
105,1080,0.866813
105,4246,0.842895
105,357,0.842603
105,1200,0.84204
105,6807,0.83991
105,4816,0.829084
105,88163,0.826938
105,31410,0.824173
105,54286,0.82387
105,6378,0.822345
105,2791,0.821752
105,5254,0.821446
105,1197,0.82073
105,380,0.81966
105,68358,0.816678
105,2318,0.815358
106,5816,0.931476
106,54001,0.92844
106,4886,0.875265
106,4306,0.871805
106,68954,0.864605
106,60069,0.841692
106,89745,0.831738
106,58559,0.82738
106,8961,0.82593
106,76093,0.82474
106,6377,0.804831
106,116797,0.801671
106,79132,0.790937
106,98809,0.784396
106,3578,0.780762
106,260,0.77842
106,33794,0.776764
106,79091,0.774017
106,356,0.764186
106,8360,0.756855
107,356,0.9618
107,593,0.944306
107,457,0.914976
107,480,0.911171
107,589,0.896693
107,588,0.872386
107,454,0.872335
107,47,0.856282
107,592,0.851019
107,32,0.841506
107,595,0.833479
107,339,0.825337
107,300,0.822318
107,364,0.810205
107,50,0.809594
107,225,0.79548
107,288,0.788741
107,780,0.779689
107,587,0.776395
107,377,0.759443
108,5377,0.929227
108,5902,0.87704
108,4979,0.875436
108,6218,0.845026
108,2692,0.842216
108,4886,0.840407
108,2028,0.832956
108,4226,0.827181
108,4963,0.811755
108,2671,0.808798
108,4022,0.802721
108,7361,0.801324
108,5991,0.798002
108,5816,0.797972
108,1210,0.797627
108,4306,0.796337
108,3408,0.791657
108,6711,0.790675
108,1246,0.780704
108,4014,0.775296
109,608,0.838492
109,337,0.831222
109,10,0.82811
109,1,0.827445
109,508,0.81608
109,339,0.809548
109,539,0.804425
109,224,0.804277
109,293,0.802499
109,350,0.796606
109,95,0.794691
109,141,0.792398
109,225,0.790896
109,17,0.787191
109,434,0.776078
109,292,0.772895
109,265,0.770555
109,316,0.761695
109,595,0.76151
109,648,0.761005
110,858,0.907789
110,50,0.899458
110,318,0.895694
110,593,0.890575
110,2329,0.872267
110,7361,0.849579
110,1221,0.846652
110,356,0.823857
110,1213,0.818788
110,750,0.753677
110,4226,0.744895
110,1136,0.740325
110,293,0.737039
110,260,0.736694
110,44555,0.725691
110,1196,0.713204
110,904,0.712957
110,1247,0.704767
110,1225,0.700243
110,5618,0.693025
111,80549,0.919241
111,76093,0.851801
111,3147,0.813943
111,4571,0.799349
111,32,0.797007
111,2641,0.782422
111,94677,0.781297
111,1213,0.779016
111,96821,0.778321
111,58047,0.768927
111,88163,0.757304
111,104374,0.756609
111,216,0.755168
111,6942,0.752186
111,175,0.751447
111,2502,0.750336
111,6502,0.750271
111,367,0.748342
111,64969,0.747237
111,527,0.745399
112,318,0.91806
112,296,0.832291
112,589,0.73836
112,527,0.674235
112,2959,0.664075
112,457,0.655091
112,858,0.648571
112,608,0.615312
112,590,0.604798
112,1197,0.60282
112,2329,0.600014
112,1036,0.598915
112,1291,0.598066
112,736,0.591084
112,74458,0.587525
112,60069,0.586194
112,648,0.582758
112,1213,0.582258
112,48516,0.574695
112,89745,0.571212
113,608,0.939526
113,910,0.878955
113,3671,0.865998
113,2762,0.855284
113,2396,0.843115
113,2028,0.839258
113,913,0.835231
113,1252,0.827967
113,1267,0.822623
113,1608,0.819175
113,2628,0.817233
113,296,0.815312
113,1968,0.815159
113,1219,0.814961
113,750,0.805781
113,914,0.803101
113,1272,0.795302
113,47,0.794712
113,2150,0.792789
113,2529,0.792224
114,7153,0.879889
114,4993,0.848613
114,5952,0.811656
114,4886,0.774087
114,6539,0.757933
114,68954,0.753128
114,76093,0.736342
114,5618,0.733191
114,112852,0.719834
114,1198,0.71697
114,2571,0.71243
114,79132,0.710946
114,50872,0.710186
114,72998,0.707291
114,318,0.706516
114,1291,0.696585
114,1196,0.696218
114,116797,0.695447
114,59315,0.689917
114,109487,0.688396
115,356,0.963094
115,1210,0.945664
115,527,0.93335
115,318,0.836019
115,2791,0.827877
115,1213,0.825755
115,377,0.820166
115,1136,0.816638
115,1214,0.81493
115,150,0.807072
115,2396,0.796418
115,1517,0.791505
115,2628,0.791339
115,2502,0.788708
115,1270,0.787278
115,2683,0.78286
115,1036,0.776243
115,1673,0.767871
115,1197,0.767292
115,344,0.762749
116,648,0.887543
116,587,0.833216
116,1097,0.804877
116,110,0.799152
116,1259,0.791825
116,380,0.790351
116,2028,0.783536
116,2762,0.775938
116,595,0.775221
116,10,0.772857
116,1580,0.76733
116,296,0.765679
116,1240,0.763038
116,2571,0.750392
116,364,0.745832
116,912,0.73817
116,588,0.734749
116,2396,0.733293
116,2791,0.731468
116,1210,0.730159
117,95,0.784951
117,1,0.754615
117,337,0.720912
117,1073,0.712104
117,265,0.705604
117,16,0.691519
117,25,0.690942
117,163,0.682833
117,509,0.67025
117,208,0.653307
117,376,0.652789
117,223,0.612426
117,112,0.609638
117,1356,0.606025
117,14,0.597071
117,104,0.596583
117,111,0.596076
117,22,0.595646
117,246,0.593317
117,371,0.590262
118,593,0.926988
118,318,0.864105
118,50,0.832526
118,1193,0.809549
118,110,0.809466
118,2571,0.778935
118,356,0.777242
118,47,0.775694
118,260,0.764401
118,2959,0.755969
118,1210,0.733841
118,1089,0.731387
118,1704,0.707291
118,589,0.703796
118,2858,0.696436
118,1036,0.696006
118,6016,0.689595
118,778,0.679094
118,480,0.656543
118,111,0.640684
119,109487,0.953474
119,134130,0.900822
119,2959,0.843377
119,48780,0.795902
119,2762,0.790818
119,112852,0.790346
119,111759,0.78886
119,89745,0.786132
119,59315,0.78153
119,215,0.771221
119,8368,0.769711
119,1704,0.766626
119,7438,0.766277
119,588,0.763238
119,4816,0.762441
119,7143,0.754057
119,6874,0.746415
119,8641,0.745455
119,6373,0.74134
119,122886,0.740859
120,1,0.887007
120,1356,0.870824
120,786,0.792709
120,62,0.789337
120,25,0.784238
120,95,0.776147
120,1196,0.769497
120,661,0.7677
120,6,0.765436
120,805,0.761693
120,788,0.753644
120,628,0.753084
120,494,0.746219
120,36,0.73649
120,104,0.731625
120,1198,0.726966
120,1393,0.72333
120,112,0.716215
120,17,0.712488
120,14,0.711098
121,593,0.877456
121,50,0.829087
121,480,0.81658
121,589,0.800597
121,339,0.77341
121,153,0.770348
121,32,0.770014
121,588,0.76288
121,329,0.759417
121,21,0.756387
121,587,0.754622
121,185,0.74106
121,165,0.737874
121,34,0.730232
121,208,0.724493
121,364,0.719258
121,500,0.699644
121,357,0.697717
121,350,0.681543
121,231,0.679815
122,750,0.968575
122,2700,0.95775
122,2908,0.951922
122,7361,0.939906
122,2858,0.933002
122,223,0.931593
122,4878,0.930448
122,1193,0.924227
122,2329,0.91315
122,70286,0.911891
122,96610,0.894687
122,111759,0.894019
122,89745,0.889423
122,6874,0.888906
122,2683,0.880764
122,68358,0.873145
122,50872,0.872219
122,1215,0.862377
122,1,0.858568
122,2706,0.856903
123,58559,0.923266
123,91529,0.863472
123,356,0.80794
123,74458,0.797711
123,110,0.790566
123,68954,0.788968
123,2028,0.786032
123,48516,0.754128
123,50,0.733956
123,858,0.730413
123,106782,0.725129
123,64614,0.722874
123,3578,0.719855
123,1213,0.717462
123,527,0.715171
123,1198,0.701119
123,109374,0.69918
123,115713,0.693412
123,6874,0.68837
123,608,0.686272
124,2571,0.92505
124,2959,0.920616
124,527,0.87729
124,1704,0.806486
124,858,0.802176
124,4973,0.778704
124,2028,0.768428
124,47,0.760147
124,2762,0.759249
124,79132,0.734392
124,48516,0.700533
124,2324,0.699383
124,32,0.69243
124,778,0.689146
124,1221,0.68754
124,1193,0.683571
124,150,0.682825
124,6016,0.682041
124,1089,0.673353
124,1580,0.6702
125,4886,0.899285
125,4306,0.891259
125,527,0.874099
125,116797,0.864724
125,1527,0.863504
125,3168,0.862616
125,1090,0.853499
125,541,0.834861
125,48780,0.829373
125,260,0.827233
125,5989,0.825829
125,1214,0.823814
125,86880,0.822407
125,1196,0.821956
125,115149,0.818239
125,1235,0.815283
125,778,0.815264
125,1079,0.80992
125,163,0.809068
125,2572,0.805541
126,10,0.824027
126,527,0.786164
126,225,0.739459
126,50,0.730377
126,1,0.722613
126,597,0.718805
126,587,0.707018
126,2,0.690535
126,32,0.688805
126,474,0.674159
126,317,0.670785
126,539,0.668064
126,780,0.642546
126,21,0.631152
126,266,0.630696
126,11,0.622798
126,39,0.617915
126,111,0.612063
126,648,0.59854
126,357,0.598259
127,904,0.866011
127,1207,0.830989
127,1234,0.829127
127,1148,0.813717
127,1250,0.798276
127,1278,0.790634
127,919,0.769813
127,2302,0.75201
127,1262,0.743672
127,1204,0.727424
127,898,0.726495
127,1269,0.7255
127,1136,0.72416
127,1219,0.723451
127,1252,0.721155
127,2324,0.720218
127,1304,0.716247
127,1247,0.714897
127,2186,0.711448
127,933,0.710359
128,858,0.950827
128,1210,0.861938
128,1221,0.846212
128,1214,0.833699
128,1213,0.827645
128,111,0.820917
128,903,0.802494
128,4993,0.799106
128,1276,0.796891
128,750,0.796503
128,318,0.793297
128,1197,0.791643
128,1258,0.774264
128,2571,0.771385
128,589,0.764846
128,1207,0.758829
128,1247,0.758226
128,1252,0.756
128,7153,0.754484
128,527,0.752633
129,5349,0.904676
129,8636,0.903697
129,2762,0.823307
129,8961,0.817678
129,2716,0.801238
129,1917,0.785366
129,5989,0.782811
129,1580,0.775103
129,1653,0.771985
129,1214,0.765236
129,589,0.76133
129,7361,0.755169
129,1198,0.749945
129,6377,0.746943
129,293,0.743479
129,4973,0.742354
129,1036,0.740973
129,1240,0.739789
129,1291,0.737994
129,356,0.737723
130,356,0.903474
130,457,0.89717
130,480,0.877153
130,589,0.867874
130,593,0.835478
130,47,0.781802
130,454,0.781386
130,10,0.772816
130,377,0.756749
130,50,0.734004
130,364,0.725775
130,34,0.725703
130,527,0.723463
130,32,0.70175
130,288,0.699271
130,367,0.696365
130,587,0.645534
130,500,0.639022
130,474,0.63728
130,21,0.631655
131,2959,0.880625
131,1198,0.825557
131,527,0.74968
131,68157,0.675073
131,904,0.668121
131,1201,0.657916
131,912,0.649266
131,750,0.636365
131,1208,0.631162
131,1197,0.623755
131,1036,0.622726
131,1222,0.621965
131,1210,0.61623
131,4973,0.60757
131,1291,0.603086
131,2762,0.602502
131,6874,0.601832
131,99114,0.599294
131,1704,0.597855
131,48394,0.58983
132,5989,0.84218
132,527,0.813821
132,66097,0.794239
132,2692,0.787367
132,3000,0.777962
132,608,0.765559
132,4979,0.760447
132,5445,0.758896
132,2762,0.752261
132,3147,0.730332
132,2160,0.723888
132,597,0.723033
132,49272,0.71732
132,6016,0.712594
132,3408,0.707824
132,3363,0.705444
132,5013,0.702632
132,1080,0.698502
132,1617,0.691908
132,111,0.691602
133,161,0.80489
133,165,0.777965
133,292,0.767241
133,329,0.744047
133,10,0.73456
133,316,0.725216
133,344,0.71943
133,339,0.709332
133,231,0.68885
133,500,0.686326
133,595,0.685208
133,1,0.683538
133,208,0.678547
133,434,0.677634
133,364,0.671388
133,21,0.659024
133,597,0.650474
133,225,0.641553
133,587,0.630821
133,39,0.627106
134,356,0.937241
134,318,0.928541
134,480,0.903045
134,457,0.890555
134,165,0.859119
134,150,0.851192
134,589,0.847419
134,292,0.826645
134,329,0.777206
134,377,0.77496
134,10,0.774726
134,527,0.766247
134,185,0.760672
134,225,0.748834
134,300,0.746547
134,339,0.741966
134,34,0.739497
134,50,0.727261
134,266,0.719848
134,500,0.713105
135,356,0.903068
135,1089,0.884041
135,1617,0.875931
135,2797,0.867575
135,1222,0.83807
135,1270,0.837598
135,1784,0.823571
135,2918,0.821129
135,2617,0.811216
135,1275,0.810383
135,316,0.807616
135,10,0.807146
135,1219,0.802783
135,1748,0.797645
135,6,0.788063
135,253,0.785088
135,5618,0.783646
135,1266,0.779117
135,2716,0.777582
135,590,0.776637
136,318,0.914641
136,356,0.913256
136,474,0.898933
136,508,0.832796
136,288,0.830215
136,223,0.824064
136,589,0.813319
136,368,0.806074
136,236,0.805363
136,377,0.796006
136,485,0.794248
136,261,0.793713
136,520,0.793694
136,539,0.792139
136,480,0.791159
136,587,0.787953
136,22,0.784269
136,39,0.783446
136,594,0.781652
136,50,0.780269
137,2858,0.943499
137,1265,0.837255
137,1213,0.816555
137,1269,0.790931
137,1387,0.782898
137,2791,0.781675
137,2019,0.768384
137,1276,0.76537
137,1234,0.763
137,898,0.762658
137,926,0.744499
137,1263,0.738265
137,4886,0.73379
137,1945,0.73066
137,3730,0.729323
137,1617,0.728758
137,1287,0.722275
137,1240,0.716459
137,457,0.712477
137,6016,0.710567
138,2791,0.892541
138,3578,0.87714
138,3300,0.836111
138,1282,0.835824
138,913,0.826934
138,1172,0.826159
138,1197,0.818807
138,60069,0.800013
138,1196,0.796021
138,1387,0.794423
138,1200,0.790464
138,3555,0.782129
138,1270,0.777869
138,2944,0.777226
138,5060,0.771966
138,1250,0.763845
138,1304,0.763226
138,4034,0.761458
138,1244,0.759231
138,3755,0.756845
139,112852,0.762759
139,73017,0.710965
139,4963,0.687128
139,8636,0.6797
139,60069,0.665472
139,111759,0.65865
139,40815,0.653798
139,88125,0.651322
139,111362,0.626648
139,5378,0.624339
139,81834,0.623645
139,4896,0.623264
139,41566,0.61765
139,4011,0.617102
139,6377,0.61597
139,44191,0.606241
139,109487,0.604226
139,50872,0.603979
139,31696,0.59877
139,45499,0.595897
140,3996,0.836526
140,1527,0.835551
140,1954,0.812504
140,1206,0.808585
140,3510,0.806998
140,8368,0.804739
140,55247,0.799423
140,3499,0.796106
140,3421,0.795114
140,2231,0.788836
140,1303,0.785433
140,5816,0.781097
140,1253,0.774442
140,6711,0.769662
140,40815,0.7669
140,300,0.766485
140,3418,0.764471
140,2366,0.760132
140,329,0.75995
140,168,0.756766
141,2858,0.902063
141,48780,0.893931
141,2329,0.885002
141,4995,0.841194
141,49272,0.814889
141,5816,0.804523
141,68157,0.801028
141,79132,0.786825
141,2762,0.782052
141,1136,0.78072
141,74458,0.768861
141,3793,0.754564
141,89745,0.744911
141,63082,0.744203
141,1721,0.742763
141,3996,0.742228
141,593,0.741941
141,8665,0.741432
141,41566,0.741011
141,7361,0.738522
142,318,0.95069
142,110,0.878294
142,300,0.791681
142,454,0.762534
142,316,0.732447
142,339,0.731711
142,153,0.729473
142,329,0.727993
142,253,0.726828
142,10,0.712393
142,1,0.698946
142,500,0.689128
142,185,0.684793
142,597,0.669347
142,32,0.652675
142,21,0.650658
142,587,0.650519
142,39,0.642597
142,208,0.640727
142,539,0.637411
143,8961,0.883171
143,58559,0.8692
143,80549,0.849463
143,88163,0.83506
143,50872,0.823993
143,912,0.821246
143,7451,0.814685
143,45720,0.793845
143,588,0.793813
143,88810,0.792898
143,56367,0.783141
143,1,0.781607
143,2248,0.781104
143,40629,0.772921
143,81845,0.770964
143,2959,0.769692
143,5299,0.76483
143,2762,0.763219
143,34162,0.76098
143,364,0.756961
144,318,0.940025
144,595,0.868261
144,457,0.84449
144,2324,0.820525
144,1721,0.814891
144,4896,0.790755
144,1097,0.783021
144,4886,0.779967
144,608,0.777733
144,2692,0.769244
144,1270,0.760498
144,4995,0.757933
144,50,0.757729
144,367,0.756331
144,2797,0.747959
144,1210,0.74089
144,260,0.739635
144,4022,0.737884
144,2997,0.733266
144,165,0.733111
145,356,0.912026
145,457,0.884816
145,593,0.882207
145,110,0.85639
145,480,0.846064
145,589,0.834909
145,47,0.821316
145,349,0.787897
145,34,0.733229
145,32,0.733224
145,454,0.730258
145,253,0.722902
145,364,0.720611
145,10,0.715225
145,527,0.695674
145,377,0.694173
145,185,0.681727
145,288,0.676728
145,225,0.650184
145,367,0.643755
146,8641,0.810828
146,19,0.777686
146,30707,0.751478
146,165,0.744173
146,616,0.742544
146,837,0.733078
146,30825,0.729053
146,50,0.728034
146,296,0.712271
146,2791,0.71204
146,318,0.706701
146,3081,0.702608
146,150,0.701698
146,48780,0.700416
146,1921,0.694699
146,1702,0.690403
146,58559,0.689394
146,69122,0.689223
146,1028,0.689115
146,8984,0.688839
147,223,0.875182
147,293,0.874668
147,2324,0.865041
147,6,0.834816
147,353,0.80299
147,2542,0.799235
147,350,0.794903
147,440,0.79399
147,594,0.782863
147,551,0.77797
147,22,0.769335
147,2580,0.766536
147,252,0.754767
147,1090,0.74872
147,435,0.747895
147,1208,0.747532
147,16,0.741768
147,1148,0.739944
147,1500,0.724786
147,520,0.724727
148,58559,0.904492
148,109487,0.885092
148,59315,0.868185
148,8961,0.861468
148,122904,0.854383
148,91529,0.844237
148,81845,0.839926
148,4306,0.831864
148,6539,0.805323
148,260,0.785787
148,78499,0.777832
148,2571,0.772028
148,33794,0.763362
148,77561,0.741447
148,134130,0.734121
148,1198,0.719221
148,318,0.71588
148,95167,0.714401
148,111759,0.713917
148,74458,0.713689
149,1198,0.829361
149,3527,0.78574
149,733,0.769868
149,1653,0.756081
149,1376,0.750284
149,1291,0.744533
149,1921,0.724862
149,592,0.724091
149,110,0.706891
149,1199,0.705105
149,1208,0.694154
149,1036,0.691734
149,1909,0.690544
149,3471,0.689597
149,2571,0.68837
149,858,0.685146
149,2529,0.685037
149,2916,0.680647
149,608,0.676938
149,2640,0.675761
150,736,0.853663
150,260,0.778431
150,1,0.774929
150,17,0.754711
150,112,0.716461
150,708,0.709275
150,802,0.703739
150,14,0.691587
150,1393,0.680861
150,1210,0.678063
150,104,0.669861
150,788,0.669569
150,661,0.667903
150,852,0.653454
150,719,0.624144
150,832,0.622186
150,140,0.606956
150,858,0.59478
150,9,0.589239
150,74,0.588149
151,1356,0.906144
151,733,0.859181
151,260,0.857141
151,32,0.806837
151,637,0.791253
151,608,0.780711
151,494,0.777357
151,5,0.777279
151,112,0.761452
151,17,0.75694
151,653,0.755707
151,805,0.751853
151,7,0.751056
151,628,0.750189
151,708,0.749808
151,1210,0.727863
151,783,0.722116
151,1042,0.713798
151,36,0.711761
151,6,0.709948
152,68157,0.921351
152,1089,0.899656
152,2028,0.89891
152,356,0.883312
152,4226,0.874344
152,4973,0.850594
152,912,0.845848
152,99114,0.835129
152,74458,0.805508
152,1247,0.802407
152,7153,0.79781
152,3949,0.796064
152,1208,0.79149
152,1276,0.789879
152,4993,0.78859
152,5952,0.77544
152,91529,0.773457
152,63082,0.767881
152,55820,0.765788
152,1704,0.765402
153,5618,0.790068
153,6016,0.747033
153,79132,0.736237
153,2762,0.704023
153,318,0.69566
153,1968,0.68815
153,2028,0.684478
153,1265,0.65871
153,2712,0.657228
153,3147,0.655805
153,2692,0.648802
153,1784,0.647957
153,27773,0.647268
153,116797,0.644411
153,97938,0.642684
153,5989,0.638974
153,593,0.637425
153,88163,0.635624
153,44555,0.617601
153,2997,0.604597
154,59315,0.958628
154,91529,0.941792
154,58559,0.939003
154,60069,0.931889
154,111759,0.927007
154,134130,0.923133
154,88125,0.92053
154,50872,0.918753
154,134853,0.911519
154,2571,0.910539
154,122886,0.908541
154,116797,0.907049
154,79091,0.894679
154,6377,0.876416
154,122882,0.87638
154,8368,0.859767
154,99114,0.857428
154,81845,0.856929
154,78499,0.856749
154,122918,0.85621
155,2571,0.898344
155,1196,0.876743
155,2762,0.862545
155,356,0.837179
155,1210,0.837051
155,2858,0.814872
155,589,0.803694
155,2683,0.798669
155,318,0.781839
155,150,0.779436
155,1198,0.773895
155,480,0.768418
155,2706,0.755412
155,2700,0.750301
155,110,0.74902
155,3717,0.732543
155,296,0.731664
155,1136,0.728918
155,1197,0.724655
155,2396,0.718425
156,4034,0.892364
156,527,0.886586
156,1945,0.852152
156,1952,0.820895
156,4995,0.818882
156,2150,0.817382
156,1884,0.815267
156,2890,0.809351
156,4848,0.800348
156,3543,0.800078
156,1148,0.80002
156,3255,0.799793
156,1296,0.794837
156,3535,0.793736
156,1223,0.79135
156,1953,0.790418
156,2318,0.789046
156,32,0.780105
156,2788,0.775886
156,44555,0.773168
157,2762,0.916625
157,2571,0.889786
157,2858,0.879046
157,2028,0.827636
157,858,0.823202
157,318,0.808668
157,356,0.80184
157,2329,0.798545
157,2706,0.782533
157,1221,0.77865
157,296,0.769423
157,3578,0.751494
157,1197,0.735414
157,1704,0.7331
157,1198,0.729988
157,1196,0.718158
157,260,0.716026
157,1580,0.709413
157,2324,0.706835
157,2700,0.701322
158,1214,0.882761
158,1200,0.876806
158,2542,0.846492
158,2580,0.846221
158,1215,0.825166
158,2539,0.819364
158,58559,0.813011
158,3555,0.806537
158,3300,0.796584
158,3174,0.796388
158,1127,0.791151
158,7022,0.791076
158,924,0.789825
158,2858,0.787183
158,1641,0.785986
158,1079,0.78229
158,3825,0.781696
158,2231,0.779479
158,35836,0.777323
158,48774,0.773971
159,527,0.873109
159,593,0.774132
159,4995,0.768969
159,8961,0.763205
159,88163,0.751862
159,4973,0.739301
159,2762,0.723715
159,7293,0.721725
159,2028,0.708521
159,500,0.707053
159,69122,0.705139
159,34162,0.703797
159,2324,0.699503
159,6539,0.695164
159,50872,0.692344
159,5618,0.691104
159,7451,0.68643
159,1580,0.672813
159,912,0.670874
159,2571,0.669799
160,1732,0.967895
160,750,0.860597
160,1089,0.846059
160,1333,0.813677
160,1206,0.806171
160,2193,0.795143
160,2692,0.794517
160,1407,0.781755
160,3499,0.778015
160,1249,0.774793
160,1921,0.772773
160,4027,0.762825
160,1394,0.756718
160,68157,0.74512
160,1220,0.73395
160,3535,0.726905
160,318,0.719395
160,3897,0.715855
160,1282,0.715414
160,866,0.712309
161,953,0.919031
161,588,0.905473
161,595,0.898746
161,1136,0.897829
161,593,0.891951
161,356,0.883027
161,3114,0.865352
161,594,0.848606
161,364,0.839464
161,720,0.838127
161,527,0.831667
161,1080,0.81968
161,4993,0.819588
161,1028,0.808251
161,4016,0.803711
161,34,0.803632
161,457,0.803484
161,150,0.800986
161,4306,0.799382
161,919,0.797752
162,593,0.936401
162,110,0.905232
162,457,0.814048
162,25,0.795926
162,265,0.783115
162,539,0.771104
162,161,0.769637
162,357,0.767625
162,11,0.767604
162,339,0.764394
162,553,0.758928
162,440,0.756978
162,47,0.753119
162,32,0.748623
162,589,0.743308
162,151,0.742063
162,21,0.741461
162,480,0.739326
162,475,0.734319
162,34,0.725336
163,2324,0.866568
163,1682,0.845672
163,2762,0.815424
163,1923,0.799292
163,1573,0.777062
163,2268,0.769783
163,3147,0.768791
163,2858,0.750482
163,1653,0.747955
163,1641,0.747036
163,1597,0.740363
163,2329,0.740327
163,1500,0.738675
163,3408,0.736673
163,2302,0.735203
163,527,0.727069
163,1569,0.726321
163,4034,0.721187
163,1479,0.718799
163,1552,0.715279
164,260,0.994482
164,1214,0.932407
164,1270,0.883083
164,2028,0.873827
164,2571,0.861159
164,648,0.855902
164,733,0.843066
164,377,0.825286
164,2716,0.805415
164,858,0.800409
164,1387,0.794084
164,1221,0.790531
164,1197,0.786028
164,2628,0.770849
164,1374,0.765867
164,457,0.759023
164,1610,0.757532
164,1954,0.752002
164,1127,0.74684
164,2000,0.739909
165,4993,0.898933
165,3578,0.880998
165,1036,0.856405
165,7153,0.821738
165,1270,0.812482
165,260,0.810199
165,589,0.749413
165,5349,0.745479
165,356,0.74456
165,1222,0.737247
165,1240,0.731561
165,5378,0.725557
165,4973,0.725263
165,2115,0.721273
165,1408,0.713268
165,4306,0.711499
165,1200,0.706156
165,16,0.703046
165,7361,0.699369
165,4022,0.699198
166,6539,0.931178
166,8874,0.912785
166,589,0.88602
166,3996,0.867185
166,1610,0.865279
166,1136,0.861076
166,2692,0.854117
166,110,0.853847
166,1213,0.853732
166,912,0.831041
166,8368,0.817746
166,55820,0.79948
166,1203,0.79699
166,1954,0.795216
166,1219,0.792429
166,34405,0.787946
166,750,0.784638
166,6016,0.782197
166,1259,0.778744
166,1080,0.776234
167,2716,0.881595
167,1258,0.857632
167,2542,0.817503
167,4027,0.815801
167,1288,0.807451
167,2700,0.801921
167,2918,0.801201
167,2355,0.792103
167,2959,0.788704
167,2115,0.77876
167,1206,0.770771
167,3578,0.765503
167,2571,0.762626
167,50872,0.759539
167,364,0.755521
167,4226,0.751791
167,3996,0.751632
167,6874,0.749987
167,5445,0.745811
167,471,0.7438
168,904,0.992489
168,50,0.859363
168,1234,0.805122
168,527,0.798823
168,1250,0.79807
168,318,0.789563
168,1204,0.789118
168,910,0.787506
168,593,0.777016
168,924,0.775863
168,541,0.77004
168,1136,0.749815
168,1945,0.744085
168,2542,0.737276
168,922,0.730231
168,898,0.725017
168,27773,0.718955
168,1228,0.718932
168,48516,0.714583
168,2067,0.706791
169,780,0.912305
169,3753,0.896852
169,1917,0.858625
169,2700,0.855824
169,1210,0.85465
169,3578,0.847434
169,110,0.842486
169,1204,0.838113
169,3793,0.834225
169,2797,0.827974
169,2355,0.825311
169,5010,0.81947
169,1208,0.81413
169,2694,0.812706
169,3037,0.812453
169,551,0.805263
169,5902,0.801154
169,380,0.800928
169,68954,0.800925
169,5418,0.795212
170,349,0.848667
170,380,0.839151
170,527,0.817002
170,165,0.794775
170,589,0.771897
170,434,0.7707
170,47,0.748982
170,253,0.745645
170,367,0.734849
170,329,0.723528
170,1,0.703
170,225,0.700595
170,316,0.698764
170,231,0.697556
170,300,0.683996
170,2,0.660343
170,440,0.656036
170,317,0.655477
170,39,0.652246
170,357,0.648218
171,50,1.0
171,58,0.927367
171,6,0.902634
171,1207,0.897544
171,1213,0.893837
171,778,0.890939
171,589,0.885526
171,1278,0.87657
171,1247,0.870017
171,733,0.859681
171,1036,0.851396
171,912,0.850967
171,1356,0.84363
171,1206,0.827145
171,745,0.821971
171,923,0.818892
171,62,0.817561
171,17,0.817297
171,14,0.809454
171,356,0.808924
172,2571,0.92365
172,318,0.91481
172,1196,0.899275
172,356,0.892192
172,260,0.817127
172,2028,0.804996
172,110,0.786145
172,1197,0.775766
172,1198,0.773581
172,2959,0.763178
172,589,0.761914
172,296,0.739523
172,2858,0.731313
172,1265,0.724665
172,858,0.718882
172,2791,0.716078
172,480,0.70758
172,377,0.706487
172,1240,0.701404
172,3147,0.700013
173,318,0.885328
173,457,0.861271
173,590,0.838506
173,593,0.821056
173,364,0.804412
173,380,0.783164
173,344,0.743477
173,161,0.731503
173,349,0.730136
173,539,0.729486
173,34,0.724508
173,1,0.714257
173,339,0.710228
173,367,0.703102
173,47,0.702324
173,165,0.679092
173,454,0.674232
173,292,0.657214
173,300,0.656694
173,50,0.642145
174,318,0.877334
174,377,0.855096
174,593,0.84602
174,110,0.838079
174,364,0.823122
174,434,0.82128
174,367,0.786375
174,500,0.784127
174,47,0.778863
174,208,0.759443
174,266,0.743975
174,2,0.739516
174,357,0.738655
174,21,0.725543
174,1,0.71048
174,586,0.691011
174,509,0.673356
174,19,0.65886
174,252,0.644356
174,353,0.637421
175,40629,0.875873
175,52975,0.847162
175,5991,0.846988
175,81847,0.846712
175,4447,0.839857
175,7444,0.833498
175,6155,0.829761
175,5066,0.825181
175,916,0.824308
175,4700,0.822155
175,31433,0.815957
175,69757,0.812732
175,8533,0.812166
175,80549,0.808096
175,912,0.807225
175,37741,0.803797
175,44195,0.800993
175,1206,0.800088
175,594,0.796083
175,1270,0.792533
176,356,0.954371
176,480,0.905329
176,527,0.820026
176,253,0.808382
176,364,0.788785
176,185,0.776808
176,339,0.769887
176,595,0.762501
176,50,0.743362
176,367,0.732078
176,225,0.729109
176,288,0.714243
176,208,0.713497
176,500,0.708338
176,587,0.69559
176,474,0.683038
176,300,0.681384
176,539,0.67886
176,597,0.678182
176,648,0.674354
177,4226,0.881277
177,4848,0.847151
177,2763,0.837536
177,4973,0.835821
177,5299,0.830957
177,1208,0.829296
177,2268,0.827437
177,32,0.822629
177,3578,0.81179
177,2186,0.806619
177,1269,0.805233
177,8644,0.798027
177,1228,0.788646
177,5618,0.78759
177,933,0.783681
177,6754,0.782921
177,4878,0.780323
177,913,0.780076
177,93840,0.779053
177,60040,0.772551
178,260,0.969568
178,1196,0.907548
178,858,0.874058
178,150,0.870549
178,1036,0.844693
178,1210,0.829118
178,1291,0.812356
178,32,0.805098
178,165,0.804696
178,1089,0.788273
178,4878,0.778909
178,1197,0.777607
178,1221,0.773563
178,5618,0.766877
178,2692,0.761249
178,48516,0.759393
178,3578,0.752857
178,293,0.751114
178,648,0.740129
178,344,0.739211
179,733,0.887621
179,10,0.883141
179,588,0.872824
179,50,0.85354
179,62,0.845586
179,6,0.845399
179,21,0.843415
179,587,0.843105
179,1073,0.822753
179,36,0.81989
179,25,0.811338
179,2,0.804426
179,595,0.799199
179,597,0.796175
179,260,0.792493
179,1356,0.780812
179,17,0.780165
179,527,0.779445
179,788,0.776249
179,539,0.768534
180,5952,0.906113
180,1210,0.905942
180,7153,0.892297
180,2028,0.880581
180,1291,0.824778
180,318,0.79286
180,541,0.79045
180,58559,0.788822
180,2858,0.781039
180,3578,0.777734
180,110,0.758299
180,50,0.757563
180,858,0.757534
180,1288,0.75234
180,356,0.74832
180,2791,0.748098
180,1214,0.744258
180,2762,0.743501
180,296,0.740837
180,1208,0.739622
181,364,0.83859
181,434,0.774463
181,440,0.754006
181,261,0.738997
181,292,0.73878
181,318,0.73852
181,329,0.733878
181,733,0.732761
181,315,0.72955
181,589,0.727741
181,266,0.722283
181,253,0.715106
181,552,0.7138
181,2,0.711551
181,648,0.711286
181,150,0.709789
181,252,0.69926
181,95,0.698294
181,586,0.695848
181,736,0.686981
182,6502,0.875984
182,5989,0.870004
182,246,0.824487
182,81845,0.821122
182,1249,0.820277
182,1479,0.799845
182,5299,0.799401
182,1059,0.794193
182,861,0.767006
182,6283,0.765574
182,5103,0.762669
182,3755,0.761883
182,2797,0.761532
182,5444,0.760453
182,72998,0.759486
182,44555,0.759381
182,58559,0.758331
182,2501,0.758232
182,671,0.757653
182,8368,0.754684
183,1240,0.929616
183,1291,0.881237
183,260,0.854611
183,1198,0.84187
183,1221,0.830373
183,780,0.824798
183,1101,0.78804
183,1954,0.768934
183,2571,0.767038
183,1270,0.758314
183,6,0.751639
183,1208,0.747969
183,2944,0.746574
183,356,0.737623
183,2000,0.737398
183,2019,0.73227
183,2916,0.728529
183,1090,0.725227
183,1089,0.723169
183,2115,0.718235
184,168252,0.925698
184,115617,0.875641
184,122904,0.874811
184,166528,0.86493
184,4878,0.859207
184,102903,0.851037
184,5618,0.849358
184,96821,0.839702
184,122882,0.837741
184,5690,0.83242
184,2959,0.829158
184,27773,0.824862
184,3000,0.821491
184,74458,0.821024
184,152081,0.81511
184,81834,0.811162
184,60069,0.809471
184,134130,0.804392
184,1203,0.803381
184,115149,0.795824
185,2324,0.922474
185,2959,0.836988
185,4306,0.836831
185,4993,0.825176
185,2858,0.802779
185,1282,0.801302
185,1148,0.800795
185,2571,0.799475
185,4973,0.793773
185,6377,0.791131
185,5989,0.784252
185,4886,0.782814
185,4963,0.780275
185,7361,0.76936
185,1035,0.768269
185,1028,0.768244
185,1923,0.761315
185,2762,0.753474
185,3578,0.753086
185,48516,0.750514
186,1270,0.956886
186,3147,0.85576
186,2657,0.849883
186,2455,0.849485
186,1250,0.826443
186,3793,0.82494
186,1387,0.824449
186,923,0.811169
186,2791,0.803701
186,3671,0.794912
186,1278,0.792938
186,60069,0.792372
186,910,0.79134
186,356,0.781516
186,2012,0.781139
186,1258,0.775113
186,110,0.771792
186,457,0.768266
186,2028,0.761025
186,4886,0.7573
187,4973,0.899958
187,2019,0.886334
187,589,0.872661
187,1208,0.871195
187,6016,0.862968
187,858,0.852079
187,68157,0.841871
187,7090,0.833015
187,1221,0.815029
187,2028,0.80295
187,6807,0.801642
187,5902,0.78974
187,6333,0.78399
187,1266,0.774457
187,1193,0.766844
187,1252,0.758643
187,2194,0.755867
187,5690,0.753556
187,592,0.751466
187,44555,0.749494
188,910,0.983271
188,1207,0.944485
188,2324,0.886641
188,916,0.885708
188,1380,0.882252
188,933,0.878635
188,1148,0.873397
188,1276,0.870029
188,1136,0.860284
188,1247,0.857247
188,902,0.855263
188,1333,0.850526
188,903,0.848821
188,1270,0.845232
188,2762,0.84475
188,909,0.844043
188,953,0.838818
188,1172,0.833407
188,915,0.832621
188,969,0.831483
189,296,0.915673
189,2028,0.87822
189,110,0.855
189,60069,0.854922
189,4226,0.845141
189,260,0.822319
189,1198,0.818962
189,1196,0.80708
189,68157,0.799342
189,2858,0.798546
189,2329,0.784733
189,50,0.771292
189,1704,0.764743
189,858,0.763527
189,109487,0.753301
189,6539,0.750492
189,2324,0.749625
189,3147,0.744576
189,59315,0.740867
189,7361,0.73931
190,5952,0.922083
190,7153,0.896396
190,4993,0.882974
190,4226,0.864823
190,356,0.784132
190,48516,0.765421
190,58559,0.725791
190,54001,0.722175
190,40815,0.718168
190,3949,0.716273
190,5418,0.71536
190,68954,0.708214
190,6502,0.701863
190,3147,0.69855
190,2028,0.697201
190,6942,0.696841
190,56367,0.692047
190,5349,0.689139
190,1784,0.687532
190,4022,0.686724
191,593,0.941023
191,475,0.907177
191,497,0.876666
191,457,0.862131
191,592,0.830945
191,345,0.814421
191,509,0.812603
191,527,0.798699
191,62,0.791494
191,474,0.790417
191,141,0.788192
191,454,0.777757
191,163,0.776948
191,555,0.773132
191,588,0.772413
191,260,0.771238
191,290,0.770513
191,508,0.768504
191,356,0.767333
191,778,0.766572
192,318,0.973623
192,457,0.933494
192,161,0.910078
192,165,0.902813
192,589,0.885525
192,329,0.835877
192,434,0.830512
192,592,0.822438
192,377,0.816947
192,344,0.788026
192,588,0.776142
192,527,0.771397
192,253,0.770467
192,50,0.754429
192,595,0.753828
192,208,0.749739
192,231,0.748907
192,153,0.740796
192,339,0.723316
192,300,0.722531
193,2571,0.896738
193,608,0.826126
193,2028,0.792174
193,50,0.770183
193,7361,0.770177
193,4973,0.7503
193,541,0.745516
193,47,0.730621
193,4993,0.727867
193,1221,0.727649
193,1210,0.723567
193,5952,0.717182
193,2762,0.715575
193,1213,0.7084
193,110,0.703519
193,1136,0.698852
193,4226,0.688492
193,589,0.687432
193,2329,0.681922
193,58559,0.67394
194,2324,0.902644
194,151,0.86775
194,1247,0.865614
194,1208,0.848574
194,1242,0.848456
194,594,0.821121
194,2657,0.803897
194,223,0.792734
194,5952,0.79067
194,551,0.790377
194,1234,0.77221
194,903,0.771706
194,1673,0.770533
194,1225,0.767528
194,1136,0.74576
194,1197,0.744478
194,904,0.740698
194,1246,0.74035
194,2763,0.738407
194,1148,0.737755
195,1610,0.882424
195,593,0.837295
195,858,0.827445
195,457,0.823269
195,2194,0.774952
195,1221,0.772734
195,2502,0.771765
195,4011,0.754522
195,3147,0.737895
195,2959,0.734244
195,1245,0.732868
195,1197,0.728433
195,47,0.728106
195,1219,0.709614
195,288,0.70455
195,1617,0.701029
195,2804,0.692941
195,110,0.690528
195,1198,0.690399
195,3006,0.687226
196,7153,0.911976
196,1198,0.906856
196,4993,0.903896
196,356,0.899957
196,1196,0.886303
196,318,0.877465
196,260,0.85192
196,1210,0.829639
196,2959,0.819688
196,3147,0.814292
196,33794,0.812714
196,1291,0.812016
196,1,0.79452
196,1270,0.787435
196,589,0.774492
196,1197,0.772397
196,60069,0.772129
196,79132,0.766788
196,1704,0.764595
196,648,0.760774
197,593,0.938475
197,110,0.873524
197,2858,0.840322
197,47,0.836641
197,1089,0.832377
197,1221,0.818727
197,2959,0.811543
197,260,0.808346
197,1196,0.807651
197,527,0.807099
197,1198,0.804794
197,608,0.76908
197,480,0.746721
197,1210,0.74548
197,111,0.741817
197,1214,0.740636
197,1222,0.725336
197,2762,0.716069
197,150,0.712917
197,1203,0.708483
198,527,0.90374
198,4306,0.828767
198,1721,0.824693
198,858,0.809565
198,1249,0.808229
198,1193,0.794019
198,1225,0.792628
198,3793,0.770872
198,2021,0.758604
198,1466,0.756166
198,293,0.753425
198,1183,0.752505
198,3994,0.739445
198,1923,0.739195
198,150,0.733996
198,5952,0.732366
198,1610,0.725448
198,595,0.723288
198,4027,0.720513
198,587,0.719463
199,1247,0.910038
199,1270,0.877441
199,1968,0.823439
199,1219,0.823203
199,6711,0.783114
199,1035,0.781265
199,1193,0.779334
199,2019,0.776645
199,3916,0.764858
199,6333,0.759564
199,838,0.748933
199,1221,0.744438
199,1215,0.738736
199,4995,0.737498
199,1201,0.730878
199,1307,0.72708
199,4878,0.726076
199,1408,0.723387
199,1394,0.72256
199,1732,0.72098
200,3052,0.904371
200,1265,0.886264
200,3996,0.8795
200,1246,0.85453
200,1961,0.839391
200,1136,0.837591
200,2692,0.82528
200,32,0.822642
200,141,0.816394
200,919,0.811483
200,50,0.808925
200,48516,0.806764
200,593,0.787046
200,4011,0.785981
200,3000,0.78561
200,63082,0.785332
200,3421,0.781344
200,7,0.776425
200,1079,0.77382
200,2706,0.772271
201,2571,0.956692
201,1225,0.90785
201,39,0.894082
201,110,0.892967
201,223,0.891047
201,1784,0.856628
201,919,0.845709
201,1036,0.844671
201,457,0.835334
201,2987,0.828167
201,1265,0.825901
201,50,0.822434
201,648,0.822202
201,2959,0.807047
201,3114,0.802745
201,1704,0.802683
201,318,0.799174
201,1393,0.793884
201,1246,0.784022
201,357,0.780827
202,1704,0.934774
202,1193,0.910625
202,1225,0.873281
202,1079,0.869095
202,3702,0.834963
202,1748,0.796596
202,63082,0.792177
202,1233,0.783826
202,1213,0.779592
202,1287,0.773271
202,1408,0.769619
202,337,0.767199
202,1653,0.764414
202,969,0.763803
202,1222,0.76228
202,527,0.745843
202,904,0.740396
202,3424,0.740381
202,2686,0.732974
202,930,0.731645
203,356,0.909064
203,6539,0.898848
203,6377,0.871573
203,593,0.860222
203,3147,0.853917
203,4995,0.83697
203,58559,0.829772
203,60069,0.823462
203,54001,0.816708
203,2959,0.809913
203,527,0.804526
203,8961,0.79208
203,5816,0.791438
203,5989,0.79017
203,5445,0.78695
203,72998,0.784586
203,588,0.783712
203,79132,0.780743
203,68954,0.777805
203,589,0.768847
204,79132,0.934061
204,318,0.930331
204,1193,0.891353
204,608,0.847885
204,4011,0.846214
204,6016,0.8363
204,2028,0.826225
204,48516,0.823568
204,5952,0.814114
204,541,0.807519
204,7438,0.806748
204,50,0.797426
204,7153,0.795524
204,2762,0.78007
204,1258,0.776242
204,46578,0.771399
204,1213,0.768788
204,356,0.766082
204,99114,0.758985
204,750,0.7535
205,4993,0.926739
205,5952,0.89196
205,79132,0.853145
205,58559,0.834558
205,91529,0.816082
205,89745,0.814033
205,68954,0.813166
205,2571,0.772124
205,318,0.758011
205,116797,0.750883
205,59315,0.748346
205,60069,0.745507
205,76093,0.736208
205,4226,0.728128
205,72998,0.706779
205,6539,0.700877
205,5618,0.69111
205,112852,0.686444
205,98809,0.685564
205,2028,0.682957
206,260,0.969273
206,805,0.840388
206,1210,0.838916
206,494,0.838037
206,6,0.830839
206,628,0.819987
206,708,0.8089
206,112,0.803513
206,653,0.801922
206,788,0.79441
206,802,0.784065
206,1393,0.783242
206,5,0.775169
206,852,0.773766
206,52,0.768539
206,376,0.744332
206,104,0.729326
206,832,0.704535
206,3,0.704202
206,1367,0.69015
207,2959,0.881944
207,296,0.745014
207,2571,0.730727
207,1213,0.726738
207,318,0.699744
207,1653,0.689632
207,2762,0.683121
207,2502,0.663918
207,593,0.663137
207,1089,0.660337
207,58559,0.655445
207,2028,0.654698
207,47,0.652961
207,4226,0.651554
207,541,0.643524
207,356,0.639744
207,3703,0.634518
207,4878,0.633064
207,1258,0.625574
207,79132,0.624372
208,1196,0.898095
208,260,0.829798
208,356,0.777963
208,1240,0.752317
208,527,0.741056
208,3578,0.721778
208,1198,0.71043
208,858,0.709272
208,2858,0.703525
208,318,0.690389
208,593,0.689546
208,780,0.685037
208,480,0.684172
208,1036,0.679936
208,377,0.674478
208,1200,0.666637
208,1270,0.664376
208,2959,0.663799
208,1580,0.663218
208,1221,0.659443
209,58559,0.968282
209,296,0.876094
209,260,0.839263
209,527,0.834621
209,91529,0.831136
209,1196,0.824155
209,2329,0.809449
209,109487,0.796579
209,110,0.791715
209,4226,0.780159
209,60069,0.774667
209,99114,0.760079
209,48516,0.74056
209,858,0.735672
209,293,0.731252
209,50,0.722357
209,59315,0.713327
209,1213,0.709614
209,89745,0.706039
209,2324,0.702081
210,68954,0.962153
210,1291,0.957263
210,5618,0.937168
210,31658,0.924009
210,8368,0.918984
210,91529,0.913462
210,33794,0.903963
210,3793,0.892381
210,152081,0.888861
210,81834,0.885216
210,109487,0.884373
210,115617,0.881515
210,168252,0.876474
210,79132,0.875622
210,4886,0.874025
210,54001,0.864347
210,5218,0.862959
210,5445,0.852891
210,122922,0.847397
210,40815,0.844615
211,2329,0.941341
211,68157,0.931119
211,4993,0.91074
211,1213,0.897826
211,48516,0.893704
211,1089,0.875634
211,293,0.865251
211,44191,0.861645
211,47,0.85348
211,6874,0.846958
211,5952,0.839339
211,110,0.81485
211,593,0.813844
211,1291,0.811905
211,96079,0.805118
211,99114,0.787917
211,80463,0.772651
211,7438,0.769321
211,68954,0.758208
211,60069,0.756907
212,48780,0.900418
212,74458,0.838062
212,134853,0.834879
212,81845,0.81047
212,106782,0.785688
212,50,0.783849
212,47,0.777459
212,148626,0.775646
212,3671,0.767763
212,1,0.76021
212,40815,0.759032
212,8368,0.752566
212,1682,0.747899
212,1089,0.745577
212,1213,0.738894
212,34405,0.735721
212,122900,0.730948
212,33493,0.728514
212,1197,0.725753
212,55820,0.723332
213,1221,0.940574
213,1193,0.914295
213,1258,0.907806
213,1200,0.888268
213,3578,0.858339
213,2000,0.85524
213,8961,0.850737
213,260,0.832458
213,3147,0.827146
213,49272,0.82463
213,1196,0.820674
213,48774,0.819985
213,30749,0.812235
213,33794,0.810535
213,593,0.808448
213,1259,0.80652
213,6377,0.804244
213,3681,0.801594
213,68358,0.801594
213,3527,0.801399
214,32,0.832873
214,260,0.821862
214,733,0.789142
214,36,0.77366
214,786,0.732497
214,95,0.725173
214,1210,0.718447
214,7,0.712693
214,494,0.710816
214,608,0.704876
214,653,0.695716
214,805,0.694863
214,708,0.691201
214,5,0.687346
214,3,0.687129
214,1393,0.687019
214,58,0.667746
214,112,0.662559
214,14,0.653838
214,852,0.648968
215,858,0.944136
215,1213,0.924692
215,1193,0.911546
215,1221,0.903625
215,2571,0.86993
215,2329,0.849037
215,1136,0.813961
215,1036,0.811607
215,48516,0.810159
215,1207,0.808029
215,58559,0.804143
215,1270,0.784725
215,56367,0.778447
215,6016,0.774204
215,46578,0.772312
215,1276,0.771553
215,1234,0.769404
215,1222,0.769102
215,441,0.766009
215,3897,0.759693
216,3471,0.889433
216,1387,0.876359
216,926,0.861538
216,904,0.859618
216,2797,0.858969
216,5060,0.857319
216,1248,0.854359
216,2396,0.853716
216,3552,0.852938
216,2762,0.850341
216,3114,0.847655
216,1073,0.846871
216,2804,0.830585
216,908,0.827893
216,2352,0.826167
216,162,0.821338
216,1234,0.818517
216,1225,0.816591
216,915,0.815537
216,3088,0.812927
217,293,0.831339
217,1197,0.820325
217,1276,0.790268
217,1262,0.767195
217,6016,0.737934
217,3763,0.735872
217,1500,0.728744
217,2858,0.723737
217,1193,0.72063
217,2359,0.717837
217,1097,0.709051
217,1207,0.707473
217,2078,0.704821
217,7361,0.702466
217,2915,0.692656
217,44555,0.69129
217,362,0.688199
217,745,0.687435
217,48516,0.686545
217,933,0.684994
218,541,0.901762
218,904,0.894619
218,4993,0.86646
218,7153,0.849673
218,1136,0.818645
218,1208,0.80901
218,1206,0.800223
218,1247,0.781706
218,1653,0.775619
218,2858,0.758203
218,1288,0.749387
218,1080,0.747572
218,3671,0.743247
218,924,0.739124
218,608,0.732144
218,1225,0.731695
218,1219,0.728272
218,2599,0.724927
218,1214,0.719407
218,2683,0.718043
219,3897,0.865789
219,6016,0.756818
219,5669,0.726381
219,3362,0.725794
219,750,0.722325
219,356,0.72023
219,46578,0.718876
219,1193,0.711629
219,2174,0.710835
219,8464,0.708492
219,3948,0.704748
219,3489,0.700643
219,2692,0.696515
219,1222,0.684579
219,1387,0.677945
219,4034,0.677328
219,1276,0.672567
219,3994,0.670515
219,55765,0.667373
219,7445,0.667108
220,4993,0.926045
220,3578,0.926029
220,5445,0.871369
220,110,0.853387
220,457,0.830761
220,593,0.825734
220,2858,0.817012
220,1073,0.80838
220,8874,0.802279
220,4963,0.78568
220,2542,0.760102
220,1136,0.750734
220,78499,0.740702
220,2797,0.738788
220,1080,0.73574
220,72998,0.728379
220,54286,0.72784
220,1097,0.727468
220,2706,0.727291
220,44191,0.723416
221,1221,0.938027
221,1196,0.926537
221,1228,0.912976
221,1248,0.893917
221,2064,0.888581
221,924,0.872011
221,7153,0.849903
221,6787,0.839804
221,3793,0.835154
221,260,0.827165
221,40819,0.821934
221,955,0.820249
221,1270,0.816887
221,1682,0.810134
221,1237,0.809405
221,2788,0.80863
221,595,0.806756
221,55820,0.805875
221,6993,0.804291
221,30707,0.796265
222,4011,0.873869
222,1704,0.852111
222,1246,0.829462
222,7153,0.815791
222,16,0.808048
222,5418,0.778597
222,2858,0.767325
222,92259,0.757998
222,4246,0.753861
222,86882,0.737544
222,57669,0.737533
222,3949,0.7365
222,48780,0.732283
222,1193,0.72892
222,67255,0.718635
222,1304,0.71125
222,51662,0.711022
222,2000,0.708767
222,1262,0.706645
222,318,0.706144
223,2959,0.876878
223,356,0.861754
223,5952,0.860352
223,4993,0.85523
223,6539,0.825939
223,2858,0.782043
223,1196,0.78117
223,1210,0.742338
223,527,0.72888
223,3578,0.716686
223,2028,0.700868
223,589,0.698071
223,2329,0.685548
223,1197,0.654397
223,858,0.654161
223,50,0.651208
223,5618,0.651042
223,44191,0.645912
223,3996,0.639956
223,6333,0.638696
224,1198,0.9616
224,318,0.960333
224,1196,0.936653
224,2858,0.914032
224,2571,0.909005
224,3421,0.890845
224,1097,0.868402
224,296,0.857022
224,1704,0.851668
224,1387,0.842141
224,1193,0.840303
224,2762,0.821733
224,1954,0.819628
224,1220,0.818477
224,912,0.816547
224,1958,0.814475
224,50,0.805927
224,441,0.803255
224,1580,0.800536
224,597,0.795803
225,2918,0.929629
225,1278,0.875192
225,1517,0.862841
225,919,0.842709
225,2804,0.836183
225,1968,0.830586
225,1215,0.823651
225,3499,0.817318
225,1288,0.804345
225,1200,0.8042
225,1265,0.803366
225,2683,0.803273
225,3210,0.797202
225,1198,0.793285
225,1258,0.785671
225,2795,0.785054
225,1394,0.784354
225,3421,0.782319
225,3552,0.779869
225,3671,0.779838
226,1682,0.894528
226,1393,0.846137
226,318,0.845629
226,1089,0.833198
226,1213,0.825908
226,1282,0.795931
226,1250,0.786361
226,3176,0.782833
226,2791,0.767045
226,5902,0.758973
226,2028,0.753324
226,31,0.743207
226,4848,0.737193
226,4226,0.736172
226,293,0.734177
226,593,0.733784
226,50872,0.73336
226,2000,0.7205
226,51662,0.717212
226,34,0.715358
227,50,0.921168
227,1,0.904863
227,68954,0.890686
227,68157,0.864046
227,44191,0.851
227,60069,0.843896
227,48516,0.842444
227,3578,0.842185
227,99114,0.837061
227,1704,0.827692
227,4995,0.821125
227,2324,0.816187
227,4993,0.816114
227,2858,0.813774
227,55247,0.810269
227,7361,0.806454
227,1198,0.80426
227,69481,0.802541
227,112552,0.800341
227,33794,0.800053
228,1198,0.922431
228,1210,0.900852
228,1221,0.83368
228,2858,0.827857
228,593,0.816423
228,2959,0.815908
228,356,0.809817
228,58559,0.787749
228,1197,0.776511
228,1200,0.776108
228,2028,0.76698
228,2762,0.763795
228,110,0.750845
228,296,0.749141
228,589,0.728428
228,1193,0.720076
228,79132,0.714636
228,7153,0.712138
228,527,0.708766
228,6016,0.702429
229,588,0.868972
229,161,0.866461
229,32,0.860937
229,47,0.837314
229,595,0.813014
229,339,0.803594
229,50,0.787531
229,292,0.780596
229,316,0.756294
229,231,0.736919
229,337,0.71858
229,39,0.714017
229,11,0.708667
229,266,0.691369
229,208,0.676864
229,350,0.665201
229,780,0.661791
229,25,0.659655
229,235,0.657117
229,224,0.653918
230,4306,0.831024
230,500,0.808879
230,480,0.793609
230,1917,0.746844
230,1258,0.739961
230,1240,0.727495
230,356,0.724558
230,8368,0.723022
230,4886,0.722387
230,457,0.716411
230,316,0.709433
230,10,0.704758
230,4896,0.70049
230,1,0.700276
230,733,0.697294
230,4963,0.678999
230,5418,0.678026
230,2797,0.669272
230,7143,0.66894
230,53125,0.6683
231,318,0.932844
231,356,0.8461
231,1210,0.845768
231,2959,0.84366
231,2028,0.840577
231,4993,0.78411
231,110,0.783058
231,7153,0.765562
231,79132,0.750264
231,2762,0.733218
231,50,0.707878
231,1221,0.703667
231,47,0.693847
231,1197,0.69286
231,3578,0.686831
231,608,0.682143
231,912,0.669566
231,1,0.667487
231,293,0.663599
231,48516,0.65669
232,593,0.939767
232,1193,0.809245
232,1704,0.772958
232,457,0.729997
232,3969,0.729643
232,908,0.714621
232,3300,0.70035
232,1304,0.692532
232,37733,0.692076
232,2858,0.68996
232,6787,0.688151
232,1968,0.687705
232,916,0.685291
232,8950,0.680307
232,63082,0.669276
232,46723,0.66668
232,5444,0.662357
232,74458,0.661005
232,41997,0.657117
232,1207,0.656651
233,4226,0.859922
233,1704,0.756709
233,68954,0.731892
233,80463,0.700102
233,3578,0.694987
233,750,0.692966
233,112552,0.691415
233,4878,0.68744
233,4011,0.68304
233,293,0.676613
233,1080,0.650877
233,46578,0.647777
233,1213,0.643349
233,116797,0.640785
233,55247,0.639242
233,260,0.638512
233,1682,0.63128
233,112556,0.625541
233,1221,0.619961
233,4022,0.612984
234,367,0.829798
234,1954,0.811186
234,589,0.80567
234,2959,0.801444
234,661,0.799012
234,110,0.791513
234,2078,0.788914
234,596,0.776526
234,551,0.770916
234,2916,0.756401
234,2167,0.755746
234,2947,0.752885
234,2194,0.744046
234,3034,0.742384
234,1032,0.739889
234,1148,0.739676
234,1372,0.736465
234,1136,0.736167
234,780,0.733433
234,1203,0.732239
235,587,0.859035
235,339,0.85062
235,1,0.850586
235,47,0.821896
235,253,0.808509
235,367,0.80076
235,50,0.797323
235,165,0.77296
235,316,0.772838
235,266,0.769929
235,185,0.760309
235,231,0.755663
235,292,0.75144
235,337,0.736031
235,553,0.729818
235,288,0.721161
235,225,0.705985
235,2,0.697597
235,236,0.694023
235,497,0.681769
236,1200,0.950734
236,223,0.918901
236,2762,0.903736
236,1215,0.880987
236,3671,0.84521
236,1213,0.835315
236,2700,0.834614
236,2997,0.818191
236,1517,0.816986
236,1219,0.812375
236,1407,0.810433
236,1258,0.808624
236,919,0.80789
236,1089,0.798286
236,1285,0.797829
236,2599,0.79066
236,1673,0.789233
236,1196,0.780837
236,6502,0.778676
236,1080,0.777791
237,2959,0.90803
237,296,0.801076
237,858,0.791274
237,48516,0.787515
237,4226,0.746207
237,2329,0.741456
237,1704,0.734966
237,1221,0.722064
237,3949,0.721899
237,79132,0.708694
237,527,0.703935
237,6874,0.69337
237,5989,0.692709
237,110,0.687014
237,4878,0.686045
237,2028,0.68328
237,48780,0.68214
237,593,0.681675
237,2762,0.679032
237,68157,0.676599
238,318,0.933239
238,1276,0.89848
238,2871,0.808358
238,6016,0.807296
238,1201,0.803017
238,2571,0.7904
238,1228,0.788128
238,2028,0.781684
238,1304,0.781085
238,527,0.776388
238,2076,0.776117
238,2529,0.773506
238,356,0.767984
238,4776,0.762433
238,912,0.75916
238,1207,0.75176
238,1233,0.751236
238,1645,0.750154
238,111,0.749098
238,6,0.746988
239,49272,0.931523
239,33166,0.865829
239,1721,0.862002
239,500,0.844342
239,2762,0.827592
239,150,0.811559
239,1732,0.797259
239,377,0.796129
239,4226,0.790845
239,223,0.78416
239,1258,0.783208
239,1234,0.780844
239,7361,0.778638
239,34162,0.776219
239,33493,0.771406
239,2105,0.76412
239,6711,0.761689
239,592,0.745235
239,1617,0.741105
239,8874,0.740717
240,47,0.894401
240,587,0.893452
240,350,0.872158
240,586,0.869408
240,353,0.868394
240,648,0.86698
240,593,0.864763
240,62,0.854714
240,508,0.852118
240,597,0.841307
240,337,0.826268
240,610,0.825391
240,145,0.820886
240,32,0.806644
240,474,0.805448
240,223,0.803019
240,107,0.802379
240,112,0.801318
240,357,0.800819
240,527,0.797894
241,293,0.895462
241,356,0.887733
241,3949,0.88613
241,608,0.873527
241,44555,0.822551
241,778,0.818426
241,109487,0.801927
241,79132,0.799838
241,1704,0.787547
241,5618,0.777436
241,30707,0.775229
241,2329,0.766963
241,58559,0.759546
241,81845,0.752467
241,1089,0.745473
241,4226,0.741641
241,63082,0.727792
241,74458,0.72065
241,68954,0.719521
241,106100,0.71306
242,356,0.929141
242,110,0.911495
242,589,0.87978
242,480,0.869702
242,165,0.839193
242,50,0.803533
242,288,0.801319
242,595,0.789655
242,339,0.772181
242,527,0.768334
242,10,0.752897
242,377,0.742186
242,34,0.734586
242,587,0.729291
242,364,0.726142
242,367,0.717358
242,474,0.694556
242,597,0.673461
242,1,0.657426
242,500,0.655366
243,364,0.948506
243,344,0.891382
243,110,0.888077
243,590,0.887462
243,457,0.882696
243,480,0.876967
243,296,0.876964
243,316,0.87261
243,253,0.86695
243,2,0.855127
243,349,0.845242
243,150,0.834565
243,329,0.830432
243,318,0.829281
243,47,0.821948
243,553,0.820069
243,593,0.800169
243,780,0.798249
243,368,0.796056
243,339,0.793183
244,1210,0.964373
244,527,0.824993
244,260,0.811216
244,480,0.79363
244,1240,0.776872
244,1374,0.772781
244,1036,0.768321
244,1387,0.767406
244,3996,0.764411
244,1198,0.760923
244,858,0.760762
244,1304,0.757337
244,1272,0.755077
244,1265,0.749325
244,1221,0.744668
244,590,0.743636
244,1208,0.741522
244,2194,0.728616
244,1291,0.726682
244,318,0.725593
245,1221,0.825811
245,1,0.820251
245,1276,0.798862
245,260,0.784719
245,1193,0.780657
245,904,0.736839
245,1234,0.731968
245,919,0.730983
245,1207,0.730981
245,953,0.729086
245,1136,0.719594
245,1287,0.712199
245,3362,0.712024
245,908,0.711219
245,1210,0.705083
245,1304,0.703521
245,1252,0.702697
245,608,0.700667
245,36,0.697009
245,1196,0.692647
246,110,0.95069
246,58559,0.943023
246,1199,0.938114
246,3000,0.916638
246,73017,0.903791
246,912,0.902063
246,6711,0.878347
246,1249,0.873262
246,778,0.861772
246,56367,0.860553
246,1079,0.858876
246,48780,0.854759
246,33794,0.849846
246,76093,0.843826
246,3481,0.830875
246,77561,0.827113
246,3578,0.826561
246,431,0.825862
246,555,0.82277
246,1201,0.822424
247,81845,0.873402
247,4963,0.864439
247,50872,0.862111
247,80463,0.85592
247,112552,0.828048
247,4973,0.822923
247,1036,0.798681
247,778,0.794649
247,70286,0.788753
247,5816,0.774682
247,55820,0.770897
247,96079,0.767407
247,1214,0.749119
247,92259,0.746677
247,904,0.744234
247,1721,0.743666
247,4011,0.741627
247,51255,0.727382
247,595,0.720436
247,1200,0.713843
248,7153,0.927725
248,4993,0.913482
248,5952,0.880487
248,4896,0.862897
248,3578,0.856941
248,112852,0.81874
248,8368,0.814173
248,168252,0.811747
248,589,0.800342
248,5816,0.789485
248,68954,0.787704
248,1270,0.786826
248,116797,0.77325
248,76093,0.773046
248,1527,0.763879
248,72998,0.762874
248,109487,0.76212
248,152081,0.760186
248,50872,0.758601
248,364,0.755868
249,357,0.893228
249,590,0.840816
249,923,0.820247
249,539,0.811011
249,1252,0.80836
249,34,0.795504
249,337,0.793253
249,1073,0.768615
249,3253,0.758212
249,1968,0.75592
249,1610,0.742315
249,1208,0.741096
249,64839,0.740922
249,3052,0.740089
249,1387,0.734488
249,1235,0.733244
249,1777,0.732111
249,54997,0.726802
249,46976,0.723521
249,1247,0.721604
250,4995,0.953357
250,1097,0.946619
250,2324,0.937137
250,1028,0.921084
250,527,0.88026
250,1250,0.870513
250,4848,0.862952
250,1704,0.855117
250,1204,0.850348
250,3897,0.841127
250,3147,0.840826
250,1302,0.826744
250,364,0.818186
250,1094,0.818018
250,5989,0.816642
250,1172,0.806915
250,2081,0.806377
250,293,0.800644
250,1183,0.79759
250,2571,0.793801
251,50,0.982838
251,2858,0.879673
251,1213,0.87562
251,2329,0.866343
251,858,0.857219
251,1198,0.848003
251,110,0.839048
251,2762,0.823082
251,79132,0.807916
251,260,0.802875
251,1193,0.79392
251,1221,0.767166
251,4226,0.761641
251,7361,0.759819
251,1196,0.754843
251,4973,0.748082
251,6016,0.747342
251,2324,0.746418
251,58559,0.744831
251,1036,0.733083
252,3114,0.951733
252,122904,0.927558
252,122918,0.91234
252,112852,0.909581
252,68954,0.904182
252,60069,0.87482
252,588,0.865729
252,79091,0.863283
252,109487,0.850421
252,72998,0.846208
252,59315,0.840499
252,5218,0.838895
252,4306,0.837071
252,91529,0.832212
252,168252,0.829646
252,595,0.824043
252,527,0.817906
252,76093,0.8165
252,110102,0.810923
252,58559,0.79779
253,5971,0.962596
253,2692,0.932146
253,899,0.919795
253,1206,0.896034
253,527,0.885587
253,46578,0.873299
253,6711,0.871338
253,31658,0.868699
253,6350,0.867761
253,2858,0.866959
253,3910,0.863368
253,778,0.856733
253,50,0.855004
253,4014,0.852715
253,5618,0.844696
253,1197,0.842805
253,3996,0.829676
253,7361,0.829119
253,1199,0.824294
253,3967,0.820085
254,6016,0.937192
254,55820,0.899819
254,1221,0.884519
254,58559,0.876163
254,54286,0.86252
254,1240,0.845147
254,608,0.842921
254,1198,0.837849
254,1193,0.83331
254,778,0.832139
254,8665,0.814317
254,364,0.813629
254,5418,0.811359
254,2692,0.803778
254,34405,0.792913
254,79132,0.784297
254,4963,0.783667
254,541,0.78247
254,588,0.780115
254,5989,0.773974
255,1196,0.817105
255,260,0.792941
255,1278,0.79084
255,2791,0.770599
255,1197,0.760468
255,1198,0.760412
255,1288,0.72191
255,2700,0.713155
255,1265,0.683367
255,2396,0.672672
255,480,0.667497
255,2987,0.664885
255,1580,0.664363
255,2571,0.66084
255,1136,0.658111
255,2797,0.653889
255,104,0.653164
255,1923,0.651436
255,2683,0.649886
255,589,0.641885
256,356,0.958412
256,4886,0.921295
256,5956,0.889102
256,527,0.888871
256,858,0.883004
256,1580,0.873078
256,122904,0.870583
256,58559,0.844302
256,122886,0.841877
256,79132,0.84025
256,3996,0.837941
256,6377,0.837581
256,3751,0.828346
256,4014,0.822009
256,139385,0.821454
256,91529,0.818295
256,6539,0.812667
256,1246,0.810229
256,7254,0.809222
256,4446,0.802369
257,7153,0.87548
257,4993,0.850572
257,260,0.817009
257,1225,0.786959
257,1197,0.783974
257,3578,0.770378
257,708,0.769903
257,1517,0.766928
257,1136,0.760819
257,733,0.75599
257,551,0.750412
257,104,0.749031
257,1073,0.746836
257,6,0.745612
257,1198,0.744073
257,95,0.725778
257,1210,0.723184
257,1278,0.721391
257,8368,0.717695
257,3,0.713466
258,79132,0.927544
258,58559,0.9252
258,356,0.904848
258,2324,0.858575
258,4993,0.830526
258,5952,0.816839
258,7153,0.81119
258,593,0.777125
258,1704,0.777111
258,5618,0.774109
258,109487,0.773771
258,2028,0.771903
258,6377,0.750143
258,68157,0.748529
258,59315,0.744809
258,4306,0.739394
258,7361,0.737366
258,116797,0.735788
258,74458,0.733259
258,72998,0.730697
259,6377,0.832169
259,5902,0.768275
259,4995,0.734967
259,1,0.712473
259,6539,0.690052
259,5445,0.685688
259,8961,0.684726
259,5349,0.679225
259,3408,0.674136
259,2997,0.672392
259,1270,0.664691
259,5989,0.664448
259,5816,0.662588
259,1682,0.658904
259,8360,0.65834
259,4973,0.657487
259,5618,0.656316
259,329,0.654041
259,5991,0.651246
259,4027,0.647703
260,253,0.880653
260,1252,0.880408
260,5669,0.849303
260,2502,0.846614
260,912,0.824164
260,1968,0.818771
260,223,0.81185
260,1748,0.799545
260,1136,0.795283
260,1394,0.791139
260,8961,0.791073
260,2160,0.7887
260,1080,0.786876
260,30749,0.779479
260,5952,0.769495
260,2542,0.76469
260,2064,0.761735
260,1,0.759932
260,2858,0.759712
260,3996,0.758532
261,2959,0.944377
261,4226,0.824518
261,858,0.796379
261,48516,0.793836
261,593,0.792064
261,68157,0.776612
261,1213,0.762136
261,527,0.743889
261,293,0.735928
261,4011,0.728942
261,1704,0.713679
261,110,0.712993
261,1221,0.706432
261,1193,0.68856
261,6016,0.685919
261,260,0.667559
261,91529,0.662584
261,1196,0.659472
261,74458,0.658648
261,4995,0.656387
262,527,0.852429
262,110,0.805519
262,356,0.804367
262,235,0.788776
262,357,0.785028
262,32,0.77075
262,475,0.764216
262,47,0.762298
262,39,0.758446
262,62,0.753895
262,1,0.743411
262,151,0.732111
262,553,0.727544
262,337,0.727053
262,592,0.725479
262,508,0.72454
262,52,0.723802
262,150,0.723567
262,474,0.719735
262,95,0.718482
263,2671,0.874926
263,260,0.857098
263,608,0.852561
263,3114,0.846904
263,1569,0.845487
263,2762,0.84155
263,5299,0.84155
263,2959,0.83039
263,1265,0.827512
263,1961,0.818321
263,5618,0.811814
263,3408,0.811636
263,2329,0.804024
263,838,0.794817
263,8874,0.777043
263,1682,0.77347
263,1246,0.760851
263,5418,0.744034
263,5378,0.740336
263,1777,0.73827
264,260,0.929833
264,588,0.864377
264,4993,0.838505
264,593,0.834057
264,318,0.818547
264,4306,0.794064
264,589,0.788353
264,7153,0.780738
264,2028,0.75534
264,736,0.751764
264,1097,0.740342
264,1270,0.726393
264,590,0.726046
264,1198,0.722441
264,2,0.721487
264,3114,0.717236
264,1527,0.709216
264,3793,0.706694
264,6539,0.685236
264,34,0.68413
265,1210,0.91438
265,858,0.828784
265,924,0.810798
265,356,0.785223
265,527,0.754236
265,1909,0.752893
265,1291,0.731928
265,1231,0.722021
265,2021,0.718732
265,1200,0.71647
265,3147,0.714152
265,1372,0.709314
265,1704,0.701539
265,2012,0.700546
265,1968,0.698341
265,1127,0.698074
265,1247,0.688417
265,1,0.685457
265,2762,0.684878
265,912,0.683123
266,2502,0.881358
266,2858,0.871588
266,2692,0.773429
266,1221,0.762668
266,3175,0.746293
266,858,0.72293
266,2997,0.718268
266,2987,0.712636
266,3578,0.702083
266,380,0.700128
266,1214,0.696829
266,1225,0.691662
266,2628,0.68733
266,4011,0.687029
266,47,0.683094
266,1584,0.67453
266,3033,0.672802
266,2542,0.666697
266,3552,0.665967
266,318,0.665122
267,2028,0.956651
267,1214,0.93031
267,2791,0.899616
267,356,0.876684
267,2628,0.863221
267,3793,0.843193
267,1127,0.835257
267,1580,0.826798
267,780,0.820214
267,32,0.819164
267,2716,0.816951
267,296,0.813228
267,318,0.811679
267,2959,0.810672
267,1374,0.790911
267,1291,0.780027
267,1213,0.776758
267,4993,0.773217
267,5349,0.759711
267,1136,0.757857
268,1198,0.887478
268,1136,0.800913
268,1304,0.774765
268,1225,0.767271
268,296,0.759729
268,2194,0.752438
268,1089,0.750198
268,1610,0.730136
268,2028,0.725866
268,223,0.725142
268,608,0.721977
268,1200,0.72034
268,1199,0.715655
268,2959,0.71192
268,1220,0.710036
268,593,0.704058
268,778,0.697498
268,1954,0.694861
268,1080,0.694775
268,1270,0.692261
269,736,0.879117
269,608,0.812542
269,260,0.808525
269,141,0.802534
269,1356,0.790588
269,62,0.78499
269,628,0.783089
269,112,0.769939
269,805,0.765091
269,788,0.762918
269,802,0.75525
269,653,0.743653
269,36,0.740904
269,104,0.732992
269,1393,0.708455
269,17,0.705584
269,708,0.70531
269,661,0.701626
269,1210,0.69816
269,14,0.689362
270,260,0.882577
270,805,0.845943
270,802,0.829976
270,852,0.767522
270,1393,0.735183
270,719,0.724514
270,1210,0.710067
270,832,0.691965
270,783,0.684802
270,16,0.628389
270,74,0.618168
270,778,0.617097
270,1391,0.616506
270,1429,0.615961
270,1367,0.610897
270,647,0.610662
270,743,0.609075
270,858,0.601817
270,18,0.599407
270,1047,0.596082
271,541,0.893272
271,1196,0.791298
271,1653,0.786321
271,1208,0.777691
271,3471,0.755415
271,1213,0.744523
271,1617,0.737535
271,260,0.729884
271,3703,0.726867
271,1222,0.712827
271,750,0.711966
271,2160,0.709184
271,1374,0.705848
271,1356,0.704694
271,3175,0.704163
271,2571,0.701365
271,3499,0.700659
271,1748,0.700287
271,3535,0.698783
271,1250,0.697716
272,356,0.896689
272,58559,0.83878
272,1196,0.812707
272,2028,0.804181
272,1210,0.797128
272,79132,0.788166
272,2959,0.785804
272,260,0.781796
272,60069,0.77849
272,4306,0.776369
272,1270,0.76823
272,2762,0.758846
272,59315,0.757744
272,7153,0.753459
272,33794,0.749614
272,1198,0.738248
272,6377,0.736449
272,1704,0.733401
272,110,0.732785
272,68954,0.732291
273,318,0.938
273,356,0.912454
273,153,0.844164
273,380,0.844143
273,110,0.823736
273,47,0.810913
273,300,0.804731
273,161,0.791652
273,39,0.788298
273,377,0.788042
273,527,0.781917
273,474,0.756607
273,551,0.755834
273,265,0.754468
273,339,0.745346
273,11,0.740671
273,50,0.738837
273,454,0.736826
273,208,0.736615
273,10,0.73321
274,1127,0.848155
274,1617,0.830599
274,1242,0.829294
274,1097,0.812615
274,610,0.810517
274,307,0.799765
274,741,0.799489
274,3508,0.768723
274,308,0.762486
274,306,0.756622
274,1954,0.755024
274,1234,0.751842
274,1358,0.751427
274,2580,0.745342
274,1246,0.742031
274,1207,0.741044
274,150,0.74064
274,1249,0.736047
274,1994,0.73213
274,62336,0.727359
275,2194,0.899417
275,2987,0.899409
275,58,0.894434
275,497,0.869145
275,4995,0.835863
275,7153,0.828107
275,1282,0.819782
275,4027,0.803612
275,1036,0.796115
275,1196,0.791813
275,223,0.791226
275,2268,0.789887
275,1291,0.783598
275,2078,0.783141
275,4019,0.782985
275,1921,0.781829
275,457,0.777993
275,2076,0.777092
275,2683,0.776023
275,4014,0.775706
276,32,0.988007
276,1356,0.960357
276,733,0.930992
276,1073,0.858175
276,661,0.834846
276,788,0.82808
276,589,0.791815
276,1198,0.78532
276,588,0.782008
276,141,0.781397
276,852,0.780941
276,3,0.780069
276,165,0.776407
276,25,0.755361
276,95,0.754706
276,719,0.747111
276,110,0.742379
276,377,0.742214
276,318,0.734427
276,1393,0.733733
277,648,0.884302
277,733,0.864582
277,141,0.852352
277,494,0.796436
277,608,0.764755
277,661,0.762984
277,1210,0.74498
277,6,0.742691
277,25,0.730101
277,36,0.70979
277,805,0.707398
277,628,0.701747
277,3,0.691616
277,7,0.690438
277,708,0.686601
277,802,0.684433
277,852,0.684341
277,14,0.682545
277,58,0.681834
277,783,0.680791
278,296,0.936793
278,593,0.906166
278,356,0.853647
278,2959,0.801236
278,58559,0.77959
278,3448,0.779569
278,2248,0.745789
278,47,0.744306
278,150,0.743169
278,2858,0.738031
278,1213,0.73517
278,1259,0.733359
278,1197,0.726291
278,608,0.725348
278,1704,0.724151
278,1953,0.722625
278,2918,0.722582
278,1663,0.719549
278,3552,0.717839
278,2871,0.710407
279,47,0.889168
279,68358,0.81584
279,106782,0.804943
279,1089,0.803926
279,150,0.787585
279,4011,0.781915
279,457,0.75238
279,1682,0.743254
279,60069,0.73935
279,293,0.739116
279,1704,0.738519
279,76251,0.736717
279,3147,0.734639
279,68954,0.732278
279,116797,0.723601
279,49530,0.717225
279,51662,0.716874
279,34405,0.716541
279,778,0.715083
279,112852,0.712698
280,1307,0.903651
280,588,0.881561
280,46578,0.876774
280,2959,0.876403
280,33794,0.82897
280,8533,0.826667
280,50872,0.826117
280,2858,0.821927
280,1088,0.82103
280,2174,0.819272
280,40819,0.817089
280,69844,0.814785
280,68954,0.810405
280,30707,0.804889
280,1136,0.798842
280,88163,0.790568
280,55820,0.784092
280,1907,0.781457
280,318,0.77587
280,2671,0.774956
281,296,0.932156
281,2959,0.896188
281,7361,0.888549
281,318,0.868487
281,4878,0.854343
281,33166,0.852407
281,4973,0.848556
281,6874,0.840906
281,54503,0.836637
281,1704,0.822181
281,2502,0.821827
281,608,0.820701
281,2324,0.809978
281,4226,0.80536
281,5952,0.804445
281,4011,0.799386
281,1213,0.796127
281,593,0.790929
281,32587,0.789957
281,3052,0.78867
282,7361,0.939503
282,47,0.917433
282,1923,0.902376
282,2700,0.871659
282,1101,0.862815
282,1210,0.86281
282,60069,0.859712
282,8641,0.854524
282,590,0.84405
282,33794,0.843413
282,1278,0.842285
282,78499,0.842002
282,3275,0.838063
282,1219,0.832898
282,1200,0.83262
282,48385,0.830363
282,778,0.829971
282,4011,0.82994
282,1262,0.826804
282,56174,0.820357
283,780,0.877616
283,296,0.858382
283,260,0.85794
283,480,0.747194
283,2571,0.730753
283,589,0.728189
283,2028,0.717354
283,47,0.712803
283,2858,0.708847
283,32,0.707424
283,50,0.704317
283,1196,0.6911
283,527,0.680722
283,590,0.674756
283,736,0.669973
283,2329,0.663859
283,2959,0.650784
283,457,0.643638
283,648,0.639374
283,858,0.633407
284,161,0.915939
284,364,0.898162
284,454,0.884366
284,253,0.863546
284,292,0.843892
284,225,0.813158
284,597,0.801042
284,34,0.799417
284,551,0.795241
284,288,0.794916
284,593,0.790247
284,368,0.790244
284,350,0.787215
284,586,0.786381
284,317,0.785427
284,50,0.780141
284,587,0.777067
284,508,0.772897
284,293,0.771498
284,11,0.768861
285,608,0.950069
285,1207,0.936423
285,593,0.915574
285,1221,0.904602
285,1089,0.870014
285,1213,0.869285
285,1258,0.85216
285,6016,0.837173
285,908,0.824452
285,50,0.821821
285,2858,0.816974
285,1387,0.811939
285,953,0.807782
285,750,0.802016
285,923,0.801641
285,1198,0.795385
285,47,0.767005
285,1259,0.766997
285,3363,0.764655
285,527,0.74981
286,2858,0.913927
286,5418,0.91143
286,318,0.910521
286,1704,0.885564
286,4886,0.871781
286,293,0.841435
286,3996,0.828563
286,1206,0.819322
286,480,0.806252
286,50,0.800708
286,6711,0.788841
286,587,0.787461
286,457,0.769754
286,3948,0.763378
286,595,0.761377
286,34,0.752124
286,3949,0.7457
286,858,0.744562
286,8360,0.742061
286,1393,0.74131
287,778,0.853941
287,7153,0.837756
287,1258,0.83518
287,1394,0.8259
287,4226,0.825346
287,7361,0.813155
287,2571,0.80854
287,2502,0.789553
287,3147,0.775175
287,46578,0.765763
287,1080,0.739857
287,2858,0.738598
287,1265,0.732941
287,1073,0.731623
287,1089,0.720249
287,296,0.720013
287,1358,0.714862
287,1884,0.71154
287,1288,0.708231
287,1259,0.705588
288,1967,0.843667
288,2858,0.824768
288,79132,0.821858
288,4246,0.820793
288,49272,0.803535
288,8798,0.799885
288,51255,0.789403
288,1358,0.788274
288,3535,0.780765
288,8950,0.772296
288,2476,0.771086
288,2763,0.763985
288,6807,0.763768
288,68237,0.761533
288,2161,0.756245
288,4878,0.755098
288,1267,0.754202
288,46578,0.750349
288,1235,0.75018
288,88744,0.748819
289,1225,0.93179
289,1206,0.895585
289,1732,0.860439
289,111,0.833748
289,778,0.828649
289,1278,0.827604
289,541,0.827054
289,1136,0.820268
289,1222,0.819898
289,1213,0.807943
289,1073,0.799255
289,923,0.795134
289,551,0.791792
289,2502,0.790755
289,553,0.777256
289,924,0.775984
289,2291,0.77426
289,1288,0.772771
289,1247,0.772544
289,1199,0.770795
290,1953,0.936753
290,356,0.888844
290,2571,0.872976
290,1272,0.869678
290,926,0.848925
290,1203,0.842127
290,1244,0.840089
290,3037,0.839155
290,1210,0.835577
290,1197,0.825324
290,1200,0.824324
290,1104,0.823348
290,480,0.821149
290,78499,0.815251
290,272,0.811043
290,5060,0.806243
290,1230,0.805835
290,32,0.805695
290,1093,0.804196
290,1293,0.803324
291,5952,0.932012
291,112852,0.891263
291,76093,0.883207
291,79132,0.862868
291,8961,0.85021
291,79091,0.832222
291,109487,0.831123
291,116797,0.828408
291,6539,0.827231
291,33794,0.820026
291,4886,0.818792
291,4306,0.81533
291,91529,0.811735
291,6377,0.798082
291,81845,0.77698
291,98809,0.768835
291,78499,0.767358
291,260,0.759939
291,115617,0.754697
291,122886,0.754417
292,648,0.87521
292,40815,0.804013
292,1197,0.797997
292,912,0.783742
292,81834,0.778139
292,1704,0.776441
292,54001,0.765304
292,3671,0.762229
292,2947,0.752015
292,3753,0.743675
292,1387,0.735049
292,2,0.727641
292,2231,0.724701
292,150,0.723053
292,1246,0.722247
292,1527,0.720876
292,50,0.718131
292,6333,0.714324
292,6,0.712582
292,919,0.704422
293,296,0.846619
293,527,0.83513
293,110,0.782971
293,480,0.766049
293,47,0.758332
293,32,0.752405
293,318,0.726095
293,364,0.722347
293,2329,0.720735
293,780,0.71481
293,2028,0.705984
293,356,0.698094
293,457,0.695884
293,36,0.695486
293,150,0.692144
293,1213,0.691862
293,648,0.690724
293,34,0.687461
293,260,0.682876
293,2324,0.681629
294,223,0.797579
294,3039,0.784018
294,2150,0.730514
294,2571,0.720381
294,3033,0.714069
294,34,0.697401
294,1079,0.684023
294,1265,0.682436
294,2300,0.67969
294,2804,0.679435
294,1527,0.67533
294,471,0.673617
294,720,0.670488
294,480,0.670406
294,2948,0.670249
294,1,0.667475
294,2959,0.66393
294,1193,0.659918
294,1077,0.659917
294,474,0.659152
295,2571,0.897262
295,593,0.89423
295,47,0.883731
295,527,0.883443
295,293,0.878379
295,608,0.875061
295,2858,0.858569
295,58559,0.857195
295,3949,0.845237
295,778,0.832354
295,110,0.816438
295,356,0.813018
295,1222,0.802944
295,111,0.801698
295,2028,0.796628
295,7361,0.794228
295,4011,0.791577
295,260,0.786132
295,48516,0.784145
295,1208,0.771875
296,593,0.952237
296,260,0.803417
296,7153,0.803327
296,58559,0.802343
296,2858,0.799607
296,2762,0.799232
296,4993,0.798716
296,2329,0.790926
296,4226,0.77295
296,5952,0.761286
296,858,0.756093
296,7361,0.753007
296,1196,0.752107
296,1198,0.749473
296,47,0.745054
296,68157,0.733129
296,293,0.723716
296,3147,0.716553
296,1221,0.708513
296,60069,0.701279
297,296,0.884249
297,110,0.794741
297,318,0.784067
297,858,0.778892
297,380,0.772315
297,1036,0.762751
297,32,0.736248
297,1213,0.730973
297,648,0.716096
297,592,0.708121
297,527,0.697936
297,16,0.690587
297,474,0.685578
297,10,0.685268
297,778,0.673876
297,434,0.672759
297,21,0.669592
297,780,0.666245
297,1221,0.663781
297,141,0.65579
298,3000,0.75188
298,81591,0.750455
298,1394,0.719725
298,316,0.714761
298,44195,0.713893
298,85414,0.710411
298,8874,0.709973
298,2997,0.696499
298,96079,0.695454
298,1639,0.693306
298,3175,0.692315
298,69481,0.691795
298,58803,0.69138
298,2194,0.686109
298,5810,0.683688
298,6936,0.67981
298,3911,0.676105
298,2288,0.664689
298,55820,0.66148
298,1356,0.660239
299,3996,0.889805
299,1196,0.888651
299,2762,0.880607
299,1200,0.880442
299,1210,0.811878
299,260,0.811652
299,858,0.808124
299,1240,0.806946
299,2791,0.805146
299,589,0.798805
299,2571,0.797077
299,3471,0.794307
299,3994,0.791085
299,2706,0.771634
299,1270,0.771123
299,1197,0.763678
299,4306,0.749972
299,1407,0.737299
299,3510,0.735663
299,2490,0.732542
300,296,0.941577
300,1193,0.847989
300,4226,0.822068
300,3147,0.809807
300,3949,0.808286
300,58559,0.80307
300,50,0.781649
300,68157,0.760464
300,5952,0.757085
300,48516,0.75595
300,46578,0.754329
300,4878,0.754242
300,7153,0.751481
300,68954,0.745446
300,858,0.745399
300,4993,0.743842
300,293,0.742738
300,47,0.737482
300,106782,0.733217
300,116797,0.733086
301,593,0.888349
301,1704,0.887734
301,318,0.884531
301,1246,0.811244
301,590,0.798012
301,2959,0.790019
301,4886,0.784001
301,778,0.776007
301,5952,0.774721
301,1968,0.742345
301,2571,0.732734
301,7438,0.730259
301,7153,0.730108
301,150,0.726144
301,4993,0.724039
301,367,0.719857
301,3147,0.715102
301,1265,0.715048
301,2692,0.712429
301,4878,0.710692
302,593,0.941347
302,50,0.888444
302,1210,0.884758
302,1,0.882903
302,318,0.861395
302,6,0.84156
302,1196,0.8263
302,733,0.817011
302,527,0.799187
302,356,0.747983
302,1036,0.732234
302,1073,0.731109
302,1213,0.706924
302,912,0.704835
302,494,0.703867
302,778,0.703113
302,1356,0.702931
302,62,0.698431
302,805,0.694764
302,150,0.691043
303,1198,0.936976
303,1291,0.884336
303,2011,0.834285
303,541,0.833469
303,780,0.827379
303,2012,0.816208
303,2628,0.808907
303,1036,0.799148
303,2028,0.79888
303,924,0.789204
303,2716,0.789086
303,1197,0.785341
303,2115,0.762485
303,4993,0.755119
303,2916,0.739522
303,110,0.73665
303,1387,0.734051
303,3994,0.721767
303,2529,0.720894
303,1208,0.713308
304,608,0.935939
304,1246,0.863482
304,736,0.857836
304,1225,0.846784
304,2324,0.846688
304,161,0.815567
304,50,0.806004
304,919,0.782818
304,912,0.780804
304,1617,0.77358
304,838,0.772718
304,858,0.772096
304,95,0.770942
304,1641,0.768742
304,515,0.765783
304,34,0.760214
304,1203,0.759712
304,1080,0.759269
304,1127,0.75564
304,592,0.751072
305,1208,0.939541
305,5995,0.902653
305,72641,0.880186
305,2194,0.87709
305,1204,0.843771
305,1265,0.843487
305,2746,0.839924
305,104,0.838946
305,2005,0.836933
305,104879,0.829958
305,2278,0.823109
305,3471,0.818261
305,587,0.812378
305,5377,0.809384
305,2692,0.808575
305,59369,0.80327
305,1233,0.801359
305,7099,0.799148
305,49272,0.795205
305,1148,0.791276
306,80549,0.837033
306,95167,0.827891
306,88163,0.82703
306,78499,0.822493
306,7451,0.816948
306,1265,0.811657
306,356,0.808397
306,1197,0.804844
306,108932,0.802899
306,59784,0.79278
306,79091,0.791213
306,4016,0.751223
306,112138,0.744649
306,1215,0.743725
306,3114,0.74054
306,69122,0.739081
306,93510,0.735764
306,135887,0.732883
306,69844,0.730866
306,58998,0.723533
307,1090,0.864495
307,1266,0.84004
307,50872,0.83651
307,912,0.814306
307,5225,0.811199
307,2490,0.809579
307,98809,0.803928
307,745,0.791201
307,1466,0.781991
307,750,0.781351
307,8798,0.780908
307,34405,0.772598
307,4963,0.76429
307,27773,0.760843
307,7451,0.758961
307,7293,0.757916
307,53894,0.754454
307,1276,0.753675
307,4816,0.751903
307,8917,0.750642
308,4896,0.83131
308,69844,0.805659
308,4306,0.744414
308,88125,0.718308
308,593,0.715108
308,296,0.712808
308,7361,0.692953
308,81834,0.683143
308,31658,0.631282
308,33794,0.627625
308,116797,0.626304
308,81845,0.624793
308,1193,0.604799
308,1704,0.603583
308,588,0.598212
308,109487,0.59325
308,78499,0.589779
308,59315,0.589284
308,47,0.583323
308,595,0.583046
309,910,0.899695
309,903,0.891452
309,858,0.863883
309,750,0.846225
309,356,0.842593
309,593,0.821474
309,1221,0.811183
309,1214,0.809353
309,1704,0.796215
309,1086,0.788466
309,3578,0.778571
309,1136,0.777761
309,1278,0.775522
309,1304,0.771574
309,2858,0.76685
309,4973,0.766387
309,922,0.765831
309,1193,0.763472
309,5060,0.761759
309,928,0.759791
310,541,0.963324
310,1234,0.932757
310,5418,0.882998
310,1262,0.876866
310,913,0.876783
310,1136,0.875812
310,1252,0.86762
310,5445,0.860399
310,924,0.850423
310,1270,0.84716
310,1288,0.846367
310,1208,0.84064
310,903,0.830145
310,38038,0.826314
310,5349,0.819095
310,908,0.813276
310,5377,0.808058
310,5952,0.805691
310,4973,0.799071
310,1225,0.798815
311,1225,0.811613
311,1080,0.796029
311,3793,0.742746
311,1206,0.72935
311,2502,0.705334
311,2683,0.689557
311,5349,0.671667
311,1527,0.662689
311,1394,0.65938
311,8636,0.659032
311,2997,0.657255
311,2762,0.656225
311,1923,0.654955
311,5952,0.651518
311,2692,0.64028
311,1059,0.636106
311,4993,0.634118
311,1732,0.629741
311,778,0.628425
311,3160,0.627207
312,1270,0.915543
312,1258,0.893586
312,4993,0.887829
312,4995,0.857452
312,2076,0.85501
312,1320,0.840823
312,593,0.828911
312,1527,0.826378
312,2791,0.825089
312,1653,0.815298
312,6502,0.813596
312,1250,0.804428
312,4848,0.791323
312,2858,0.788851
312,1291,0.788308
312,2455,0.781288
312,293,0.774983
312,2020,0.772004
312,1225,0.763205
312,2117,0.762512
313,110,0.916982
313,1206,0.904405
313,1921,0.840881
313,3499,0.810182
313,4011,0.789057
313,3698,0.774971
313,111,0.773079
313,1573,0.756074
313,1298,0.748594
313,329,0.746802
313,1527,0.74576
313,5952,0.742617
313,2502,0.739381
313,3147,0.738485
313,1266,0.736898
313,3070,0.736688
313,923,0.736181
313,2580,0.734448
313,4027,0.725942
313,1407,0.725328
314,736,0.797911
314,608,0.768839
314,454,0.759664
314,339,0.746198
314,508,0.743001
314,34,0.741955
314,2,0.726134
314,168,0.713773
314,353,0.70427
314,36,0.70228
314,265,0.699815
314,112,0.695889
314,266,0.685113
314,16,0.678202
314,529,0.674296
314,515,0.662949
314,25,0.662023
314,261,0.658878
314,253,0.656609
314,235,0.65583
315,904,0.885292
315,953,0.882074
315,5060,0.843149
315,919,0.842449
315,969,0.831604
315,910,0.826551
315,899,0.824062
315,1219,0.812675
315,912,0.803406
315,1278,0.794107
315,1387,0.774306
315,903,0.765242
315,908,0.763107
315,898,0.76279
315,111,0.75771
315,1252,0.755525
315,1272,0.755116
315,923,0.752872
315,1244,0.752553
315,1234,0.736448
316,4226,0.865555
316,2959,0.853157
316,3793,0.825155
316,2997,0.780776
316,4878,0.758707
316,4973,0.757662
316,3996,0.740698
316,8874,0.730019
316,2762,0.726523
316,3949,0.724396
316,3578,0.724065
316,5349,0.715791
316,551,0.708125
316,3897,0.702414
316,4848,0.699301
316,6365,0.696044
316,2700,0.693998
316,318,0.690481
316,4979,0.690033
316,4886,0.688947
317,4226,0.896317
317,55765,0.843933
317,4995,0.835678
317,1221,0.835488
317,106782,0.804517
317,99114,0.801167
317,49530,0.768772
317,48780,0.756713
317,44191,0.756475
317,4993,0.752375
317,4878,0.741593
317,1625,0.738934
317,8950,0.734035
317,54286,0.727892
317,5952,0.718852
317,7153,0.712411
317,1252,0.705854
317,30749,0.705147
317,527,0.705137
317,55247,0.702078
318,2959,0.945965
318,2020,0.897255
318,457,0.889489
318,2791,0.867794
318,2599,0.84288
318,2762,0.841808
318,2231,0.826397
318,1680,0.816165
318,2918,0.810346
318,2763,0.804788
318,1028,0.803435
318,8784,0.801659
318,5060,0.796854
318,2268,0.790348
318,474,0.786515
318,6283,0.785807
318,1235,0.784339
318,1663,0.781427
318,3386,0.778751
318,2968,0.777171
319,593,0.965202
319,296,0.905903
319,68954,0.904385
319,260,0.867412
319,91529,0.85209
319,2028,0.843396
319,1,0.834684
319,1196,0.83467
319,116797,0.825527
319,50,0.816982
319,1198,0.80917
319,2324,0.808373
319,134853,0.801657
319,7153,0.80117
319,112852,0.797616
319,4993,0.795212
319,3578,0.794397
319,76093,0.781595
319,99114,0.780148
319,2762,0.776075
320,60069,0.894415
320,70286,0.881131
320,68954,0.84343
320,4993,0.835496
320,68157,0.835349
320,58559,0.823544
320,79132,0.805013
320,3147,0.799628
320,2571,0.798182
320,78499,0.795936
320,5952,0.788546
320,2028,0.785813
320,7153,0.784471
320,89745,0.779847
320,5445,0.778489
320,3753,0.759621
320,6365,0.753519
320,110,0.751784
320,76093,0.739064
320,91529,0.733915
321,590,0.890019
321,110,0.855886
321,318,0.838057
321,329,0.814025
321,185,0.808028
321,296,0.794721
321,47,0.770265
321,434,0.761321
321,10,0.755806
321,34,0.749548
321,266,0.731949
321,32,0.706709
321,1,0.699458
321,300,0.697517
321,39,0.697148
321,527,0.680439
321,11,0.676904
321,62,0.656044
321,553,0.652008
321,236,0.649316
322,593,0.885356
322,527,0.864227
322,1704,0.77615
322,2028,0.754006
322,2329,0.71243
322,7153,0.698355
322,1089,0.691175
322,4034,0.687449
322,1225,0.685834
322,457,0.682654
322,6539,0.680654
322,6377,0.677187
322,1213,0.675188
322,364,0.672003
322,1223,0.671536
322,541,0.662272
322,6016,0.65396
322,588,0.652765
322,1208,0.646894
322,1148,0.643015
323,593,0.89308
323,595,0.730145
323,589,0.728572
323,590,0.703607
323,608,0.693623
323,339,0.68121
323,539,0.6789
323,39,0.674246
323,21,0.669375
323,592,0.668148
323,47,0.659741
323,265,0.656265
323,246,0.654585
323,293,0.643194
323,5952,0.635298
323,235,0.624063
323,112552,0.622027
323,434,0.61907
323,223,0.610999
323,350,0.608676
324,260,0.884746
324,1221,0.882672
324,1193,0.853356
324,593,0.835632
324,2959,0.77243
324,318,0.760398
324,6016,0.758387
324,50,0.757675
324,912,0.752216
324,1198,0.746612
324,4973,0.742383
324,2858,0.739535
324,1196,0.717364
324,4878,0.714713
324,1265,0.713559
324,296,0.70632
324,4027,0.70595
324,1968,0.703659
324,904,0.701832
324,1210,0.698312
325,1089,0.894496
325,260,0.885716
325,1206,0.850174
325,2683,0.847378
325,1252,0.829957
325,3471,0.82917
325,1198,0.823329
325,903,0.821257
325,1222,0.817261
325,3186,0.815068
325,288,0.812999
325,866,0.81152
325,5816,0.805896
325,1249,0.804887
325,25,0.803853
325,16,0.802714
325,2571,0.801076
325,4447,0.800712
325,58559,0.79696
325,34,0.795275
326,58559,0.937608
326,44191,0.902275
326,1704,0.857337
326,858,0.856925
326,91529,0.846646
326,82459,0.837168
326,5989,0.831482
326,106782,0.831454
326,112552,0.830111
326,48394,0.823638
326,1961,0.821478
326,4034,0.821215
326,27773,0.815464
326,97304,0.806921
326,778,0.806503
326,457,0.799568
326,46578,0.796986
326,72011,0.796909
326,70286,0.787544
326,68954,0.786573
327,2959,0.977974
327,296,0.910494
327,2571,0.899579
327,3578,0.890853
327,4011,0.862576
327,2858,0.857557
327,1198,0.83981
327,47,0.826075
327,1201,0.810544
327,1704,0.807242
327,778,0.806152
327,593,0.804536
327,1222,0.801505
327,68157,0.78942
327,1089,0.787958
327,3949,0.78676
327,79132,0.785051
327,344,0.774149
327,91529,0.774063
327,110,0.773811
328,593,0.848563
328,4886,0.827179
328,6874,0.794485
328,50872,0.780464
328,1704,0.771113
328,6377,0.746495
328,8874,0.743309
328,3578,0.740996
328,1214,0.731888
328,48780,0.728014
328,4993,0.724258
328,89745,0.703263
328,2858,0.70176
328,2716,0.698789
328,4226,0.693497
328,1207,0.693456
328,923,0.693257
328,74458,0.68433
328,5618,0.680518
328,54001,0.680002
329,111,0.824755
329,296,0.718521
329,1208,0.712776
329,608,0.698517
329,1213,0.673085
329,1221,0.668971
329,527,0.651493
329,1089,0.647563
329,912,0.627167
329,541,0.610852
329,47,0.610413
329,904,0.60848
329,1207,0.605431
329,1199,0.601496
329,3949,0.597186
329,356,0.592286
329,2959,0.59125
329,1222,0.584993
329,923,0.580443
329,6016,0.579413
330,527,0.938271
330,4995,0.900366
330,4027,0.863716
330,1704,0.834167
330,2115,0.825048
330,39,0.812427
330,6539,0.797825
330,4979,0.797392
330,1090,0.787909
330,3897,0.780193
330,4973,0.778435
330,3994,0.77482
330,1356,0.761752
330,10,0.756936
330,1220,0.753746
330,1466,0.753363
330,1307,0.753076
330,3114,0.747812
330,1393,0.746016
330,2542,0.745371
331,48780,0.896846
331,74458,0.89644
331,4878,0.873142
331,48516,0.863767
331,1704,0.859001
331,44191,0.855336
331,109487,0.854441
331,3949,0.841767
331,4027,0.839376
331,4226,0.821831
331,68954,0.81896
331,5989,0.817751
331,1682,0.810253
331,8368,0.80956
331,47,0.807399
331,60069,0.800095
331,63082,0.785686
331,4011,0.779932
331,1089,0.77746
331,3996,0.774415
332,924,0.914319
332,1090,0.871436
332,1222,0.863608
332,1036,0.815031
332,5902,0.801343
332,2791,0.787165
332,1387,0.776585
332,2947,0.755187
332,1262,0.749588
332,2692,0.746825
332,1080,0.742049
332,457,0.737339
332,6502,0.734153
332,1610,0.733836
332,4878,0.73104
332,70286,0.72752
332,48774,0.718415
332,1408,0.717469
332,6377,0.715421
332,5418,0.714524
333,3793,0.789174
333,858,0.733478
333,1221,0.689419
333,3409,0.674446
333,3948,0.672041
333,2571,0.664955
333,2762,0.659576
333,4025,0.659159
333,908,0.655491
333,3535,0.6471
333,3510,0.646732
333,4022,0.643933
333,1198,0.641175
333,527,0.639116
333,3555,0.637042
333,3751,0.631569
333,3996,0.631475
333,377,0.613564
333,2490,0.613111
333,3897,0.610716
334,1197,0.855632
334,56367,0.842625
334,6539,0.807481
334,33794,0.795151
334,2791,0.765659
334,6874,0.758486
334,2716,0.753878
334,68954,0.742104
334,1193,0.733531
334,780,0.730466
334,2858,0.72893
334,1200,0.718601
334,4995,0.713949
334,110,0.711296
334,51255,0.70704
334,588,0.7041
334,7438,0.700876
334,150,0.700117
334,541,0.698403
334,8636,0.695138
335,260,0.914031
335,1210,0.814209
335,527,0.791815
335,47,0.782769
335,457,0.760498
335,2028,0.754419
335,2959,0.742469
335,608,0.737584
335,150,0.735115
335,858,0.724523
335,293,0.714471
335,480,0.713425
335,1198,0.707572
335,2858,0.684233
335,590,0.684093
335,223,0.679207
335,2762,0.659592
335,2329,0.658531
335,1136,0.65264
335,4993,0.646004
336,4226,0.973478
336,4993,0.971407
336,260,0.922317
336,6874,0.907665
336,608,0.902036
336,5952,0.879811
336,79132,0.871632
336,1221,0.868406
336,4306,0.862921
336,1653,0.851549
336,4995,0.850604
336,778,0.845228
336,1265,0.840828
336,5418,0.837622
336,44191,0.837122
336,457,0.833911
336,1210,0.830625
336,3578,0.828009
336,1193,0.822788
336,2542,0.81893
337,608,0.965429
337,52,0.847982
337,661,0.823724
337,858,0.819955
337,140,0.784759
337,296,0.769638
337,593,0.766623
337,58,0.76531
337,86,0.734935
337,647,0.717038
337,1367,0.716078
337,1196,0.715354
337,529,0.705396
337,18,0.702709
337,694,0.697473
337,1265,0.695781
337,1042,0.695628
337,837,0.691217
337,783,0.690321
337,527,0.685825
338,2571,0.856123
338,356,0.824504
338,7361,0.800459
338,1193,0.782206
338,4993,0.765461
338,79132,0.758477
338,4226,0.746225
338,260,0.742101
338,58559,0.725632
338,2329,0.717256
338,47,0.716148
338,2028,0.704518
338,1198,0.69515
338,6016,0.693512
338,2858,0.688131
338,608,0.667631
338,2762,0.667536
338,1196,0.662034
338,48516,0.657648
338,110,0.656613
339,5418,0.937694
339,2571,0.926264
339,1704,0.915417
339,1961,0.908472
339,1225,0.8911
339,1262,0.890479
339,1263,0.888168
339,1208,0.884257
339,2329,0.872262
339,49272,0.843889
339,1204,0.83354
339,1222,0.825896
339,4776,0.821981
339,4027,0.821692
339,4979,0.821165
339,3285,0.816937
339,112552,0.816221
339,53322,0.805424
339,122882,0.799365
339,54286,0.798606
340,593,0.940794
340,380,0.896907
340,377,0.872993
340,47,0.859273
340,588,0.845653
340,32,0.835962
340,434,0.797179
340,364,0.787093
340,527,0.785783
340,231,0.781944
340,300,0.763845
340,339,0.756254
340,1,0.754217
340,50,0.747116
340,367,0.724018
340,225,0.720393
340,500,0.711942
340,34,0.706233
340,587,0.697124
340,2,0.688581
341,318,0.938325
341,4306,0.889186
341,104,0.880162
341,296,0.863764
341,99114,0.856194
341,593,0.839547
341,109487,0.831668
341,106782,0.826391
341,31685,0.810495
341,588,0.801846
341,50872,0.79142
341,589,0.787756
341,2959,0.784978
341,122904,0.784281
341,3948,0.779077
341,150,0.770294
341,4246,0.768805
341,34162,0.766646
341,47,0.762075
341,92259,0.756185
342,2762,0.83343
342,2571,0.816486
342,2858,0.804808
342,2541,0.792679
342,541,0.763403
342,2763,0.737766
342,2700,0.735382
342,2694,0.726596
342,104,0.722986
342,2502,0.72089
342,2580,0.720859
342,260,0.713131
342,2712,0.710262
342,1196,0.705679
342,1093,0.704839
342,2396,0.70181
342,2572,0.694313
342,1673,0.689945
342,2028,0.688759
342,3793,0.688432
343,7361,0.931979
343,1197,0.911408
343,47,0.876375
343,58559,0.863793
343,356,0.861979
343,608,0.837781
343,4973,0.829699
343,293,0.828706
343,2028,0.825414
343,79132,0.821409
343,2762,0.77064
343,1136,0.769602
343,1193,0.766122
343,110,0.749488
343,8874,0.743807
343,48780,0.73721
343,1210,0.735843
343,33794,0.732315
343,44191,0.732272
343,6502,0.731302
344,4993,0.920705
344,1196,0.886602
344,3578,0.87691
344,2959,0.869886
344,5952,0.849089
344,4995,0.825818
344,1527,0.811279
344,589,0.809263
344,7153,0.808629
344,1580,0.780344
344,5349,0.772956
344,6377,0.765159
344,4886,0.761653
344,1198,0.760364
344,5445,0.759076
344,6333,0.752347
344,6539,0.748568
344,6874,0.731403
344,527,0.731138
344,58559,0.71372
345,541,0.886384
345,6502,0.882816
345,1269,0.87814
345,1196,0.873207
345,480,0.856852
345,910,0.852105
345,1304,0.844064
345,1079,0.840632
345,1569,0.84063
345,1270,0.839887
345,913,0.838108
345,2826,0.836984
345,356,0.830396
345,2571,0.827188
345,7361,0.827126
345,6947,0.825017
345,2724,0.819235
345,1230,0.818105
345,909,0.805934
345,1213,0.80462
346,2692,0.887952
346,1089,0.885186
346,7361,0.841107
346,4979,0.825868
346,6016,0.820149
346,1263,0.800756
346,4235,0.784632
346,593,0.78313
346,1235,0.778674
346,1199,0.777974
346,4226,0.7707
346,2329,0.765538
346,56782,0.760556
346,27773,0.758369
346,308,0.757241
346,2324,0.752984
346,908,0.751502
346,1244,0.73734
346,1265,0.727928
346,1921,0.725171
347,161,0.87979
347,349,0.868836
347,296,0.868549
347,593,0.864569
347,367,0.850309
347,318,0.838096
347,329,0.822233
347,300,0.767776
347,288,0.724736
347,527,0.695043
347,225,0.693598
347,410,0.674197
347,586,0.665113
347,50,0.664427
347,21,0.655846
347,440,0.648331
347,474,0.642336
347,736,0.628444
347,236,0.614743
347,350,0.6102
348,2571,0.988343
348,356,0.918796
348,7153,0.911019
348,1193,0.899613
348,1198,0.895591
348,904,0.852452
348,1089,0.810813
348,110,0.809193
348,47,0.807023
348,7361,0.802485
348,2762,0.801499
348,908,0.797254
348,2028,0.794355
348,48516,0.784124
348,1617,0.783495
348,1252,0.772553
348,1704,0.77132
348,923,0.767394
348,293,0.760943
348,1206,0.753031
349,110,0.905012
349,318,0.904213
349,457,0.901639
349,150,0.900646
349,380,0.898549
349,47,0.846658
349,592,0.836625
349,454,0.79212
349,339,0.764522
349,153,0.76408
349,300,0.7349
349,316,0.730483
349,292,0.718852
349,225,0.708126
349,329,0.705962
349,2,0.683533
349,50,0.681473
349,410,0.674766
349,39,0.67206
349,185,0.671791
350,780,0.853591
350,6,0.719363
350,628,0.70953
350,62,0.702976
350,25,0.679581
350,104,0.6789
350,36,0.66033
350,14,0.636692
350,3,0.624005
350,52,0.621264
350,9,0.612322
350,58,0.612229
350,783,0.611436
350,1196,0.608059
350,5,0.604923
350,140,0.59721
350,1198,0.58241
350,135,0.581623
350,1429,0.576788
350,762,0.566778
351,318,0.93406
351,858,0.880204
351,1221,0.858436
351,527,0.857575
351,74458,0.843571
351,4973,0.841812
351,3578,0.829107
351,50,0.822073
351,64614,0.817479
351,68954,0.815573
351,56367,0.813086
351,69481,0.807558
351,2329,0.794156
351,1387,0.788416
351,2858,0.778088
351,33794,0.775086
351,1258,0.77335
351,110,0.769614
351,5418,0.768148
351,106782,0.766971
352,858,0.89614
352,1653,0.889978
352,608,0.878002
352,3753,0.857997
352,36529,0.848965
352,2716,0.837444
352,70286,0.836854
352,55247,0.835644
352,1884,0.835176
352,73017,0.834813
352,364,0.832489
352,88129,0.81516
352,122886,0.812719
352,1193,0.812239
352,59784,0.807364
352,2791,0.801475
352,109374,0.799152
352,3175,0.79864
352,79702,0.797859
352,8950,0.79529
353,589,0.900636
353,356,0.888788
353,480,0.869402
353,50,0.867254
353,150,0.84413
353,474,0.799387
353,337,0.796622
353,500,0.79416
353,329,0.788591
353,16,0.787584
353,208,0.78601
353,551,0.78166
353,440,0.781431
353,300,0.780226
353,21,0.777027
353,377,0.763853
353,339,0.76253
353,586,0.75608
353,527,0.75314
353,350,0.73331
354,4022,0.882795
354,1653,0.881527
354,2012,0.873149
354,1200,0.867717
354,3948,0.8608
354,1391,0.820295
354,8874,0.818687
354,1259,0.81847
354,1246,0.817359
354,293,0.814094
354,2671,0.813837
354,500,0.811918
354,32587,0.811035
354,1307,0.797786
354,110,0.793848
354,3535,0.784959
354,2542,0.782992
354,6863,0.782002
354,1485,0.778206
354,1291,0.773948
355,1196,0.948981
355,2571,0.934175
355,356,0.925038
355,1210,0.917685
355,260,0.911869
355,2716,0.911806
355,898,0.891456
355,592,0.877756
355,1197,0.868157
355,2028,0.859943
355,902,0.852909
355,969,0.850935
355,110,0.847125
355,589,0.845631
355,590,0.826329
355,1291,0.816799
355,1270,0.807723
355,2683,0.80602
355,1221,0.80127
355,858,0.796543
356,34405,0.890282
356,6874,0.878009
356,3948,0.866215
356,2324,0.862395
356,235,0.840613
356,293,0.817309
356,4963,0.812742
356,6711,0.807511
356,3000,0.793446
356,4019,0.793394
356,39,0.791459
356,252,0.790138
356,5669,0.789382
356,47,0.783229
356,1288,0.782064
356,68358,0.780551
356,2174,0.778791
356,353,0.775271
356,1485,0.771041
356,3967,0.770188
357,912,0.954642
357,1288,0.931702
357,3052,0.883933
357,2997,0.863886
357,1732,0.839678
357,1203,0.831052
357,6787,0.82622
357,6539,0.825702
357,457,0.820362
357,6711,0.818742
357,2571,0.814568
357,247,0.812898
357,68157,0.811644
357,1193,0.811168
357,2908,0.807351
357,6936,0.805727
357,48774,0.79534
357,3362,0.79429
357,1079,0.792408
357,76093,0.789447
358,56367,0.860808
358,6942,0.858812
358,356,0.831384
358,68954,0.813339
358,597,0.812017
358,7451,0.810845
358,81845,0.810486
358,80549,0.808517
358,1197,0.80471
358,79132,0.793551
358,63082,0.783038
358,4995,0.782291
358,4973,0.778206
358,58559,0.777939
358,912,0.776808
358,2762,0.776252
358,6377,0.775546
358,5618,0.768008
358,5989,0.766311
358,2248,0.766045
359,356,0.893262
359,2762,0.836727
359,318,0.825813
359,32,0.823581
359,364,0.782121
359,3147,0.772092
359,2028,0.736247
359,500,0.71386
359,1210,0.707921
359,597,0.697455
359,3114,0.693064
359,110,0.685327
359,1784,0.678501
359,595,0.671945
359,1265,0.671822
359,3408,0.668772
359,1196,0.666426
359,260,0.665663
359,4973,0.664949
359,899,0.662719
360,1704,0.880867
360,1784,0.859215
360,1676,0.841714
360,1573,0.840085
360,1682,0.7863
360,904,0.781773
360,2324,0.779443
360,2353,0.773923
360,1923,0.772015
360,1206,0.762572
360,1183,0.748833
360,2762,0.74251
360,1060,0.736534
360,1518,0.735712
360,1252,0.735179
360,3147,0.734161
360,1370,0.733949
360,1610,0.728453
360,2278,0.723694
360,3255,0.718619
361,3578,0.862903
361,110,0.856275
361,2571,0.825
361,8665,0.815433
361,733,0.814034
361,1270,0.783016
361,648,0.776313
361,1240,0.769947
361,1265,0.766095
361,380,0.756596
361,3793,0.752718
361,2762,0.748167
361,2028,0.747828
361,1196,0.738811
361,165,0.737619
361,4022,0.736482
361,597,0.734985
361,364,0.732822
361,4306,0.731271
361,736,0.730497
362,527,0.968184
362,2028,0.950267
362,4226,0.927696
362,4011,0.925411
362,8950,0.855294
362,58559,0.853506
362,6016,0.850517
362,1884,0.843493
362,5445,0.833599
362,778,0.832732
362,2858,0.818827
362,3681,0.818394
362,1704,0.816636
362,7361,0.814565
362,1210,0.806182
362,44191,0.79833
362,59315,0.796495
362,99114,0.792129
362,32587,0.778844
362,904,0.776725
363,2959,0.87716
363,527,0.839026
363,2028,0.835317
363,356,0.805526
363,2762,0.801477
363,5952,0.795703
363,593,0.79136
363,1,0.790771
363,608,0.784833
363,1210,0.778793
363,2324,0.762485
363,778,0.757763
363,858,0.74615
363,1197,0.744722
363,79132,0.741801
363,58559,0.736902
363,3147,0.730751
363,2858,0.720138
363,36,0.707572
363,1682,0.702797
364,608,0.944463
364,6,0.913121
364,62,0.894434
364,112,0.857235
364,36,0.853792
364,788,0.848257
364,25,0.8394
364,653,0.83301
364,802,0.819978
364,1393,0.800485
364,17,0.789197
364,104,0.78627
364,3,0.781622
364,7,0.774262
364,14,0.770481
364,708,0.769684
364,852,0.766525
364,5,0.765392
364,58,0.763902
364,661,0.761577
365,60069,0.799962
365,35836,0.788836
365,4878,0.683278
365,2762,0.681186
365,7143,0.674042
365,1270,0.664246
365,106918,0.654586
365,67087,0.652089
365,54001,0.647925
365,88125,0.647722
365,2959,0.647499
365,6863,0.646334
365,7293,0.640899
365,2571,0.640807
365,1682,0.630309
365,69757,0.617519
365,8528,0.617468
365,68157,0.615527
365,91542,0.613429
365,1721,0.609147
366,5952,0.946409
366,2571,0.863902
366,318,0.803025
366,4226,0.794159
366,296,0.744893
366,2329,0.739467
366,293,0.737091
366,260,0.727319
366,356,0.71793
366,48780,0.717429
366,858,0.716247
366,1196,0.712226
366,1198,0.711431
366,68954,0.711173
366,50,0.70973
366,593,0.708435
366,527,0.684425
366,48394,0.677873
366,47,0.676035
366,74458,0.669577
367,1193,0.911349
367,3421,0.904813
367,2858,0.892621
367,2571,0.875901
367,2028,0.87465
367,1276,0.874594
367,597,0.852001
367,1210,0.845033
367,1721,0.834917
367,3108,0.82743
367,1073,0.817602
367,2100,0.814525
367,908,0.812746
367,595,0.80575
367,3147,0.804565
367,3552,0.803214
367,1394,0.802529
367,4246,0.802039
367,3897,0.801248
367,364,0.799653
368,541,0.874411
368,1206,0.789296
368,2019,0.759977
368,2989,0.734572
368,1754,0.730027
368,969,0.717288
368,3020,0.712724
368,1225,0.696201
368,1136,0.695543
368,2716,0.695212
368,2804,0.689498
368,1997,0.686504
368,553,0.686186
368,1641,0.684522
368,2707,0.681118
368,3671,0.679403
368,318,0.671096
368,912,0.670785
368,1207,0.669466
368,2160,0.668768
369,2997,0.873222
369,2858,0.84269
369,3578,0.828803
369,1265,0.814993
369,50,0.807841
369,750,0.802659
369,1210,0.797823
369,2502,0.789474
369,2791,0.788692
369,54286,0.784745
369,33794,0.776654
369,1222,0.774801
369,924,0.764442
369,4963,0.757084
369,7438,0.754348
369,44195,0.737693
369,40819,0.735674
369,2395,0.734437
369,58559,0.733118
369,2396,0.730482
370,110,0.892524
370,356,0.847319
370,2028,0.839483
370,3578,0.830825
370,1206,0.827779
370,3996,0.786367
370,6333,0.776605
370,8874,0.774732
370,858,0.773588
370,48516,0.771729
370,1258,0.764617
370,5349,0.763406
370,3793,0.748249
370,1214,0.740003
370,3052,0.739137
370,8368,0.734589
370,1213,0.734574
370,4027,0.728541
370,1923,0.717283
370,6016,0.716767
371,5618,0.98815
371,5952,0.952507
371,4878,0.922543
371,750,0.92032
371,2959,0.891082
371,541,0.876553
371,4896,0.854557
371,33794,0.849532
371,5971,0.839119
371,31658,0.83432
371,1222,0.834307
371,5816,0.830778
371,5349,0.828984
371,29,0.825149
371,8636,0.823329
371,1921,0.820054
371,1208,0.818422
371,1527,0.817501
371,1080,0.814089
371,6539,0.813836
372,912,0.893161
372,1225,0.769087
372,246,0.758317
372,480,0.753576
372,1207,0.742787
372,349,0.740187
372,368,0.730655
372,58,0.723289
372,919,0.722629
372,265,0.716825
372,923,0.715932
372,1234,0.712989
372,1247,0.712467
372,2542,0.700656
372,224,0.699953
372,1304,0.699327
372,780,0.697595
372,151,0.689398
372,2019,0.687653
372,610,0.686464
373,161,0.82336
373,588,0.813621
373,454,0.799126
373,595,0.792235
373,349,0.772119
373,293,0.767616
373,380,0.766211
373,474,0.760573
373,553,0.759536
373,339,0.752871
373,316,0.743613
373,597,0.726119
373,36,0.724645
373,223,0.714104
373,10,0.713791
373,39,0.703629
373,329,0.699114
373,165,0.693035
373,62,0.689791
373,151,0.68297
374,589,0.91481
374,593,0.835527
374,377,0.782825
374,47,0.770876
374,253,0.734314
374,1,0.708974
374,32,0.708724
374,292,0.704479
374,527,0.692119
374,364,0.690454
374,10,0.687718
374,339,0.673617
374,454,0.657557
374,50,0.657001
374,34,0.634373
374,1200,0.633869
374,300,0.626239
374,1387,0.623025
374,1214,0.606525
374,225,0.60555
375,2571,0.977989
375,110,0.902479
375,589,0.875096
375,527,0.869322
375,150,0.867556
375,480,0.867475
375,296,0.863253
375,2959,0.862488
375,2858,0.8446
375,593,0.838257
375,1210,0.828662
375,590,0.820779
375,457,0.814406
375,165,0.813129
375,50,0.808062
375,260,0.805837
375,47,0.805633
375,377,0.79432
375,2329,0.776135
375,4993,0.772759
376,3578,0.935758
376,318,0.882766
376,377,0.881854
376,4963,0.873307
376,4886,0.861991
376,6377,0.858103
376,1036,0.85771
376,5349,0.826624
376,1136,0.813669
376,924,0.812441
376,1,0.810845
376,3996,0.794231
376,592,0.793917
376,588,0.790219
376,6539,0.78828
376,1374,0.786816
376,50,0.78437
376,3114,0.784288
376,364,0.784241
376,593,0.779429
377,480,0.901595
377,1270,0.891298
377,6502,0.884821
377,910,0.882731
377,1321,0.870103
377,1204,0.867549
377,1213,0.858523
377,356,0.855938
377,1298,0.854927
377,541,0.853543
377,750,0.852294
377,33794,0.85176
377,1304,0.850868
377,3703,0.84615
377,5902,0.844143
377,1303,0.843464
377,2762,0.840991
377,898,0.838934
377,1967,0.837889
377,7361,0.837582
378,68157,0.943293
378,2571,0.936645
378,296,0.92791
378,1704,0.891234
378,356,0.856115
378,50,0.84686
378,6874,0.833312
378,2324,0.809919
378,2028,0.80926
378,6377,0.797252
378,3147,0.796487
378,47,0.780443
378,2762,0.778676
378,7361,0.768546
378,1221,0.765805
378,3578,0.758689
378,60069,0.757567
378,59315,0.752967
378,2858,0.750952
378,260,0.744434
379,593,0.876053
379,595,0.845589
379,588,0.830667
379,10,0.781069
379,329,0.767615
379,231,0.730199
379,300,0.723939
379,50,0.722065
379,225,0.688861
379,1,0.65663
379,357,0.653915
379,410,0.653131
379,474,0.642063
379,32,0.639348
379,266,0.633151
379,288,0.630929
379,440,0.621505
379,586,0.614576
379,2,0.613338
379,39,0.612245
380,778,0.941867
380,2329,0.932964
380,1961,0.879246
380,90866,0.863728
380,31658,0.84792
380,527,0.843781
380,3039,0.837293
380,4973,0.822521
380,44199,0.822007
380,4848,0.818934
380,2248,0.816119
380,253,0.802888
380,108932,0.802212
380,106696,0.801966
380,3448,0.797675
380,58803,0.790946
380,3101,0.789843
380,1090,0.78778
380,4816,0.785693
380,6879,0.783993
381,3147,0.907459
381,60069,0.833292
381,35836,0.788493
381,2321,0.78691
381,3275,0.777946
381,1148,0.776842
381,527,0.773196
381,4308,0.754107
381,2028,0.736372
381,38061,0.731838
381,899,0.721826
381,32587,0.718481
381,593,0.715711
381,2424,0.70649
381,2324,0.700011
381,7022,0.697792
381,2541,0.696903
381,7451,0.689253
381,296,0.686091
381,5072,0.684511
382,49272,0.902595
382,81845,0.884582
382,3671,0.861003
382,30812,0.859039
382,116797,0.840258
382,51662,0.829133
382,3000,0.820495
382,3175,0.815774
382,1203,0.81034
382,2858,0.807116
382,79091,0.804419
382,8961,0.798465
382,103335,0.791565
382,2542,0.790451
382,47,0.782964
382,32587,0.782878
382,2529,0.781362
382,3916,0.780876
382,1967,0.777081
382,44191,0.776537
383,1704,0.918896
383,527,0.911675
383,1961,0.885474
383,4995,0.864723
383,899,0.836927
383,1225,0.83169
383,1307,0.811234
383,1784,0.805936
383,2580,0.805241
383,2571,0.800291
383,356,0.800031
383,2028,0.797501
383,3147,0.792009
383,1641,0.791062
383,953,0.789321
383,1265,0.784547
383,912,0.783452
383,3114,0.781393
383,2268,0.777635
383,1197,0.774342
384,541,0.854814
384,2858,0.845363
384,2716,0.843985
384,2762,0.814112
384,2571,0.812282
384,2700,0.810901
384,1961,0.810889
384,1653,0.807948
384,1225,0.80251
384,3578,0.782526
384,2329,0.778962
384,1213,0.774727
384,2028,0.773555
384,231,0.772116
384,32,0.771405
384,1270,0.761282
384,356,0.759008
384,590,0.758622
384,1093,0.751873
384,1208,0.748942
385,527,0.892246
385,474,0.824389
385,733,0.823085
385,1214,0.817406
385,515,0.807121
385,1242,0.805356
385,110,0.802752
385,111,0.786878
385,923,0.784445
385,377,0.779838
385,1207,0.7797
385,1374,0.777535
385,2019,0.761695
385,34,0.740203
385,293,0.740104
385,778,0.716118
385,912,0.708591
385,47,0.707524
385,1247,0.706529
385,454,0.703345
386,356,0.818471
386,454,0.789889
386,150,0.753518
386,253,0.727611
386,364,0.72001
386,588,0.717832
386,225,0.704202
386,344,0.699393
386,1,0.695153
386,95,0.662617
386,231,0.661443
386,587,0.654235
386,111,0.652804
386,500,0.651659
386,595,0.647435
386,555,0.635219
386,266,0.631288
386,597,0.629184
386,339,0.628178
386,353,0.620674
387,1217,0.909235
387,3022,0.8298
387,3160,0.803828
387,3508,0.795954
387,69,0.793655
387,58559,0.791038
387,5418,0.786964
387,357,0.784045
387,2083,0.783431
387,247,0.783214
387,3019,0.781718
387,5679,0.778901
387,2078,0.776149
387,671,0.773874
387,2268,0.773216
387,4720,0.772764
387,2273,0.768769
387,3703,0.765069
387,1257,0.764374
387,2355,0.764107
388,4886,0.889637
388,6539,0.853899
388,8961,0.853044
388,50872,0.793211
388,78499,0.780071
388,3114,0.76771
388,1148,0.762443
388,45517,0.758195
388,1270,0.754202
388,60069,0.747467
388,8368,0.743971
388,72998,0.739001
388,4963,0.738019
388,5952,0.734912
388,38038,0.725721
388,68954,0.7245
388,59784,0.723077
388,1,0.72003
388,5816,0.719491
388,1580,0.715949
389,1073,0.926265
389,608,0.876145
389,36,0.84531
389,708,0.814632
389,1393,0.8088
389,1210,0.807341
389,7,0.803609
389,3,0.800732
389,58,0.779126
389,852,0.777988
389,661,0.775637
389,14,0.76852
389,52,0.756094
389,783,0.725581
389,135,0.703318
389,1429,0.700815
389,74,0.696121
389,858,0.689984
389,79,0.68957
389,647,0.67688
390,318,0.955521
390,3949,0.891033
390,356,0.888145
390,296,0.879682
390,3147,0.87948
390,4848,0.877617
390,6711,0.860148
390,2028,0.853164
390,4995,0.832227
390,593,0.80434
390,79132,0.800035
390,68157,0.795483
390,6874,0.787257
390,1704,0.786366
390,50,0.78292
390,48394,0.773724
390,2324,0.771553
390,2692,0.771313
390,47,0.768029
390,4878,0.767659
391,2700,0.875474
391,1387,0.870187
391,1198,0.849089
391,2761,0.828352
391,235,0.826241
391,2000,0.806614
391,919,0.783287
391,1073,0.781023
391,1625,0.776477
391,1079,0.768925
391,316,0.766816
391,916,0.76404
391,2467,0.754378
391,1278,0.752889
391,3147,0.752614
391,1394,0.751208
391,2819,0.744316
391,913,0.741194
391,1584,0.740952
391,1217,0.737742
392,2571,0.928288
392,858,0.894881
392,2959,0.868857
392,260,0.842755
392,1196,0.81784
392,2762,0.811734
392,1213,0.811184
392,2028,0.806542
392,3793,0.76465
392,541,0.758624
392,2329,0.755879
392,3578,0.747716
392,1210,0.735882
392,1136,0.728256
392,2502,0.720412
392,2716,0.712898
392,1089,0.70874
392,223,0.706759
392,1214,0.70434
392,1206,0.703731
393,8961,0.882076
393,48780,0.871503
393,6934,0.844746
393,7361,0.834362
393,4306,0.81299
393,48516,0.794492
393,8874,0.792749
393,4886,0.792702
393,60069,0.787526
393,1196,0.784476
393,5989,0.779798
393,7143,0.778699
393,260,0.774926
393,5903,0.77446
393,318,0.772949
393,68954,0.761654
393,47,0.757203
393,48774,0.757019
393,111,0.754066
393,5618,0.750472
394,318,0.875239
394,589,0.873783
394,296,0.843597
394,161,0.791824
394,349,0.789051
394,593,0.78725
394,165,0.768492
394,292,0.755018
394,377,0.754188
394,364,0.738105
394,527,0.72481
394,47,0.719676
394,434,0.717848
394,329,0.713707
394,231,0.676242
394,300,0.67511
394,10,0.663904
394,253,0.662565
394,32,0.630227
394,500,0.62619
395,457,0.804765
395,344,0.776797
395,349,0.748386
395,150,0.739985
395,161,0.719819
395,153,0.711526
395,594,0.704602
395,553,0.697722
395,318,0.694578
395,593,0.692688
395,434,0.68998
395,47,0.670974
395,253,0.663823
395,292,0.659393
395,587,0.657353
395,350,0.648883
395,539,0.648708
395,454,0.647382
395,185,0.64118
395,442,0.6278
396,296,0.873738
396,2324,0.853566
396,593,0.842808
396,527,0.819066
396,4226,0.812907
396,2858,0.812348
396,608,0.811272
396,356,0.810979
396,1704,0.808988
396,2959,0.800334
396,858,0.79202
396,1193,0.778646
396,904,0.768901
396,4306,0.767834
396,2571,0.766685
396,1207,0.758765
396,2762,0.753892
396,588,0.743368
396,4993,0.743333
396,5952,0.724838
397,910,0.943792
397,4973,0.902685
397,1172,0.863437
397,913,0.858957
397,904,0.83167
397,1247,0.811763
397,1267,0.808731
397,903,0.806542
397,858,0.79954
397,898,0.797501
397,7361,0.796242
397,930,0.796078
397,1219,0.788606
397,6711,0.786983
397,909,0.784816
397,1262,0.784173
397,1204,0.777145
397,1945,0.774974
397,50,0.768401
397,912,0.768128
398,58559,0.956338
398,899,0.910035
398,1270,0.883954
398,4878,0.865855
398,56367,0.862652
398,1196,0.849786
398,6016,0.848025
398,4226,0.8433
398,1246,0.83809
398,260,0.836601
398,1035,0.834271
398,2571,0.831807
398,4308,0.830296
398,50,0.829961
398,1259,0.827749
398,2959,0.826041
398,6350,0.825736
398,318,0.817587
398,3949,0.817409
398,1234,0.806241
399,318,0.939334
399,2028,0.840226
399,858,0.781269
399,6539,0.781157
399,4226,0.737841
399,58559,0.726677
399,1240,0.718172
399,1197,0.717065
399,1036,0.716007
399,5349,0.676867
399,1200,0.676076
399,79132,0.676076
399,457,0.671388
399,588,0.668094
399,1214,0.667564
399,1704,0.667056
399,150,0.664092
399,590,0.663016
399,3147,0.657365
399,7361,0.656585
400,5952,0.929443
400,2028,0.926739
400,110,0.925978
400,4226,0.894383
400,527,0.874705
400,2858,0.872636
400,1291,0.860216
400,1089,0.850149
400,2329,0.849969
400,6016,0.845693
400,589,0.831569
400,91529,0.794502
400,1704,0.779527
400,68157,0.777956
400,7361,0.777027
400,2762,0.768762
400,1214,0.767954
400,60069,0.765781
400,1136,0.763315
400,4011,0.759805
401,4896,0.875944
401,8368,0.865099
401,5618,0.79634
401,69844,0.783486
401,40815,0.7778
401,5816,0.763953
401,1197,0.756671
401,115617,0.748494
401,79132,0.744041
401,54001,0.737256
401,33794,0.727406
401,109487,0.727192
401,48394,0.723383
401,122904,0.722827
401,58559,0.711327
401,2081,0.708026
401,41566,0.700277
401,260,0.698232
401,1148,0.698163
401,81834,0.691237
402,648,0.87988
402,110,0.871807
402,1,0.866871
402,318,0.841234
402,733,0.831591
402,6,0.823058
402,32,0.811382
402,356,0.806991
402,150,0.7857
402,10,0.777676
402,454,0.764671
402,608,0.742882
402,590,0.730873
402,1073,0.714266
402,141,0.71392
402,50,0.703223
402,34,0.697419
402,292,0.693698
402,592,0.691941
402,161,0.689576
403,2959,0.944701
403,318,0.891222
403,2858,0.860347
403,527,0.853846
403,1222,0.848196
403,608,0.832318
403,2028,0.831611
403,50,0.828938
403,2571,0.826417
403,593,0.825767
403,4011,0.808446
403,1196,0.753913
403,356,0.749827
403,1221,0.74749
403,2194,0.731931
403,1203,0.729903
403,1036,0.729753
403,260,0.724812
403,1197,0.724217
403,1617,0.724128
404,150,0.84731
404,595,0.819827
404,592,0.752484
404,50,0.74856
404,300,0.746146
404,589,0.733051
404,329,0.70089
404,253,0.699516
404,39,0.673279
404,344,0.660273
404,225,0.659865
404,153,0.658771
404,10,0.63704
404,337,0.633745
404,410,0.630153
404,288,0.624304
404,1,0.621065
404,282,0.588534
404,252,0.584792
404,2,0.584333
405,2858,0.93245
405,2542,0.91921
405,1208,0.915597
405,778,0.913975
405,924,0.913489
405,1201,0.91011
405,47,0.890763
405,48516,0.884648
405,608,0.878271
405,50,0.864802
405,1221,0.85935
405,6874,0.85365
405,80463,0.847411
405,2997,0.844741
405,235,0.842241
405,1200,0.839659
405,7361,0.837436
405,6016,0.825789
405,555,0.823813
405,318,0.816594
406,616,0.826083
406,594,0.815315
406,1028,0.81341
406,1029,0.811545
406,2087,0.808021
406,919,0.804872
406,1032,0.800197
406,2572,0.790687
406,1380,0.790628
406,2485,0.778764
406,1242,0.771653
406,1213,0.770995
406,39,0.76998
406,2581,0.763494
406,2078,0.762479
406,1088,0.759989
406,16,0.75561
406,1025,0.75218
406,596,0.751648
406,1777,0.751413
407,1198,0.90831
407,79132,0.868106
407,318,0.81717
407,3578,0.798799
407,110,0.777247
407,1210,0.773879
407,356,0.766071
407,4226,0.76294
407,109487,0.750523
407,91529,0.736208
407,33794,0.725438
407,858,0.699654
407,296,0.697175
407,527,0.693491
407,593,0.691738
407,116797,0.6911
407,4306,0.689246
407,1197,0.684931
407,68157,0.675164
407,2762,0.668007
408,59315,0.936195
408,99114,0.850105
408,150,0.830719
408,50,0.829854
408,60069,0.823877
408,296,0.823677
408,51255,0.818349
408,122886,0.813685
408,8665,0.806186
408,1250,0.805818
408,8368,0.804235
408,112852,0.800548
408,52973,0.799735
408,115149,0.789507
408,2716,0.78488
408,35836,0.783475
408,593,0.78143
408,57669,0.780245
408,122882,0.779481
408,293,0.778663
409,1198,0.952241
409,541,0.880925
409,923,0.877585
409,2959,0.869843
409,1207,0.85973
409,1252,0.859637
409,2804,0.856748
409,1208,0.855451
409,1235,0.850207
409,50,0.838517
409,2571,0.820155
409,1288,0.82007
409,3552,0.817168
409,953,0.816802
409,750,0.81471
409,2502,0.813571
409,1258,0.807198
409,1261,0.805832
409,2915,0.800633
409,1196,0.799229
410,1219,0.944415
410,608,0.834515
410,930,0.827235
410,3507,0.819716
410,1265,0.813732
410,1968,0.804718
410,1193,0.797587
410,910,0.794677
410,1283,0.793183
410,3897,0.792558
410,3435,0.786365
410,1278,0.782944
410,2599,0.780199
410,933,0.772933
410,50,0.772062
410,898,0.76877
410,215,0.76651
410,471,0.764084
410,2918,0.762966
410,1199,0.762211
411,588,0.87325
411,337,0.864877
411,595,0.823059
411,39,0.788937
411,153,0.735461
411,497,0.730883
411,293,0.716598
411,410,0.711284
411,552,0.683005
411,163,0.675649
411,475,0.667526
411,168,0.665038
411,317,0.662994
411,594,0.659494
411,315,0.654167
411,333,0.65032
411,48,0.648882
411,32,0.64375
411,17,0.64326
411,16,0.641748
412,912,0.942502
412,50,0.884922
412,260,0.875617
412,1193,0.86882
412,1198,0.865732
412,750,0.86252
412,1196,0.850687
412,356,0.842007
412,1267,0.830051
412,1213,0.829105
412,1704,0.816813
412,3114,0.813545
412,1086,0.801153
412,1265,0.792994
412,2997,0.787299
412,318,0.783863
412,2599,0.783221
412,2987,0.78092
412,1207,0.777832
412,1203,0.776653
413,356,0.993236
413,50,0.953478
413,2571,0.91019
413,2762,0.869529
413,110,0.852344
413,1721,0.8331
413,47,0.796171
413,3578,0.79561
413,48516,0.7915
413,58559,0.78445
413,79132,0.769812
413,5989,0.768043
413,1265,0.76583
413,4995,0.762045
413,6874,0.760084
413,150,0.758608
413,91529,0.75723
413,2324,0.757154
413,7153,0.755598
413,5418,0.752071
414,1203,0.924877
414,800,0.893407
414,31658,0.837051
414,2568,0.832981
414,954,0.816921
414,5014,0.816072
414,1959,0.815075
414,1251,0.801544
414,6461,0.797856
414,154,0.796702
414,2186,0.795125
414,52328,0.78683
414,1283,0.781713
414,92535,0.781128
414,93838,0.780727
414,2583,0.768426
414,422,0.767757
414,3182,0.766709
414,117533,0.763747
414,3153,0.758655
415,527,0.941411
415,1089,0.857077
415,923,0.84108
415,1,0.839632
415,1136,0.839017
415,2028,0.824897
415,912,0.82251
415,1704,0.782584
415,910,0.772624
415,110,0.763476
415,1617,0.755797
415,1207,0.74886
415,2502,0.739611
415,1208,0.733603
415,27773,0.725363
415,590,0.720016
415,2076,0.719574
415,953,0.71341
415,1196,0.713096
415,4886,0.71141
416,593,0.850537
416,7361,0.836952
416,4878,0.769998
416,4226,0.768415
416,4993,0.763375
416,858,0.73114
416,7153,0.72459
416,47,0.716435
416,2329,0.705596
416,912,0.695834
416,111,0.690206
416,2028,0.683578
416,1265,0.681407
416,2692,0.673336
416,4027,0.667459
416,6711,0.661375
416,1193,0.656929
416,50,0.656258
416,6016,0.649385
416,5618,0.642146
417,527,0.980913
417,293,0.941066
417,48516,0.938595
417,50,0.921027
417,7361,0.893452
417,2028,0.88426
417,48780,0.876505
417,91529,0.875956
417,116797,0.870452
417,4973,0.868262
417,3147,0.860165
417,99114,0.859952
417,44191,0.84169
417,2324,0.840281
417,68954,0.834606
417,608,0.829421
417,4011,0.795733
417,109374,0.792964
417,6539,0.789425
417,5989,0.786299
418,1193,0.900793
418,1213,0.893885
418,58559,0.887154
418,858,0.88293
418,1968,0.858727
418,1089,0.856537
418,608,0.854825
418,4973,0.85174
418,6539,0.851029
418,2571,0.849067
418,106782,0.836399
418,1203,0.828784
418,5618,0.826275
418,1198,0.818637
418,1197,0.807348
418,2028,0.806639
418,47,0.802077
418,4896,0.799032
418,91529,0.797918
418,750,0.796367
419,48516,0.925828
419,1732,0.89269
419,6874,0.890853
419,16,0.883778
419,44191,0.844499
419,69122,0.837025
419,79132,0.836396
419,3948,0.83321
419,457,0.826595
419,733,0.820405
419,150,0.820323
419,5989,0.812226
419,4011,0.80891
419,99114,0.802787
419,6,0.802011
419,74458,0.797066
419,1580,0.792061
419,1258,0.788219
419,1193,0.78187
419,1625,0.781188
420,2502,0.907188
420,6377,0.905059
420,1258,0.890539
420,2997,0.886206
420,1265,0.870079
420,60069,0.866675
420,4226,0.846311
420,1225,0.840532
420,593,0.832567
420,1204,0.828882
420,6365,0.823241
420,63082,0.82162
420,922,0.818312
420,5618,0.812778
420,72998,0.810547
420,6373,0.808345
420,8961,0.802953
420,33794,0.800702
420,1148,0.795046
420,595,0.793166
421,858,0.942879
421,1276,0.88174
421,296,0.877667
421,111,0.857595
421,356,0.847575
421,1219,0.842064
421,908,0.830038
421,1221,0.826872
421,2028,0.808301
421,608,0.807441
421,2762,0.798782
421,1213,0.796713
421,1252,0.786645
421,923,0.783282
421,1704,0.779813
421,903,0.777128
421,2959,0.775807
421,6016,0.772272
421,4973,0.763045
421,750,0.760187
422,593,0.897192
422,2858,0.821125
422,608,0.812473
422,296,0.785578
422,1276,0.782109
422,111,0.779291
422,2571,0.765121
422,1073,0.764289
422,2762,0.760166
422,527,0.751422
422,2028,0.732322
422,1196,0.727957
422,1219,0.721443
422,1214,0.716386
422,1198,0.690869
422,1258,0.684878
422,1210,0.683982
422,908,0.682123
422,4027,0.6799
422,356,0.677464
423,593,0.88084
423,2571,0.859844
423,527,0.80019
423,1196,0.7597
423,2028,0.755639
423,380,0.742963
423,50,0.736882
423,1210,0.735802
423,1198,0.73051
423,260,0.724912
423,590,0.724079
423,47,0.722244
423,1270,0.695239
423,4993,0.69166
423,1036,0.68621
423,377,0.683439
423,1240,0.678516
423,32,0.673574
423,5952,0.669402
423,592,0.661105
424,1732,0.874879
424,1206,0.750606
424,3147,0.74348
424,16,0.723763
424,1059,0.722996
424,2997,0.719809
424,4239,0.694776
424,91529,0.680425
424,6016,0.671527
424,356,0.669037
424,80463,0.667862
424,3275,0.660362
424,1222,0.650387
424,4011,0.646124
424,527,0.645481
424,2324,0.644611
424,4995,0.644225
424,64614,0.640715
424,70,0.632191
424,56782,0.629454
425,1193,0.865276
425,1,0.864407
425,30707,0.83536
425,6711,0.799176
425,595,0.789749
425,223,0.784403
425,6870,0.778103
425,8636,0.773294
425,653,0.772613
425,2763,0.768315
425,163,0.760624
425,153,0.756941
425,2174,0.753013
425,8784,0.751811
425,2194,0.742522
425,1213,0.740475
425,2542,0.737311
425,475,0.735676
425,2396,0.735094
425,48516,0.732544
426,6539,0.867244
426,72998,0.756941
426,527,0.73798
426,5218,0.727782
426,4963,0.71395
426,5618,0.695814
426,3147,0.680769
426,41566,0.679844
426,6711,0.673458
426,8636,0.661828
426,1,0.654369
426,590,0.651263
426,4447,0.645344
426,4018,0.641929
426,1682,0.640762
426,1580,0.638423
426,81845,0.638134
426,5464,0.637689
426,30749,0.62721
426,2144,0.626906
427,4886,0.850721
427,5989,0.83233
427,4848,0.823265
427,7153,0.803364
427,223,0.755612
427,2028,0.747654
427,2571,0.742197
427,5991,0.727346
427,318,0.724995
427,111,0.706731
427,4308,0.699441
427,3147,0.691469
427,5013,0.687107
427,4306,0.685899
427,8368,0.683066
427,1222,0.682061
427,5218,0.680517
427,6539,0.67932
427,527,0.679032
427,6,0.668969
428,4226,0.878168
428,1,0.787654
428,2502,0.783291
428,1215,0.744759
428,2987,0.73652
428,3275,0.731479
428,4011,0.72776
428,1517,0.726167
428,1197,0.725921
428,47,0.723574
428,1198,0.715797
428,8961,0.708913
428,318,0.708859
428,1967,0.70007
428,4085,0.698263
428,7090,0.694577
428,6857,0.693735
428,1036,0.69054
428,4027,0.682347
428,924,0.681735
429,457,0.958193
429,356,0.934275
429,454,0.921149
429,364,0.882696
429,350,0.866558
429,110,0.863071
429,34,0.859784
429,253,0.853576
429,539,0.851944
429,318,0.849902
429,11,0.844587
429,440,0.826594
429,474,0.819981
429,368,0.819217
429,377,0.815168
429,39,0.80497
429,480,0.801219
429,587,0.799045
429,527,0.799039
429,589,0.797973
430,1580,0.888977
430,2959,0.830738
430,4995,0.808453
430,4886,0.786314
430,2028,0.774241
430,3175,0.765481
430,260,0.754941
430,1270,0.753422
430,1265,0.749245
430,2324,0.730565
430,7361,0.729588
430,527,0.724015
430,2628,0.721651
430,1784,0.720906
430,1196,0.712381
430,1097,0.711905
430,3147,0.704421
430,4979,0.700156
430,1682,0.696854
430,2502,0.696642
431,293,0.858774
431,6,0.834709
431,2542,0.815835
431,16,0.770684
431,1148,0.768067
431,223,0.764748
431,1276,0.748145
431,1208,0.740833
431,1732,0.738201
431,1222,0.737059
431,1201,0.732031
431,1266,0.731776
431,1221,0.730284
431,553,0.727603
431,1193,0.727578
431,858,0.720243
431,1089,0.717266
431,745,0.714835
431,2194,0.713202
431,368,0.711524
432,1193,0.933946
432,8970,0.828333
432,30749,0.811033
432,34,0.804727
432,8961,0.803406
432,33794,0.801793
432,55118,0.797721
432,7361,0.794778
432,88163,0.793377
432,4034,0.778086
432,736,0.777351
432,32,0.774569
432,4239,0.770588
432,4011,0.769743
432,33166,0.769024
432,17,0.768411
432,1307,0.766773
432,2028,0.765912
432,8132,0.764512
432,1393,0.764156
433,356,0.895884
433,858,0.874586
433,1213,0.864954
433,2571,0.854831
433,4226,0.830666
433,293,0.824474
433,1193,0.818986
433,1221,0.817808
433,68157,0.813507
433,58559,0.807965
433,2028,0.799026
433,2858,0.776079
433,48516,0.759293
433,260,0.741281
433,111,0.739775
433,7153,0.735415
433,4993,0.722952
433,1704,0.719861
433,3949,0.702979
433,5952,0.690903
434,50,0.909016
434,6539,0.877337
434,4973,0.842649
434,1080,0.835492
434,1968,0.820353
434,1198,0.817153
434,3949,0.810546
434,457,0.795918
434,32587,0.781922
434,79132,0.77765
434,1682,0.75386
434,1625,0.74792
434,1961,0.74784
434,4027,0.739402
434,1225,0.718479
434,1259,0.713508
434,2987,0.709261
434,2997,0.701807
434,1610,0.700062
434,16,0.699926
435,2571,0.96194
435,7153,0.939506
435,4993,0.928198
435,5952,0.916824
435,2329,0.898175
435,68157,0.879835
435,4226,0.868424
435,91529,0.851039
435,293,0.842712
435,4878,0.837107
435,356,0.831941
435,296,0.820233
435,6016,0.802569
435,1089,0.795354
435,3949,0.793446
435,1704,0.791208
435,48394,0.787283
435,223,0.783503
435,2028,0.779457
435,1198,0.777168
436,590,0.874663
436,553,0.833059
436,296,0.817384
436,110,0.805906
436,10,0.80249
436,329,0.796604
436,337,0.761101
436,225,0.757667
436,47,0.74909
436,252,0.744404
436,236,0.744078
436,353,0.734055
436,185,0.725069
436,282,0.721884
436,277,0.72018
436,153,0.719389
436,168,0.71421
436,253,0.714044
436,216,0.713643
436,357,0.712419
437,593,0.943494
437,21,0.871479
437,457,0.857682
437,1,0.84847
437,1198,0.828922
437,1233,0.813408
437,778,0.802313
437,858,0.801776
437,474,0.797611
437,541,0.790114
437,235,0.789493
437,480,0.7888
437,589,0.788644
437,11,0.787425
437,1196,0.781745
437,265,0.770431
437,1036,0.770407
437,475,0.769141
437,1221,0.761027
437,266,0.759319
438,1923,0.84208
438,858,0.839673
438,2,0.823076
438,3911,0.804713
438,2324,0.780709
438,44199,0.762814
438,1221,0.761622
438,293,0.760287
438,2019,0.759319
438,1307,0.738133
438,58559,0.734637
438,2890,0.725708
438,3253,0.719898
438,54997,0.719692
438,2268,0.719161
438,6287,0.71632
438,50,0.714347
438,5528,0.711696
438,4238,0.710217
438,1645,0.708591
439,593,0.938846
439,260,0.938569
439,1196,0.921764
439,296,0.911988
439,2959,0.892137
439,1210,0.820583
439,3578,0.81757
439,2762,0.801128
439,4306,0.786892
439,79132,0.783043
439,58559,0.769096
439,480,0.764978
439,1,0.756695
439,2858,0.756471
439,858,0.751405
439,457,0.741272
439,4226,0.740336
439,3147,0.739884
439,150,0.72656
439,47,0.723213
440,2959,0.920043
440,750,0.914301
440,2858,0.908947
440,2968,0.902069
440,1584,0.88792
440,32,0.886532
440,1206,0.871335
440,1200,0.87044
440,3000,0.864281
440,2571,0.855116
440,5618,0.854718
440,5902,0.85093
440,1208,0.848827
440,58559,0.848081
440,1196,0.845602
440,1258,0.836418
440,4226,0.821279
440,5971,0.821211
440,1175,0.818455
440,2021,0.803617
441,318,1.0
441,5952,0.863403
441,356,0.861882
441,2329,0.834079
441,4226,0.826449
441,1291,0.825439
441,79132,0.818546
441,110,0.812567
441,2858,0.803588
441,2028,0.802906
441,1210,0.796185
441,3578,0.791857
441,1213,0.784653
441,99114,0.779302
441,50,0.761333
441,1,0.760419
441,1136,0.756644
441,1197,0.753356
441,1270,0.75089
441,858,0.749335
442,58559,0.676995
442,1235,0.659329
442,953,0.656129
442,912,0.654646
442,1093,0.65414
442,3535,0.652631
442,1084,0.639795
442,2968,0.634762
442,858,0.633282
442,553,0.632008
442,60069,0.621456
442,520,0.620098
442,261,0.612498
442,914,0.610873
442,4011,0.607939
442,2580,0.606419
442,3448,0.604121
442,4034,0.602322
442,2541,0.59185
442,910,0.58854
443,527,0.922376
443,58559,0.856301
443,2028,0.845013
443,858,0.809815
443,1198,0.796482
443,1196,0.780787
443,50,0.772281
443,68954,0.75232
443,47,0.745281
443,4973,0.736143
443,4226,0.735332
443,109487,0.723709
443,2324,0.718699
443,60069,0.708224
443,3147,0.706545
443,4306,0.704411
443,6377,0.70401
443,6539,0.700481
443,99114,0.693918
443,92259,0.693445
444,590,0.898646
444,457,0.87808
444,150,0.820644
444,161,0.810923
444,32,0.796294
444,377,0.785764
444,349,0.772852
444,253,0.771811
444,153,0.759919
444,597,0.75088
444,364,0.750294
444,588,0.747846
444,587,0.737443
444,292,0.736786
444,10,0.736398
444,165,0.73283
444,293,0.730229
444,434,0.717579
444,34,0.715729
444,474,0.705478
445,318,0.930417
445,4226,0.851806
445,1193,0.793874
445,2858,0.786555
445,1198,0.768627
445,50,0.767306
445,2329,0.750379
445,68954,0.726889
445,48516,0.713146
445,1196,0.705766
445,46578,0.703393
445,858,0.694493
445,44191,0.688576
445,1,0.67201
445,904,0.666946
445,6539,0.666816
445,3949,0.663613
445,1213,0.66046
445,6874,0.658923
445,1208,0.657513
446,318,0.883682
446,110,0.871447
446,161,0.854778
446,185,0.735402
446,344,0.733605
446,410,0.704086
446,1,0.699213
446,474,0.698395
446,225,0.696079
446,553,0.674476
446,62,0.66362
446,36,0.627623
446,163,0.607725
446,261,0.60183
446,6,0.599279
446,353,0.598326
446,293,0.595698
446,475,0.590715
446,736,0.590483
446,272,0.580078
447,527,0.941725
447,161,0.901354
447,47,0.881792
447,539,0.814424
447,185,0.789997
447,34,0.789113
447,317,0.776158
447,231,0.767715
447,252,0.757459
447,300,0.752856
447,208,0.747369
447,50,0.740127
447,509,0.736091
447,282,0.735267
447,21,0.730371
447,158,0.72751
447,11,0.726123
447,440,0.724647
447,39,0.715811
447,261,0.711673
448,34,0.773757
448,2161,0.757497
448,318,0.730533
448,750,0.721881
448,7090,0.721093
448,44555,0.704496
448,551,0.692331
448,236,0.687196
448,922,0.683359
448,2324,0.680354
448,5902,0.680152
448,272,0.680046
448,141,0.678484
448,4642,0.677063
448,175,0.671832
448,3252,0.669414
448,1203,0.669287
448,62,0.669026
448,8132,0.659575
448,3836,0.658678
449,296,0.881354
449,2571,0.84906
449,47,0.752482
449,4993,0.744617
449,356,0.743078
449,7361,0.741415
449,593,0.732507
449,2762,0.728794
449,1089,0.714149
449,2028,0.70939
449,6874,0.702446
449,1704,0.694922
449,3578,0.686754
449,1213,0.686532
449,4995,0.683643
449,7153,0.679565
449,1732,0.674298
449,608,0.670555
449,3949,0.661362
449,1208,0.654165
450,858,0.969876
450,593,0.909785
450,1196,0.881415
450,1198,0.843778
450,1210,0.837124
450,3578,0.823155
450,2571,0.814785
450,608,0.814196
450,780,0.811769
450,1258,0.804046
450,527,0.80397
450,1221,0.777713
450,3793,0.774436
450,2762,0.763949
450,2959,0.752383
450,364,0.751311
450,733,0.745762
450,1214,0.738894
450,4011,0.73881
450,912,0.73761
451,260,0.90627
451,36,0.896258
451,62,0.877575
451,14,0.802981
451,628,0.797384
451,1393,0.788517
451,653,0.777232
451,1210,0.754817
451,3,0.753972
451,52,0.743868
451,58,0.723232
451,832,0.721203
451,104,0.711363
451,719,0.681934
451,9,0.676342
451,140,0.675827
451,783,0.67532
451,50,0.668476
451,47,0.663511
451,16,0.662334
452,1208,1.0
452,2997,0.972151
452,1213,0.969301
452,593,0.961424
452,2716,0.945682
452,296,0.91837
452,3948,0.916725
452,3408,0.907274
452,2985,0.898474
452,1090,0.897145
452,457,0.89489
452,1233,0.893181
452,2959,0.891048
452,2692,0.889818
452,923,0.885956
452,1370,0.885839
452,368,0.882256
452,1377,0.878615
452,1923,0.871568
452,733,0.869968
453,3408,0.904356
453,1517,0.823641
453,866,0.794412
453,4239,0.783907
453,1608,0.781506
453,2078,0.772854
453,2501,0.764906
453,150,0.762958
453,3624,0.760963
453,2268,0.759984
453,2490,0.758591
453,3994,0.757115
453,2194,0.753448
453,500,0.751248
453,1213,0.749723
453,5013,0.744516
453,6,0.744336
453,3176,0.739486
453,1476,0.73841
453,293,0.738358
454,2959,0.943656
454,750,0.902374
454,608,0.884722
454,1193,0.878166
454,4226,0.845704
454,1258,0.84032
454,47,0.830696
454,1206,0.830112
454,293,0.792501
454,2329,0.785696
454,858,0.783857
454,7438,0.765224
454,903,0.764059
454,3897,0.755609
454,4848,0.755228
454,4973,0.745749
454,593,0.743662
454,912,0.738869
454,1213,0.735606
454,6711,0.731829
455,296,0.896397
455,185,0.760961
455,47,0.760781
455,208,0.712037
455,153,0.711006
455,39,0.697954
455,474,0.685155
455,21,0.672958
455,10,0.672021
455,553,0.670089
455,231,0.65319
455,508,0.651721
455,337,0.648626
455,410,0.647521
455,236,0.646071
455,1,0.641477
455,32,0.610795
455,2,0.607231
455,586,0.602817
455,223,0.586335
456,1356,0.912263
456,95,0.863097
456,62,0.855972
456,494,0.855665
456,608,0.850792
456,112,0.837317
456,805,0.834963
456,36,0.819981
456,852,0.811165
456,7,0.807111
456,661,0.799116
456,1210,0.796329
456,6,0.791594
456,25,0.790741
456,17,0.787593
456,637,0.745385
456,52,0.739231
456,762,0.725842
456,784,0.722619
456,58,0.720139
457,2571,0.92465
457,1196,0.8714
457,1198,0.824089
457,1210,0.822339
457,1580,0.743545
457,541,0.735072
457,356,0.734416
457,2028,0.733368
457,1653,0.720599
457,1200,0.717843
457,1214,0.715746
457,2683,0.712476
457,1259,0.704947
457,3175,0.683942
457,2396,0.682765
457,589,0.682049
457,32,0.681791
457,2502,0.677274
457,1527,0.67548
457,2700,0.671651
458,318,0.896572
458,434,0.868918
458,593,0.852698
458,34,0.842115
458,11,0.826939
458,253,0.812891
458,47,0.804377
458,231,0.765834
458,357,0.765388
458,648,0.762761
458,317,0.756947
458,553,0.755474
458,288,0.752968
458,780,0.731004
458,410,0.730022
458,1,0.728959
458,32,0.727912
458,527,0.720754
458,50,0.716769
458,160,0.715223
459,7153,0.973953
459,4993,0.962739
459,5952,0.958879
459,4306,0.899766
459,58559,0.846841
459,60069,0.84289
459,2959,0.829162
459,6539,0.820865
459,4226,0.793317
459,59315,0.782689
459,109487,0.78165
459,4995,0.753567
459,4896,0.750305
459,5445,0.748864
459,318,0.742823
459,3578,0.741442
459,112852,0.738188
459,7361,0.737065
459,76093,0.72966
459,356,0.724646
460,58559,0.95104
460,4226,0.932429
460,3147,0.86675
460,72998,0.857703
460,59315,0.852173
460,7361,0.850566
460,1197,0.825614
460,33794,0.817442
460,5618,0.813397
460,6874,0.809045
460,54286,0.805744
460,8874,0.797803
460,68157,0.782152
460,78499,0.778588
460,69844,0.776311
460,4896,0.770293
460,6333,0.769574
460,74458,0.769332
460,1265,0.765986
460,2028,0.764544
461,296,0.817582
461,2028,0.73623
461,2959,0.731081
461,2324,0.711692
461,150,0.70136
461,79132,0.683845
461,50,0.681178
461,1721,0.656022
461,110,0.642867
461,2329,0.629582
461,4995,0.627914
461,1682,0.627873
461,1193,0.623667
461,58559,0.616432
461,1225,0.585537
461,6377,0.583108
461,7361,0.576096
461,2858,0.572536
461,47,0.560856
461,68954,0.556563
462,1291,0.893242
462,1193,0.871658
462,1673,0.869968
462,1234,0.858521
462,1199,0.851771
462,2692,0.837053
462,3703,0.825688
462,1197,0.810999
462,2352,0.81003
462,1077,0.801501
462,6502,0.8006
462,1203,0.796989
462,1307,0.796561
462,1207,0.793155
462,58,0.782548
462,208,0.781359
462,4306,0.779431
462,8873,0.777839
462,215,0.775848
462,17,0.774795
463,2571,0.908513
463,4993,0.852655
463,318,0.83686
463,3578,0.824042
463,858,0.767498
463,593,0.765117
463,3147,0.744707
463,260,0.727805
463,4973,0.723451
463,1196,0.720128
463,2959,0.713262
463,2324,0.708598
463,1198,0.704723
463,2762,0.695671
463,3996,0.682871
463,1210,0.67871
463,7361,0.673128
463,50,0.664084
463,4226,0.664074
463,1721,0.663846
464,1721,0.890352
464,50,0.852057
464,1198,0.835721
464,1270,0.810542
464,33794,0.79097
464,6539,0.783535
464,7361,0.780323
464,5445,0.773018
464,6874,0.766081
464,150,0.755396
464,3996,0.74695
464,1225,0.742857
464,457,0.742793
464,32587,0.742218
464,4262,0.74204
464,1200,0.740534
464,64614,0.733241
464,6365,0.731771
464,912,0.726262
464,3147,0.722939
465,858,1.0
465,1233,0.968883
465,1221,0.968393
465,318,0.956619
465,1250,0.932855
465,1222,0.927332
465,589,0.910018
465,1201,0.901461
465,1213,0.896789
465,260,0.881673
465,2019,0.880577
465,903,0.868827
465,110,0.850929
465,1276,0.846846
465,1193,0.845138
465,913,0.839039
465,1953,0.834665
465,1674,0.829742
465,480,0.823148
465,1204,0.821418
466,4886,0.905388
466,72998,0.885512
466,91529,0.84182
466,49272,0.830938
466,99114,0.823563
466,70286,0.818706
466,5445,0.809896
466,122904,0.808898
466,4995,0.796713
466,109374,0.781955
466,1198,0.772747
466,8360,0.772314
466,96079,0.770435
466,48780,0.765496
466,6365,0.76484
466,8636,0.760511
466,1704,0.758079
466,7143,0.757677
466,33493,0.753807
466,106782,0.753607
467,318,0.912453
467,356,0.905007
467,2762,0.882845
467,260,0.877743
467,2571,0.876762
467,1704,0.869353
467,912,0.858364
467,36,0.847378
467,858,0.840108
467,2858,0.822746
467,608,0.821951
467,1225,0.819206
467,1617,0.818585
467,908,0.817611
467,1210,0.80112
467,1196,0.795252
467,904,0.794625
467,110,0.780825
467,3147,0.778398
467,1198,0.760877
468,356,0.88312
468,593,0.872999
468,457,0.860359
468,480,0.84882
468,589,0.841016
468,454,0.802241
468,329,0.781383
468,50,0.746369
468,364,0.731919
468,316,0.728632
468,34,0.726991
468,377,0.7159
468,10,0.711945
468,339,0.711383
468,367,0.69832
468,527,0.674006
468,587,0.657029
468,500,0.653855
468,597,0.641275
468,21,0.638896
469,1242,0.930028
469,866,0.923303
469,356,0.909419
469,969,0.888615
469,3435,0.885964
469,2064,0.869748
469,3175,0.866504
469,235,0.8662
469,3836,0.832291
469,953,0.8249
469,2076,0.824027
469,915,0.823358
469,1641,0.816468
469,2067,0.814844
469,431,0.809293
469,1517,0.800411
469,3334,0.791254
469,2193,0.79027
469,922,0.787206
469,3035,0.787016
470,593,0.869364
470,780,0.856944
470,141,0.824489
470,17,0.745138
470,25,0.735146
470,733,0.714111
470,474,0.682903
470,11,0.673839
470,440,0.672766
470,376,0.643091
470,350,0.630331
470,112,0.618315
470,317,0.615864
470,553,0.612659
470,586,0.602123
470,160,0.599203
470,708,0.598709
470,104,0.594476
470,1356,0.588509
470,58,0.588456
471,318,0.932162
471,7153,0.875576
471,4993,0.848059
471,5952,0.834034
471,58559,0.805734
471,4226,0.785386
471,68954,0.784229
471,4306,0.775995
471,593,0.767517
471,7361,0.76524
471,2762,0.74366
471,3147,0.739783
471,1704,0.729098
471,2858,0.727158
471,2028,0.726698
471,5618,0.723694
471,2329,0.723202
471,1193,0.723062
471,48394,0.707402
471,6874,0.704261
472,2959,0.949685
472,2571,0.941113
472,79132,0.892823
472,296,0.884188
472,2329,0.872754
472,1198,0.870147
472,260,0.832238
472,1213,0.812087
472,6016,0.806471
472,68157,0.806258
472,1196,0.786134
472,1704,0.780655
472,527,0.775769
472,1089,0.761641
472,356,0.759249
472,7361,0.752709
472,593,0.746836
472,2858,0.73491
472,3578,0.728929
472,48780,0.721484
473,2858,0.910692
473,4226,0.871089
473,48516,0.853828
473,296,0.840949
473,6016,0.818375
473,2571,0.817902
473,3949,0.789633
473,2502,0.788262
473,58559,0.778079
473,54503,0.773068
473,48774,0.768043
473,79132,0.763661
473,4973,0.76063
473,47,0.758115
473,48780,0.755262
473,356,0.752202
473,6874,0.730344
473,2692,0.728964
473,44195,0.728288
473,1089,0.726765
474,8873,0.867813
474,1129,0.841569
474,5500,0.836578
474,134130,0.83103
474,2694,0.828393
474,6796,0.82512
474,3476,0.818114
474,65261,0.815504
474,3070,0.815376
474,4642,0.810446
474,1287,0.808227
474,36529,0.807629
474,866,0.807092
474,837,0.807081
474,56757,0.806136
474,111362,0.805516
474,111759,0.803016
474,81845,0.799109
474,74458,0.797597
474,82169,0.79639
475,60069,0.974775
475,50872,0.924
475,68954,0.899003
475,134130,0.887013
475,53125,0.881107
475,76093,0.865112
475,5445,0.83744
475,3996,0.835205
475,96610,0.832863
475,115617,0.832124
475,98809,0.826811
475,2628,0.824042
475,78499,0.820598
475,49272,0.818751
475,96079,0.808465
475,102125,0.807265
475,110102,0.800788
475,106489,0.79998
475,110,0.79678
475,73017,0.782463
476,593,0.882425
476,527,0.874108
476,110,0.85455
476,344,0.83398
476,367,0.812759
476,47,0.805026
476,316,0.804652
476,253,0.782551
476,292,0.780154
476,410,0.771567
476,21,0.766597
476,225,0.755617
476,553,0.742383
476,39,0.73607
476,266,0.734511
476,50,0.733878
476,508,0.72119
476,282,0.710638
476,509,0.706759
476,208,0.702624
477,1206,0.957571
477,3147,0.869708
477,4995,0.828119
477,899,0.804336
477,2959,0.7965
477,4027,0.793448
477,30810,0.775261
477,2329,0.77461
477,1197,0.766981
477,2268,0.766067
477,2985,0.757747
477,590,0.753215
477,1250,0.744565
477,1172,0.744208
477,46578,0.744095
477,1237,0.741716
477,596,0.732345
477,1234,0.729762
477,7022,0.722877
477,2161,0.722851
478,648,0.789956
478,8636,0.753336
478,62,0.743671
478,364,0.743641
478,2706,0.740629
478,736,0.734347
478,2762,0.728194
478,6333,0.713981
478,6365,0.702346
478,1080,0.700112
478,8644,0.692918
478,2716,0.692037
478,733,0.688111
478,780,0.685177
478,5349,0.684858
478,587,0.677182
478,588,0.672103
478,7143,0.668962
478,2997,0.668332
478,1380,0.667838
479,1270,0.915497
479,3175,0.861825
479,2571,0.853519
479,318,0.846484
479,912,0.84037
479,1097,0.835438
479,296,0.834107
479,1073,0.824136
479,1307,0.816141
479,2858,0.79599
479,3868,0.794533
479,750,0.788959
479,5445,0.782339
479,1196,0.768014
479,1228,0.76755
479,2324,0.763122
479,111,0.759632
479,923,0.759581
479,2078,0.753965
479,2699,0.749968
480,266,0.810145
480,3175,0.807398
480,2268,0.772641
480,5991,0.766348
480,5617,0.758183
480,54997,0.746129
480,2529,0.743256
480,5445,0.742029
480,5903,0.73819
480,2078,0.721049
480,1276,0.720262
480,1204,0.718931
480,34072,0.71863
480,1220,0.712524
480,1219,0.706573
480,1287,0.705709
480,8665,0.703389
480,2064,0.703167
480,7451,0.692747
480,7371,0.691488
481,1704,0.809414
481,1784,0.802602
481,1573,0.785718
481,2324,0.748774
481,2431,0.731504
481,1610,0.731366
481,1616,0.724953
481,2890,0.72358
481,2353,0.723517
481,924,0.719312
481,1552,0.712805
481,1954,0.711304
481,2019,0.707857
481,2268,0.707175
481,904,0.703264
481,527,0.702775
481,1357,0.701282
481,2067,0.700505
481,1206,0.699624
481,1682,0.698035
482,1291,0.862387
482,1225,0.861604
482,2115,0.85889
482,1356,0.845091
482,2716,0.840928
482,1079,0.840736
482,1240,0.837558
482,40815,0.830075
482,4963,0.820892
482,54001,0.818463
482,1393,0.811394
482,1954,0.809017
482,2791,0.800869
482,41566,0.795037
482,33794,0.792777
482,733,0.783245
482,5952,0.780446
482,1197,0.778802
482,5816,0.77857
482,1265,0.770553
483,1089,0.972945
483,1222,0.857194
483,6502,0.832673
483,2502,0.821245
483,7143,0.815313
483,1148,0.79899
483,1206,0.794817
483,64969,0.782341
483,3300,0.765459
483,1259,0.763175
483,1263,0.75809
483,34,0.752214
483,1617,0.749355
483,64839,0.749139
483,34162,0.73782
483,3916,0.737114
483,68237,0.729137
483,5956,0.728928
483,1784,0.72828
483,924,0.726157
484,2918,0.903966
484,150,0.901102
484,593,0.898697
484,34,0.897333
484,111,0.895942
484,1219,0.894266
484,1282,0.882211
484,7438,0.873132
484,1036,0.868446
484,3671,0.867494
484,4878,0.860641
484,4226,0.839399
484,296,0.823912
484,2542,0.82081
484,223,0.818445
484,6373,0.81613
484,46578,0.808033
484,3421,0.804467
484,3362,0.798426
484,858,0.787415
485,318,0.950558
485,589,0.930736
485,296,0.916682
485,480,0.891804
485,377,0.848683
485,595,0.824991
485,454,0.809574
485,47,0.802551
485,153,0.788817
485,344,0.770968
485,527,0.768258
485,34,0.751414
485,225,0.731363
485,50,0.72528
485,364,0.722505
485,474,0.691637
485,587,0.687839
485,367,0.675634
485,288,0.672865
485,539,0.670918
486,454,0.894712
486,590,0.863529
486,185,0.845372
486,50,0.827605
486,364,0.81183
486,367,0.800248
486,1,0.795059
486,225,0.777848
486,595,0.748719
486,300,0.73939
486,339,0.736923
486,587,0.734997
486,141,0.733468
486,500,0.73251
486,608,0.724161
486,527,0.720963
486,2,0.710124
486,34,0.709838
486,62,0.691295
486,25,0.691149
487,5618,0.865036
487,4226,0.842241
487,58559,0.829791
487,68954,0.786684
487,6377,0.763779
487,356,0.762247
487,3578,0.727821
487,1136,0.678752
487,3996,0.676192
487,1196,0.666875
487,8368,0.662229
487,6016,0.657172
487,858,0.646908
487,4896,0.643069
487,46578,0.642771
487,912,0.640695
487,1193,0.639216
487,51255,0.635171
487,3949,0.635163
487,5989,0.629193
488,356,0.918462
488,1641,0.880426
488,588,0.879205
488,50,0.876347
488,1276,0.875978
488,5060,0.865784
488,30749,0.859485
488,903,0.85505
488,1265,0.854521
488,296,0.845529
488,750,0.821132
488,1246,0.815936
488,1193,0.813573
488,919,0.809348
488,68954,0.796376
488,1172,0.792345
488,1250,0.787719
488,1304,0.784458
488,1203,0.783542
488,2858,0.777502
489,6711,0.826153
489,1,0.780198
489,48780,0.749202
489,3033,0.748433
489,1653,0.72509
489,527,0.706029
489,38061,0.705508
489,4979,0.702726
489,6863,0.700863
489,2248,0.695932
489,2948,0.692169
489,4886,0.691792
489,318,0.688231
489,45722,0.686602
489,2997,0.686519
489,6787,0.685843
489,1960,0.685296
489,3301,0.681707
489,2395,0.679149
489,4878,0.675416
490,47,0.859185
490,81845,0.848833
490,50,0.838373
490,318,0.832191
490,6377,0.831766
490,2324,0.82023
490,293,0.79346
490,48516,0.789608
490,4306,0.781383
490,5618,0.777087
490,1704,0.773982
490,4878,0.773206
490,8961,0.771925
490,6874,0.767694
490,5989,0.766074
490,68157,0.762643
490,2858,0.762061
490,2329,0.760442
490,60069,0.759756
490,106782,0.752659
491,8368,0.954614
491,1721,0.925386
491,6377,0.923372
491,8961,0.872583
491,4447,0.856076
491,56367,0.856021
491,6863,0.844126
491,1307,0.842745
491,69122,0.834898
491,64957,0.830787
491,72641,0.827286
491,1968,0.818522
491,88163,0.812777
491,4022,0.802839
491,8533,0.802364
491,500,0.799567
491,8360,0.796771
491,52973,0.784503
491,96821,0.781728
491,106696,0.780097
492,608,0.969872
492,17,0.898707
492,25,0.890911
492,1265,0.823058
492,86,0.818437
492,58,0.765859
492,18,0.749754
492,707,0.736952
492,640,0.736075
492,1084,0.735288
492,41,0.734888
492,529,0.732384
492,631,0.731423
492,1391,0.721822
492,671,0.720286
492,27,0.718649
492,912,0.718064
492,107,0.717393
492,16,0.714971
492,1059,0.713906
493,1036,0.896077
493,1210,0.861376
493,480,0.779901
493,1270,0.726673
493,377,0.721123
493,2115,0.711614
493,2947,0.690942
493,1580,0.682845
493,780,0.677954
493,356,0.666284
493,1370,0.665378
493,1127,0.656976
493,1233,0.653467
493,593,0.652924
493,1387,0.652405
493,1089,0.65147
493,1201,0.645946
493,2716,0.643918
493,2194,0.64008
493,3703,0.629476
494,1240,0.932044
494,593,0.885055
494,356,0.881333
494,780,0.822062
494,1270,0.816189
494,318,0.813933
494,296,0.788289
494,4993,0.784412
494,50,0.768053
494,2959,0.762612
494,527,0.751446
494,1213,0.748628
494,5952,0.739669
494,47,0.738475
494,7153,0.736507
494,2858,0.734509
494,2628,0.733558
494,1197,0.730737
494,912,0.730281
494,1387,0.720275
495,1961,0.932076
495,30707,0.905592
495,2502,0.879176
495,2324,0.870249
495,109487,0.862134
495,1923,0.86043
495,1213,0.849736
495,55247,0.845255
495,2858,0.83956
495,593,0.838672
495,105504,0.834781
495,8464,0.828891
495,2329,0.82832
495,91529,0.828038
495,2804,0.82296
495,1225,0.821521
495,296,0.820149
495,1262,0.818546
495,4878,0.808067
495,64957,0.807758
496,260,0.882258
496,2571,0.866238
496,1198,0.852168
496,79132,0.839471
496,1196,0.833331
496,2959,0.813817
496,68954,0.786505
496,109487,0.7724
496,91529,0.769945
496,116797,0.748116
496,76093,0.742843
496,4226,0.737409
496,3578,0.73537
496,81845,0.731833
496,6016,0.726925
496,293,0.712743
496,1193,0.702425
496,318,0.702156
496,908,0.699764
496,5618,0.687085
497,296,0.876132
497,527,0.840314
497,6016,0.805395
497,4226,0.799248
497,356,0.799156
497,116797,0.707661
497,4878,0.704088
497,47,0.703846
497,48516,0.695643
497,3949,0.681464
497,74458,0.676398
497,293,0.675202
497,5618,0.671463
497,1213,0.664418
497,3578,0.662615
497,109374,0.6603
497,99114,0.659686
497,1196,0.652425
497,110,0.650139
497,912,0.646859
498,595,0.902675
498,589,0.900283
498,165,0.894292
498,593,0.879339
498,377,0.866756
498,329,0.830389
498,1,0.825618
498,50,0.783635
498,32,0.777105
498,500,0.763935
498,253,0.761993
498,780,0.753744
498,367,0.749286
498,527,0.739808
498,288,0.734456
498,225,0.719266
498,11,0.698666
498,21,0.697834
498,597,0.696486
498,539,0.688435
499,1208,0.934716
499,2951,0.845977
499,1203,0.837698
499,1199,0.83519
499,912,0.824767
499,953,0.824497
499,29,0.820835
499,1288,0.814461
499,6807,0.811298
499,750,0.810943
499,1080,0.804609
499,1222,0.796148
499,914,0.79251
499,1125,0.786384
499,1136,0.782504
499,6350,0.781387
499,1249,0.777079
499,899,0.775266
499,5971,0.773253
499,1266,0.772169
500,2396,0.884027
500,34,0.843233
500,223,0.835383
500,1517,0.77797
500,1500,0.762
500,2502,0.753586
500,1136,0.744604
500,357,0.744047
500,150,0.74376
500,2174,0.738386
500,2692,0.73352
500,1907,0.72271
500,500,0.717061
500,3408,0.711157
500,1080,0.708891
500,2580,0.707254
500,4034,0.705153
500,497,0.699217
500,2628,0.698647
500,919,0.692421
501,733,0.840472
501,1073,0.820565
501,648,0.81948
501,786,0.799247
501,1,0.780895
501,608,0.773665
501,260,0.772861
501,802,0.758621
501,1356,0.755414
501,708,0.752115
501,653,0.74613
501,852,0.728333
501,1393,0.709561
501,14,0.703378
501,376,0.702234
501,104,0.691513
501,52,0.689583
501,788,0.683897
501,783,0.675402
501,832,0.650276
502,2324,0.897712
502,1219,0.885365
502,904,0.824547
502,1207,0.821502
502,5060,0.821038
502,527,0.819224
502,608,0.816875
502,1276,0.811696
502,2858,0.807779
502,593,0.806157
502,1252,0.796724
502,551,0.788547
502,1193,0.780927
502,2288,0.778416
502,2997,0.778222
502,4995,0.775264
502,1387,0.77164
502,1090,0.769703
502,1997,0.764655
502,750,0.762366
503,50,0.85193
503,1258,0.84857
503,47,0.8127
503,6016,0.799904
503,2329,0.785135
503,58559,0.749284
503,3949,0.71129
503,1704,0.7108
503,6502,0.681604
503,1097,0.681314
503,110,0.681268
503,1208,0.675782
503,1197,0.675558
503,6874,0.673634
503,3363,0.666364
503,778,0.665056
503,1252,0.664121
503,2288,0.651256
503,1196,0.648857
503,1,0.64305
504,1784,0.892936
504,4886,0.822376
504,4973,0.820859
504,5816,0.818008
504,8368,0.812559
504,3996,0.806194
504,8961,0.805446
504,4226,0.800907
504,8949,0.780115
504,6218,0.776085
504,2692,0.775491
504,4848,0.773416
504,2144,0.76955
504,1265,0.762311
504,1393,0.753768
504,318,0.749263
504,4896,0.748256
504,1641,0.747319
504,7361,0.746586
504,3948,0.742915
505,296,0.963442
505,2329,0.92014
505,318,0.90606
505,2858,0.882393
505,527,0.853294
505,4878,0.849778
505,1213,0.844922
505,356,0.826057
505,1258,0.825955
505,68157,0.821273
505,79132,0.821126
505,6874,0.819074
505,223,0.808457
505,1222,0.807864
505,608,0.787778
505,1089,0.774179
505,8950,0.769025
505,3671,0.766861
505,2288,0.763456
505,50,0.762022
506,46578,0.839174
506,1197,0.760463
506,76093,0.758109
506,8533,0.756993
506,68954,0.731513
506,48774,0.728297
506,2572,0.72727
506,88163,0.726954
506,69757,0.725899
506,54503,0.723091
506,55820,0.723029
506,51255,0.720792
506,50872,0.719957
506,93510,0.70316
506,55247,0.693608
506,44195,0.691837
506,37729,0.689574
506,63082,0.686706
506,6942,0.686567
506,7451,0.684516
507,318,0.851956
507,296,0.837379
507,380,0.828465
507,592,0.794694
507,161,0.783506
507,588,0.777171
507,527,0.766673
507,344,0.715593
507,292,0.703957
507,10,0.700149
507,364,0.698211
507,329,0.691392
507,185,0.683415
507,434,0.678721
507,231,0.676076
507,300,0.672989
507,367,0.660704
507,50,0.638137
507,597,0.627059
507,500,0.621614
508,1210,0.767942
508,1198,0.762912
508,1356,0.746209
508,223,0.746061
508,1394,0.744622
508,1291,0.705778
508,1584,0.702933
508,1196,0.699781
508,1278,0.698856
508,260,0.694437
508,2683,0.690855
508,1204,0.686956
508,2716,0.679511
508,1246,0.674815
508,1090,0.67388
508,1517,0.669052
508,899,0.666504
508,919,0.663162
508,1199,0.662785
508,4995,0.66217
509,2959,0.891907
509,134853,0.843855
509,56367,0.83281
509,6711,0.831426
509,33794,0.82243
509,59784,0.80543
509,1206,0.802715
509,7293,0.799765
509,2858,0.799731
509,1270,0.794119
509,2396,0.779309
509,4308,0.777502
509,72998,0.774332
509,608,0.773593
509,41566,0.773379
509,2324,0.772643
509,3751,0.772188
509,1028,0.766332
509,1653,0.746271
509,1029,0.745485
510,7153,0.8356
510,1197,0.812439
510,1288,0.808948
510,778,0.783481
510,2858,0.7809
510,1221,0.771983
510,1252,0.765481
510,2706,0.755888
510,3578,0.744864
510,4011,0.736034
510,2716,0.735659
510,1206,0.727774
510,296,0.727729
510,608,0.727723
510,1136,0.727679
510,1090,0.727112
510,1610,0.7166
510,1089,0.71355
510,2028,0.711147
510,2959,0.709672
511,5952,0.939045
511,116797,0.898283
511,58559,0.894682
511,593,0.894532
511,260,0.893258
511,296,0.891269
511,2028,0.878548
511,1196,0.860437
511,112552,0.857947
511,2762,0.838883
511,109374,0.798136
511,60069,0.797299
511,111759,0.789988
511,122904,0.789926
511,106782,0.787645
511,168252,0.770182
511,2858,0.766933
511,2329,0.764606
511,110,0.761803
511,112556,0.760833
512,592,0.871839
512,153,0.809658
512,329,0.800782
512,339,0.779232
512,34,0.763193
512,10,0.753232
512,231,0.748045
512,266,0.714001
512,410,0.690933
512,357,0.682441
512,21,0.681403
512,11,0.653339
512,1,0.647213
512,440,0.639908
512,111,0.636903
512,282,0.60927
512,236,0.605906
512,252,0.585886
512,293,0.584233
512,508,0.579566
513,1198,0.924856
513,1196,0.868094
513,2571,0.865098
513,356,0.845249
513,527,0.831151
513,589,0.831102
513,541,0.825767
513,1208,0.812332
513,4993,0.810856
513,50,0.808668
513,480,0.786723
513,1270,0.786288
513,2028,0.775491
513,111,0.7649
513,1136,0.763368
513,1213,0.757499
513,608,0.75583
513,1291,0.742568
513,1,0.740116
513,1214,0.738515
514,293,0.871102
514,2324,0.867395
514,68954,0.857698
514,1246,0.837512
514,1219,0.835458
514,48780,0.799857
514,2085,0.76794
514,50,0.761355
514,54001,0.757754
514,904,0.755813
514,116797,0.755435
514,69844,0.754898
514,81834,0.752997
514,8528,0.75193
514,441,0.75113
514,968,0.750376
514,2000,0.749488
514,1252,0.744925
514,3869,0.744625
514,318,0.744076
515,2571,1.0
515,7153,0.898557
515,4993,0.863295
515,593,0.838962
515,296,0.838747
515,68157,0.83004
515,4226,0.830035
515,5952,0.82994
515,109487,0.822576
515,1198,0.821887
515,68954,0.807514
515,1704,0.800469
515,1196,0.79635
515,74458,0.790735
515,858,0.790572
515,2762,0.785139
515,106782,0.761692
515,110,0.760836
515,2329,0.754369
515,99114,0.7489
516,1210,0.922985
516,1196,0.916317
516,1291,0.894883
516,1270,0.872979
516,1036,0.839758
516,608,0.811127
516,1136,0.807733
516,2716,0.780852
516,589,0.777604
516,2791,0.773309
516,3996,0.758098
516,1266,0.757352
516,593,0.751977
516,2115,0.75078
516,924,0.742765
516,541,0.742515
516,1240,0.732609
516,1259,0.731869
516,2797,0.720719
516,1,0.71931
517,3114,0.797722
517,1022,0.757055
517,81834,0.753985
517,2294,0.703348
517,608,0.68701
517,72998,0.678758
517,1198,0.675532
517,8961,0.667203
517,5444,0.665468
517,73017,0.658767
517,1278,0.656112
517,1276,0.654618
517,1220,0.652157
517,2161,0.64453
517,2324,0.64015
517,3451,0.639137
517,3751,0.637476
517,45517,0.636181
517,5952,0.63617
517,3247,0.635303
518,2997,0.896556
518,4886,0.894014
518,2324,0.865005
518,2081,0.85055
518,3114,0.846436
518,3052,0.827677
518,1148,0.826229
518,903,0.82528
518,223,0.824221
518,5989,0.822415
518,904,0.820771
518,5445,0.813995
518,1376,0.811905
518,4022,0.808451
518,8961,0.803793
518,3275,0.802385
518,1250,0.80208
518,345,0.799524
518,4034,0.796283
518,3175,0.794603
519,4022,0.922605
519,4995,0.903798
519,2959,0.900701
519,3147,0.883892
519,597,0.883124
519,296,0.877343
519,7451,0.872725
519,2762,0.869522
519,1682,0.868709
519,71535,0.862339
519,6377,0.860233
519,593,0.85962
519,54503,0.856958
519,2858,0.855725
519,1721,0.845299
519,52973,0.840326
519,6942,0.835641
519,4306,0.830235
519,5299,0.828667
519,1265,0.826352
520,1196,0.90707
520,3052,0.903182
520,1210,0.89194
520,5902,0.884173
520,1653,0.875264
520,6377,0.870336
520,3578,0.861312
520,1199,0.85635
520,2353,0.854957
520,150,0.853602
520,5218,0.847526
520,1517,0.846479
520,1204,0.841714
520,2683,0.840447
520,3471,0.836624
520,2797,0.830663
520,2700,0.825861
520,260,0.823387
520,6539,0.823145
520,6807,0.823113
521,260,0.871452
521,141,0.865167
521,1,0.818088
521,1356,0.807438
521,62,0.807272
521,494,0.80295
521,17,0.788108
521,653,0.757963
521,1393,0.754513
521,1210,0.743564
521,788,0.735827
521,376,0.719292
521,3,0.718938
521,719,0.681353
521,832,0.679452
521,858,0.677952
521,9,0.673017
521,74,0.668292
521,16,0.662199
521,783,0.661391
522,32,0.894996
522,74458,0.883317
522,48780,0.876303
522,5989,0.868139
522,293,0.865281
522,57669,0.861956
522,589,0.853177
522,150,0.838183
522,87232,0.827164
522,48774,0.82434
522,54286,0.814254
522,4886,0.809415
522,457,0.798884
522,8665,0.797661
522,68954,0.795994
522,68237,0.794512
522,4995,0.792991
522,1222,0.791515
522,122886,0.787656
522,593,0.786002
523,79132,0.980289
523,2324,0.957873
523,68954,0.950997
523,60069,0.945421
523,2571,0.913216
523,6377,0.904168
523,48394,0.872168
523,4226,0.857576
523,4306,0.837724
523,1193,0.837162
523,109487,0.827499
523,8368,0.821427
523,593,0.816977
523,4896,0.805646
523,8961,0.804081
523,81845,0.802118
523,48780,0.79096
523,2028,0.786688
523,112552,0.784149
523,44191,0.782423
524,608,0.902123
524,296,0.855727
524,62,0.851458
524,356,0.8469
524,1036,0.844764
524,590,0.844314
524,750,0.83195
524,858,0.826976
524,1265,0.789167
524,1221,0.77364
524,527,0.773414
524,1204,0.769799
524,1213,0.765875
524,1079,0.764366
524,1387,0.756761
524,1610,0.753226
524,36,0.7457
524,1203,0.734172
524,16,0.733117
524,1127,0.732358
525,4027,0.877336
525,2028,0.826365
525,2692,0.815988
525,51255,0.814868
525,68157,0.795314
525,1732,0.776762
525,6502,0.767673
525,858,0.762276
525,1089,0.753745
525,46976,0.751764
525,1580,0.751106
525,262,0.750745
525,2700,0.736231
525,5377,0.731078
525,115617,0.729434
525,74458,0.724697
525,1291,0.723789
525,1208,0.723676
525,261,0.722786
525,2762,0.718456
526,527,0.932169
526,356,0.910264
526,112552,0.898496
526,7361,0.869989
526,1265,0.859397
526,63082,0.852537
526,1704,0.831894
526,2571,0.829567
526,3949,0.828767
526,1682,0.827775
526,1193,0.82592
526,1206,0.825553
526,50,0.822393
526,6016,0.812881
526,1259,0.811114
526,750,0.804631
526,99114,0.803597
526,1247,0.800039
526,47,0.795743
526,112183,0.792371
527,1,0.967385
527,4306,0.876295
527,1200,0.868879
527,1197,0.837269
527,1580,0.836965
527,3471,0.818371
527,4886,0.808271
527,2406,0.798381
527,924,0.770945
527,110,0.768492
527,2571,0.763856
527,608,0.762331
527,1253,0.758445
527,1193,0.758319
527,1036,0.755737
527,648,0.750506
527,2100,0.749131
527,2144,0.747135
527,953,0.745095
527,1527,0.744937
528,318,0.922986
528,2959,0.903113
528,79132,0.851948
528,4226,0.803818
528,7153,0.802325
528,4993,0.777671
528,50,0.776205
528,5952,0.771882
528,858,0.764102
528,68157,0.761963
528,2028,0.744631
528,74458,0.741953
528,527,0.740249
528,54286,0.706743
528,47,0.699508
528,1221,0.696075
528,5989,0.694773
528,99114,0.686702
528,7361,0.683529
528,1193,0.680039
529,1356,0.900386
529,1210,0.809704
529,494,0.791408
529,25,0.778446
529,608,0.759319
529,802,0.750936
529,112,0.750582
529,805,0.733708
529,6,0.730793
529,3,0.728152
529,708,0.720901
529,5,0.717537
529,628,0.71255
529,852,0.697041
529,36,0.692811
529,14,0.692008
529,17,0.688692
529,783,0.668103
529,376,0.65563
529,52,0.654014
530,318,0.933658
530,110,0.930638
530,589,0.914054
530,588,0.912455
530,296,0.880811
530,595,0.869819
530,527,0.846574
530,34,0.821566
530,185,0.814122
530,47,0.814003
530,316,0.813947
530,165,0.801345
530,364,0.79605
530,434,0.79049
530,253,0.782791
530,10,0.777148
530,357,0.776742
530,153,0.761514
530,225,0.754876
530,344,0.743177
531,1196,0.919037
531,1210,0.878037
531,589,0.876836
531,2028,0.807757
531,110,0.805609
531,2571,0.803314
531,1036,0.801947
531,318,0.797729
531,1197,0.781202
531,356,0.764903
531,7153,0.762222
531,1270,0.758299
531,1240,0.75528
531,296,0.73948
531,5952,0.739016
531,2115,0.725972
531,858,0.713479
531,3578,0.710841
531,4306,0.709402
531,1,0.704741
532,1221,0.961853
532,260,0.935054
532,1196,0.927307
532,296,0.922984
532,356,0.892119
532,1036,0.888666
532,1210,0.886434
532,50,0.853966
532,1089,0.848731
532,47,0.804361
532,1222,0.79744
532,1193,0.766225
532,1201,0.765326
532,1208,0.7543
532,2762,0.724056
532,1270,0.715924
532,1197,0.715327
532,1258,0.714783
532,1097,0.711136
532,1090,0.707962
533,318,0.969095
533,2858,0.957002
533,593,0.92471
533,296,0.874349
533,6377,0.87065
533,4878,0.866018
533,1197,0.856928
533,2762,0.850043
533,3499,0.83832
533,968,0.82939
533,4720,0.819112
533,6874,0.811525
533,110,0.808966
533,4226,0.808951
533,7361,0.806548
533,1265,0.804012
533,68157,0.803983
533,527,0.801051
533,1196,0.800198
533,48394,0.797313
534,78499,0.934524
534,589,0.886206
534,1704,0.870049
534,2268,0.845734
534,296,0.845169
534,70286,0.836155
534,1276,0.828195
534,91529,0.827504
534,2087,0.816005
534,318,0.815691
534,116823,0.815131
534,1968,0.809601
534,6365,0.801161
534,3996,0.798136
534,2529,0.795426
534,6942,0.793414
534,919,0.786671
534,36,0.785854
534,152081,0.784907
534,110,0.782396
535,2959,0.875559
535,2028,0.787665
535,2396,0.785939
535,2502,0.765523
535,1196,0.733005
535,2329,0.729353
535,2997,0.722507
535,1265,0.713718
535,2770,0.713161
535,2628,0.708768
535,2324,0.703463
535,1923,0.700599
535,296,0.69659
535,223,0.690875
535,1580,0.689607
535,356,0.674815
535,1517,0.674016
535,4973,0.67097
535,260,0.669046
535,3174,0.668038
536,318,0.926173
536,296,0.87806
536,380,0.831071
536,161,0.801349
536,377,0.773058
536,588,0.765774
536,316,0.750077
536,47,0.731257
536,595,0.726355
536,10,0.715092
536,50,0.712832
536,34,0.693503
536,587,0.688345
536,339,0.673145
536,344,0.671676
536,364,0.662883
536,185,0.656648
536,539,0.654854
536,474,0.651321
536,367,0.638887
537,296,0.931197
537,74458,0.926797
537,68157,0.923726
537,2959,0.918313
537,64614,0.906715
537,91529,0.89214
537,356,0.882312
537,68954,0.871657
537,88125,0.869258
537,54286,0.867389
537,1704,0.85933
537,5418,0.854318
537,4226,0.847049
537,33794,0.842933
537,63082,0.836325
537,3578,0.829155
537,110,0.82781
537,593,0.826321
537,1213,0.815218
537,48780,0.815051
538,76093,0.950385
538,56367,0.950171
538,4896,0.947996
538,1136,0.936114
538,81834,0.921589
538,1207,0.914107
538,60069,0.9141
538,7153,0.913408
538,356,0.898809
538,594,0.897473
538,5952,0.88659
538,4993,0.886122
538,1028,0.867457
538,88125,0.865732
538,40815,0.865546
538,88810,0.84523
538,54001,0.839811
538,318,0.838968
538,4306,0.834679
538,3114,0.828885
539,356,0.925775
539,72998,0.888351
539,7153,0.883861
539,4993,0.874723
539,3147,0.867077
539,60069,0.840077
539,1,0.83898
539,5952,0.824583
539,2959,0.818268
539,4022,0.802304
539,59315,0.795328
539,78499,0.789566
539,4995,0.779034
539,2571,0.774987
539,68157,0.773787
539,3751,0.769557
539,296,0.768867
539,5618,0.768229
539,3114,0.758976
539,58559,0.757286
540,5952,0.975255
540,110,0.953599
540,7153,0.946817
540,4226,0.922406
540,318,0.890228
540,1198,0.882039
540,858,0.867153
540,593,0.862169
540,780,0.845479
540,356,0.839011
540,3578,0.832955
540,6874,0.830905
540,58559,0.816212
540,33794,0.802622
540,7438,0.800568
540,2858,0.799882
540,2762,0.791593
540,4011,0.785065
540,1291,0.762822
540,1240,0.753861
541,296,0.879228
541,150,0.872777
541,500,0.77791
541,339,0.767167
541,527,0.75553
541,292,0.735706
541,440,0.720666
541,34,0.715369
541,39,0.712231
541,21,0.695798
541,225,0.693821
541,236,0.689523
541,185,0.687969
541,252,0.686709
541,337,0.682354
541,587,0.673144
541,300,0.670151
541,2,0.65761
541,353,0.656735
541,266,0.641709
542,4878,0.928872
542,2762,0.90413
542,1704,0.88335
542,1682,0.883213
542,2502,0.856083
542,4022,0.855857
542,293,0.852602
542,593,0.844579
542,3147,0.840994
542,3275,0.833079
542,5349,0.829409
542,32587,0.814127
542,3793,0.808685
542,49272,0.808234
542,6934,0.791427
542,4011,0.790731
542,46578,0.78799
542,2683,0.78421
542,4239,0.782286
542,51662,0.78176
543,480,1.0
543,318,0.962101
543,3578,0.940146
543,1,0.935922
543,6539,0.935715
543,4306,0.933369
543,58559,0.92959
543,68954,0.895711
543,296,0.877303
543,527,0.873408
543,6874,0.865117
543,79132,0.858466
543,2028,0.850375
543,4995,0.845236
543,10,0.839137
543,150,0.833003
543,56367,0.831396
543,780,0.828152
543,1240,0.828101
543,7153,0.826768
544,1073,0.960208
544,141,0.907833
544,733,0.877868
544,786,0.853947
544,260,0.849473
544,25,0.836515
544,17,0.83345
544,36,0.828094
544,788,0.827207
544,628,0.823017
544,6,0.821348
544,1393,0.807253
544,1210,0.804418
544,805,0.79984
544,852,0.794148
544,661,0.791636
544,608,0.78835
544,494,0.786937
544,104,0.78667
544,112,0.783542
545,1653,0.877316
545,3082,0.842932
545,2762,0.818929
545,1676,0.806361
545,541,0.801962
545,2571,0.790045
545,2858,0.768424
545,2278,0.750856
545,3298,0.747671
545,1356,0.74714
545,1722,0.74306
545,3300,0.73794
545,1573,0.737932
545,2353,0.734693
545,7361,0.733841
545,2944,0.731193
545,1953,0.731055
545,1197,0.727947
545,2490,0.727044
545,913,0.726416
546,1196,0.903903
546,260,0.902736
546,1210,0.889973
546,780,0.865613
546,364,0.833299
546,466,0.832789
546,47,0.832712
546,3671,0.823451
546,924,0.822194
546,593,0.813524
546,3471,0.811082
546,1994,0.801806
546,4002,0.796354
546,3703,0.791973
546,1997,0.791612
546,1240,0.791092
546,2571,0.789641
546,1222,0.786885
546,648,0.779834
546,356,0.778762
547,1208,0.956288
547,750,0.885793
547,1222,0.851556
547,1225,0.817025
547,1079,0.802997
547,924,0.794458
547,1220,0.793408
547,904,0.791141
547,1206,0.782678
547,1089,0.776527
547,5902,0.767521
547,1213,0.763096
547,1265,0.759923
547,1252,0.747776
547,858,0.747679
547,2571,0.746896
547,1235,0.741491
547,111,0.740632
547,1090,0.740522
547,2716,0.738581
548,2959,0.947443
548,318,0.944885
548,4993,0.907826
548,1210,0.899375
548,2858,0.873421
548,2028,0.852696
548,593,0.849581
548,858,0.845183
548,5952,0.84415
548,7153,0.841656
548,1198,0.834216
548,296,0.806901
548,110,0.79475
548,79132,0.790647
548,2762,0.789476
548,4226,0.774982
548,60069,0.768773
548,1197,0.756895
548,780,0.751365
548,59315,0.746297
549,4993,0.881121
549,593,0.878016
549,296,0.835377
549,7153,0.832805
549,356,0.806886
549,858,0.782282
549,2858,0.77229
549,1221,0.726097
549,47,0.722876
549,2329,0.722652
549,50,0.716115
549,2762,0.67524
549,3578,0.661086
549,1213,0.660972
549,1197,0.637144
549,91529,0.635553
549,608,0.629762
549,7361,0.627525
549,1089,0.62695
549,1240,0.626519
550,91529,0.92863
550,2959,0.854318
550,99114,0.850284
550,7153,0.843389
550,4993,0.831253
550,260,0.824553
550,115617,0.816274
550,74458,0.799851
550,5952,0.798966
550,76093,0.797078
550,68157,0.792525
550,111759,0.787301
550,87232,0.765323
550,122886,0.760755
550,72998,0.760612
550,68358,0.75895
550,593,0.75852
550,1196,0.748084
550,112552,0.745331
550,70286,0.743233
551,58559,0.923649
551,3578,0.894647
551,109487,0.875489
551,99114,0.811514
551,74458,0.806453
551,91529,0.803457
551,122904,0.797501
551,1198,0.794636
551,54286,0.789003
551,1196,0.779471
551,8665,0.776771
551,457,0.776736
551,4896,0.773684
551,33794,0.773555
551,8961,0.768015
551,6539,0.766662
551,7143,0.764832
551,111759,0.763282
551,4886,0.762259
551,527,0.737916
552,1197,0.919076
552,318,0.894195
552,4226,0.848804
552,1968,0.836453
552,260,0.832311
552,4027,0.797224
552,2028,0.797056
552,924,0.792313
552,2804,0.791534
552,4993,0.781766
552,1198,0.770284
552,1682,0.767399
552,5618,0.753461
552,2355,0.75081
552,1210,0.745945
552,50,0.735178
552,3578,0.735138
552,1262,0.732364
552,1653,0.73098
552,3174,0.72597
553,2329,0.963468
553,47,0.915017
553,4226,0.914905
553,2692,0.87035
553,4878,0.865519
553,1222,0.838081
553,1617,0.825389
553,6874,0.820416
553,223,0.819542
553,1610,0.812889
553,1625,0.792661
553,32587,0.787514
553,7438,0.782254
553,44191,0.776211
553,44195,0.775409
553,3275,0.774513
553,40819,0.773042
553,4973,0.770222
553,4262,0.762089
553,1193,0.76058
554,2762,0.903251
554,260,0.902863
554,904,0.884067
554,1270,0.863844
554,1617,0.82639
554,1198,0.810934
554,596,0.80018
554,1136,0.786281
554,356,0.786007
554,1304,0.780636
554,2329,0.772331
554,1246,0.770881
554,2987,0.761875
554,1219,0.760821
554,1197,0.758866
554,1221,0.757015
554,3671,0.747503
554,1242,0.742733
554,5060,0.739437
554,910,0.738572
555,924,0.928027
555,16,0.868335
555,47,0.850754
555,2716,0.797559
555,2268,0.794432
555,3253,0.790091
555,223,0.771018
555,2795,0.770195
555,215,0.760711
555,919,0.759937
555,3740,0.758475
555,1617,0.754688
555,7371,0.752157
555,1372,0.747546
555,3255,0.743038
555,69122,0.741344
555,1339,0.740699
555,1967,0.738685
555,1230,0.73744
555,1653,0.737125
556,81834,0.935659
556,8961,0.849271
556,68954,0.844333
556,45722,0.822307
556,79091,0.821812
556,33794,0.821024
556,59315,0.817955
556,89745,0.81753
556,4886,0.816538
556,60069,0.807507
556,58559,0.793256
556,8636,0.786567
556,4306,0.78395
556,50872,0.779411
556,116797,0.778163
556,6377,0.774336
556,53125,0.770959
556,5349,0.770392
556,109487,0.764533
556,79132,0.761596
557,356,0.912325
557,110,0.84808
557,589,0.819038
557,593,0.807937
557,480,0.80459
557,296,0.778578
557,1270,0.774511
557,4993,0.762872
557,377,0.744181
557,457,0.736433
557,7153,0.735687
557,3578,0.735028
557,5952,0.720166
557,780,0.714036
557,1240,0.703101
557,2959,0.700783
557,1,0.698122
557,47,0.690924
557,58559,0.684147
557,858,0.683324
558,318,0.97019
558,4226,0.898481
558,3147,0.875668
558,111,0.859489
558,2329,0.846301
558,356,0.839035
558,1784,0.838021
558,110,0.828266
558,858,0.825575
558,5349,0.82199
558,5816,0.810284
558,2700,0.807115
558,4022,0.804841
558,2959,0.803588
558,2571,0.801675
558,2355,0.799996
558,1193,0.798949
558,587,0.795185
558,1213,0.791765
558,912,0.786483
559,590,0.875675
559,62,0.872166
559,593,0.864935
559,141,0.839065
559,293,0.79743
559,497,0.792956
559,353,0.785086
559,586,0.77803
559,527,0.77669
559,47,0.775601
559,553,0.772292
559,224,0.758401
559,21,0.74989
559,7,0.747448
559,440,0.742713
559,158,0.737775
559,252,0.735563
559,208,0.71625
559,236,0.713841
559,11,0.712442
560,318,0.937494
560,1206,0.793779
560,4239,0.776658
560,750,0.775481
560,44199,0.755592
560,541,0.753817
560,48780,0.753348
560,648,0.749831
560,2502,0.740175
560,4848,0.739804
560,7143,0.735832
560,112183,0.734865
560,924,0.734245
560,6711,0.732889
560,97304,0.729048
560,104,0.728625
560,3753,0.726958
560,115713,0.726254
560,2324,0.72581
560,5064,0.724769
561,1527,0.889469
561,588,0.784882
561,3147,0.776886
561,337,0.773388
561,1208,0.755151
561,1220,0.748733
561,98809,0.726799
561,223,0.709594
561,150,0.706649
561,1215,0.693304
561,1625,0.680762
561,2700,0.677148
561,104841,0.671066
561,1225,0.670906
561,1219,0.668399
561,5679,0.667309
561,2542,0.666582
561,1653,0.662331
561,2011,0.659996
561,3671,0.652759
562,1215,0.930134
562,7361,0.898189
562,7438,0.850196
562,4878,0.843206
562,51662,0.819566
562,44191,0.81343
562,2324,0.802413
562,2572,0.798462
562,8961,0.797953
562,953,0.794293
562,3114,0.792289
562,4973,0.785367
562,48774,0.783283
562,8533,0.782729
562,2407,0.78118
562,858,0.775703
562,912,0.775007
562,1580,0.774752
562,2542,0.771629
562,1270,0.769617
563,69757,0.852006
563,6942,0.848619
563,81847,0.820975
563,5299,0.808004
563,364,0.795854
563,64969,0.792724
563,96588,0.787934
563,4016,0.784604
563,1206,0.776534
563,76093,0.770171
563,106696,0.766636
563,140110,0.765211
563,902,0.764282
563,4306,0.757575
563,39,0.755647
563,5620,0.755467
563,69406,0.753568
563,56152,0.745503
563,920,0.740123
563,104374,0.738431
564,7293,0.870585
564,2918,0.869683
564,56367,0.863356
564,96588,0.820511
564,8533,0.805503
564,96821,0.792818
564,4447,0.790698
564,51662,0.779563
564,62434,0.776047
564,1197,0.75694
564,111743,0.74989
564,1704,0.74673
564,51255,0.741277
564,597,0.739923
564,2858,0.735767
564,4979,0.733332
564,1485,0.731563
564,2005,0.730993
564,7325,0.730366
564,86911,0.729107
565,593,0.919919
565,110,0.894885
565,480,0.88307
565,589,0.847449
565,161,0.818675
565,349,0.784089
565,595,0.774144
565,339,0.761231
565,364,0.743387
565,434,0.73003
565,10,0.728774
565,587,0.706287
565,454,0.703536
565,292,0.701772
565,1,0.699582
565,500,0.689103
565,329,0.68683
565,253,0.67004
565,316,0.667586
565,185,0.666654
566,593,0.918915
566,595,0.870941
566,339,0.854118
566,589,0.823454
566,153,0.811846
566,34,0.809376
566,47,0.79783
566,440,0.782017
566,344,0.766667
566,185,0.759782
566,1,0.752455
566,410,0.738841
566,508,0.727649
566,350,0.727546
566,225,0.722481
566,288,0.707853
566,62,0.703616
566,474,0.700579
566,282,0.673787
566,586,0.662933
567,2762,0.797172
567,2571,0.750273
567,1258,0.746756
567,2959,0.726887
567,31658,0.714258
567,122886,0.706361
567,1214,0.693927
567,116823,0.690792
567,122904,0.687067
567,81845,0.681335
567,2712,0.677809
567,106920,0.671139
567,91529,0.66622
567,47099,0.660157
567,2692,0.649162
567,1200,0.645325
567,72641,0.644627
567,908,0.642287
567,3949,0.637947
567,6365,0.63475
568,318,0.977233
568,527,0.867177
568,858,0.740207
568,47,0.726194
568,58559,0.725196
568,1213,0.713233
568,110,0.708318
568,2329,0.706975
568,2571,0.703016
568,2959,0.694864
568,2858,0.689891
568,150,0.689713
568,48516,0.688547
568,590,0.681771
568,1221,0.674662
568,1704,0.665512
568,1196,0.664214
568,1198,0.6572
568,79132,0.651495
568,3147,0.649141
569,150,0.931698
569,457,0.901305
569,110,0.868908
569,318,0.868314
569,161,0.863533
569,589,0.837453
569,593,0.835436
569,47,0.812525
569,292,0.789252
569,364,0.768186
569,454,0.744201
569,34,0.729869
569,253,0.727934
569,339,0.726617
569,367,0.723338
569,300,0.711556
569,208,0.705727
569,500,0.697127
569,32,0.692563
569,527,0.68863
570,593,0.877825
570,480,0.870636
570,296,0.833393
570,50,0.777397
570,4963,0.753587
570,1356,0.753247
570,590,0.741461
570,541,0.735796
570,592,0.734842
570,4995,0.734275
570,8961,0.733255
570,5418,0.72789
570,6377,0.72787
570,5952,0.725528
570,1259,0.723517
570,3996,0.705101
570,539,0.68818
570,4973,0.687724
570,4034,0.684456
570,1136,0.682543
571,1997,0.803581
571,2791,0.706467
571,1200,0.705617
571,4720,0.662774
571,589,0.65173
571,2455,0.647325
571,1982,0.646531
571,1215,0.636782
571,3671,0.624731
571,1240,0.605847
571,3471,0.60496
571,904,0.597019
571,1321,0.596784
571,3081,0.59223
571,2118,0.58886
571,924,0.587285
571,4105,0.586778
571,1090,0.584679
571,2003,0.584608
571,919,0.584161
572,541,0.935625
572,1617,0.889674
572,2571,0.861589
572,1242,0.852644
572,913,0.851256
572,1231,0.846973
572,1197,0.840648
572,1721,0.837919
572,1201,0.833505
572,5060,0.832212
572,1101,0.831814
572,923,0.819779
572,1270,0.802322
572,1580,0.79685
572,2890,0.793739
572,1203,0.793113
572,1302,0.791442
572,2858,0.789411
572,246,0.782185
572,1219,0.781284
573,5418,0.976027
573,7438,0.851854
573,223,0.802769
573,1265,0.801299
573,57669,0.792994
573,4963,0.789598
573,8644,0.788302
573,1222,0.776964
573,44191,0.767536
573,5464,0.761122
573,7254,0.750444
573,73017,0.749069
573,8917,0.748387
573,50872,0.744678
573,111759,0.741175
573,6942,0.738426
573,55765,0.734931
573,3147,0.734223
573,54286,0.731891
573,4995,0.726968
574,356,0.949531
574,457,0.917451
574,590,0.885791
574,480,0.882747
574,165,0.87501
574,589,0.864944
574,349,0.856686
574,377,0.785958
574,253,0.780879
574,454,0.778742
574,50,0.768014
574,364,0.757188
574,10,0.750181
574,527,0.739537
574,208,0.738309
574,34,0.727831
574,367,0.698665
574,32,0.696362
574,288,0.695149
574,597,0.689508
575,2858,0.862572
575,2329,0.84516
575,2762,0.819355
575,223,0.807924
575,2959,0.786332
575,2490,0.772459
575,2502,0.76702
575,318,0.759913
575,2324,0.742866
575,2683,0.736411
575,527,0.735408
575,2028,0.730138
575,3175,0.7243
575,593,0.72254
575,356,0.716598
575,1500,0.713737
575,1704,0.706977
575,2724,0.702756
575,1777,0.699955
575,2396,0.696068
576,2490,0.827683
576,1215,0.815878
576,745,0.787281
576,1148,0.783265
576,1288,0.779017
576,1748,0.757771
576,1500,0.757553
576,1079,0.746171
576,1197,0.738518
576,1214,0.73468
576,610,0.732216
576,2762,0.731778
576,1298,0.72945
576,1199,0.729354
576,1641,0.729258
576,2302,0.728057
576,2890,0.727578
576,50,0.727128
576,1125,0.725895
576,497,0.725713
577,589,0.889618
577,1208,0.881795
577,1201,0.87429
577,1204,0.849751
577,2571,0.848821
577,1193,0.792338
577,1242,0.786474
577,953,0.775376
577,3527,0.763419
577,3147,0.761079
577,1246,0.750463
577,1376,0.749408
577,1247,0.748299
577,1408,0.746225
577,2871,0.746111
577,2791,0.736999
577,1527,0.732417
577,2716,0.731138
577,1276,0.728358
577,1035,0.725172
578,2572,0.937481
578,88163,0.896374
578,68954,0.893248
578,80549,0.879409
578,914,0.875701
578,69757,0.873576
578,55247,0.872874
578,40629,0.871238
578,76093,0.860392
578,1584,0.844198
578,30749,0.841095
578,912,0.839819
578,58998,0.838297
578,63082,0.838095
578,92259,0.833717
578,1214,0.827669
578,55052,0.825788
578,46578,0.822759
578,902,0.822318
578,69122,0.822123
579,1721,0.89572
579,588,0.849279
579,2858,0.821841
579,593,0.800681
579,1617,0.759058
579,2329,0.757437
579,1704,0.752483
579,2080,0.75247
579,648,0.751212
579,2081,0.750122
579,150,0.736302
579,296,0.734637
579,457,0.729575
579,1196,0.726307
579,1282,0.723211
579,2959,0.721744
579,1097,0.720656
579,2628,0.719181
579,590,0.710737
579,594,0.7076
580,1258,0.89108
580,1466,0.871935
580,509,0.869075
580,2997,0.863514
580,750,0.851026
580,4886,0.843749
580,1610,0.835687
580,5956,0.822278
580,5989,0.807573
580,1233,0.786615
580,2231,0.784673
580,6942,0.777572
580,4022,0.777156
580,597,0.777103
580,529,0.772119
580,2470,0.765684
580,345,0.765296
580,1276,0.76504
580,1690,0.762898
580,8874,0.761949
581,58559,0.966038
581,6539,0.891288
581,5618,0.849557
581,2028,0.846324
581,3578,0.83511
581,8961,0.831064
581,593,0.827651
581,296,0.817719
581,2329,0.794203
581,68157,0.781307
581,6874,0.779522
581,48516,0.775675
581,106782,0.771678
581,63082,0.770149
581,33794,0.753126
581,76093,0.752923
581,1193,0.750914
581,6016,0.750744
581,5418,0.750097
581,5445,0.744461
582,7153,0.933037
582,5952,0.879504
582,112852,0.866845
582,318,0.824191
582,1198,0.815345
582,122904,0.80673
582,111759,0.790855
582,122882,0.76266
582,72998,0.757069
582,70286,0.740101
582,81845,0.732593
582,356,0.730219
582,80463,0.725248
582,98809,0.720691
582,4896,0.720656
582,293,0.719678
582,106782,0.711312
582,48394,0.708745
582,296,0.708564
582,858,0.707187
583,318,0.886054
583,364,0.866515
583,2858,0.854002
583,597,0.834694
583,2959,0.822533
583,1197,0.806411
583,2762,0.798934
583,500,0.780635
583,4447,0.767783
583,93510,0.75802
583,86833,0.755686
583,88163,0.748393
583,262,0.748347
583,223,0.746708
583,68954,0.745506
583,6155,0.744543
583,52973,0.736884
583,1033,0.734569
583,56949,0.729552
583,45720,0.727977
584,318,1.0
584,266,0.913014
584,2,0.867145
584,11,0.849086
584,527,0.846918
584,553,0.828579
584,432,0.824779
584,357,0.811058
584,168,0.808659
584,50,0.790142
584,21,0.786471
584,353,0.780907
584,509,0.772252
584,368,0.769554
584,151,0.768118
584,594,0.760476
584,223,0.750824
584,552,0.743798
584,62,0.729622
584,111,0.724699
585,1221,0.980931
585,50,0.978129
585,778,0.906993
585,1193,0.848397
585,293,0.818272
585,6870,0.812779
585,318,0.812723
585,47,0.806656
585,4226,0.803516
585,1208,0.80009
585,1884,0.799779
585,1617,0.797135
585,8950,0.779006
585,3949,0.770715
585,6874,0.768795
585,6,0.767818
585,1206,0.767048
585,608,0.766993
585,1729,0.74817
585,48780,0.745907
586,6377,0.968571
586,115617,0.963124
586,364,0.961273
586,1527,0.958938
586,8961,0.952102
586,49272,0.943954
586,356,0.924464
586,5218,0.92061
586,8360,0.895417
586,109487,0.88769
586,4896,0.882077
586,4306,0.871725
586,116797,0.867936
586,1197,0.86616
586,111759,0.859197
586,8636,0.852504
586,69844,0.851868
586,44191,0.851652
586,70286,0.846207
586,1240,0.840017
587,1704,0.917688
587,1246,0.897371
587,318,0.896301
587,1265,0.896264
587,1198,0.894174
587,2150,0.876526
587,1276,0.857429
587,1285,0.852786
587,2915,0.85009
587,1784,0.83861
587,223,0.82854
587,1278,0.823796
587,923,0.823704
587,2321,0.821382
587,1288,0.820777
587,2100,0.820568
587,1207,0.819481
587,2683,0.818631
587,593,0.817723
587,17,0.811557
588,377,0.800495
588,32,0.776676
588,153,0.763232
588,588,0.736592
588,555,0.728408
588,500,0.719311
588,474,0.707223
588,587,0.699884
588,329,0.69276
588,780,0.679563
588,597,0.674513
588,595,0.674141
588,34,0.670332
588,266,0.665762
588,293,0.663073
588,111,0.66282
588,339,0.658332
588,648,0.649088
588,1,0.646802
588,608,0.641584
589,110,0.936968
589,32,0.91055
589,377,0.898912
589,1,0.898297
589,457,0.897567
589,480,0.893183
589,47,0.888833
589,50,0.869116
589,589,0.863555
589,253,0.862704
589,34,0.825582
589,597,0.813146
589,266,0.811347
589,592,0.792392
589,608,0.791378
589,344,0.777824
589,500,0.775816
589,648,0.774528
589,349,0.771368
589,380,0.769899
590,2502,0.84232
590,5995,0.833846
590,73017,0.791751
590,2353,0.79085
590,899,0.781594
590,5060,0.767579
590,2501,0.738957
590,1263,0.734823
590,80463,0.70529
590,1704,0.705286
590,34,0.700323
590,50872,0.690319
590,44199,0.689715
590,2997,0.688631
590,1244,0.68288
590,2067,0.682521
590,8641,0.682181
590,16,0.678779
590,1500,0.676105
590,2431,0.674004
591,2858,0.864537
591,1196,0.860835
591,2028,0.826222
591,2700,0.803335
591,1580,0.774843
591,3175,0.73495
591,1198,0.729213
591,3753,0.727889
591,2502,0.72324
591,858,0.717756
591,2599,0.716729
591,1653,0.699034
591,1197,0.684845
591,1193,0.68249
591,1923,0.681777
591,4011,0.678822
591,2329,0.666403
591,4306,0.664412
591,1214,0.663065
591,4022,0.660131
592,292,0.887483
592,47,0.851174
592,288,0.788386
592,527,0.782909
592,410,0.771608
592,34,0.755177
592,474,0.74641
592,357,0.746147
592,266,0.725055
592,350,0.718448
592,50,0.714053
592,236,0.713318
592,440,0.710592
592,1,0.69073
592,11,0.689854
592,552,0.685465
592,168,0.682812
592,223,0.680206
592,32,0.6769
592,370,0.671313
593,1,0.836056
593,296,0.765723
593,480,0.761455
593,589,0.756972
593,2028,0.742626
593,2762,0.740378
593,4886,0.708867
593,4226,0.688117
593,17,0.682068
593,47,0.669985
593,7361,0.661884
593,597,0.659489
593,1198,0.659318
593,778,0.652999
593,457,0.652337
593,6874,0.647766
593,3114,0.642935
593,2692,0.635926
593,8360,0.627398
593,1961,0.627014
594,356,0.943993
594,3753,0.87629
594,500,0.868037
594,168,0.843926
594,6539,0.836301
594,350,0.836263
594,1265,0.828456
594,104,0.825435
594,2019,0.817494
594,6377,0.816796
594,2291,0.813759
594,1680,0.808133
594,1777,0.804851
594,1573,0.802046
594,912,0.801148
594,1997,0.795444
594,1954,0.793086
594,922,0.791873
594,1059,0.791432
594,6942,0.786646
595,17,0.925808
595,1210,0.915391
595,1196,0.914101
595,260,0.902217
595,1079,0.895664
595,2571,0.85899
595,1610,0.858597
595,1617,0.858544
595,2692,0.8486
595,357,0.842873
595,2599,0.842736
595,778,0.842649
595,2028,0.831543
595,110,0.815942
595,1357,0.81327
595,608,0.811741
595,296,0.809752
595,527,0.808691
595,1923,0.799623
595,912,0.795971
596,1682,0.888411
596,1617,0.864471
596,1784,0.827928
596,3897,0.826202
596,318,0.812249
596,50872,0.797223
596,1089,0.796828
596,1203,0.783185
596,2005,0.754889
596,3949,0.749183
596,1240,0.74497
596,116797,0.735611
596,48516,0.732694
596,48394,0.730168
596,164179,0.728134
596,2028,0.727636
596,261,0.723903
596,1213,0.716774
596,913,0.712678
596,4011,0.711153
597,1261,0.928415
597,608,0.913401
597,1094,0.889437
597,2571,0.860444
597,296,0.848475
597,866,0.843688
597,1213,0.83686
597,1242,0.822146
597,1215,0.822023
597,539,0.819337
597,150,0.814899
597,2268,0.811171
597,3421,0.807687
597,593,0.80258
597,2700,0.80079
597,527,0.795197
597,1333,0.792111
597,2058,0.789904
597,1262,0.786865
597,1407,0.778452
598,8368,0.905897
598,7153,0.898421
598,5952,0.891075
598,4993,0.865854
598,6539,0.857408
598,60069,0.847046
598,5618,0.844066
598,4896,0.843846
598,6377,0.833382
598,58559,0.832807
598,6016,0.828142
598,4886,0.826754
598,4973,0.823819
598,5989,0.814504
598,68954,0.814211
598,4878,0.813249
598,40815,0.804293
598,69844,0.795236
598,8961,0.793639
598,6711,0.790377
599,866,0.809321
599,1641,0.780436
599,3089,0.775599
599,1358,0.751006
599,1041,0.748968
599,905,0.73406
599,3347,0.733974
599,4967,0.724905
599,80906,0.717756
599,92535,0.717669
599,4246,0.717022
599,1287,0.709629
599,969,0.708623
599,3429,0.703588
599,1344,0.703549
599,7156,0.703263
599,105504,0.698312
599,1303,0.695466
599,3307,0.694115
599,3341,0.690984
600,50,0.857686
600,1208,0.829411
600,1225,0.802206
600,48516,0.790744
600,708,0.763485
600,3967,0.761103
600,1997,0.760308
600,51662,0.757317
600,2599,0.750646
600,2501,0.749775
600,3489,0.743565
600,47610,0.741686
600,8366,0.74167
600,6787,0.73896
600,3148,0.73046
600,1252,0.730011
600,122882,0.724003
600,2396,0.720867
600,4979,0.720465
600,1223,0.717405
601,58559,0.966009
601,356,0.875574
601,3147,0.759049
601,4896,0.752295
601,6539,0.743657
601,260,0.727522
601,92259,0.716773
601,8368,0.713733
601,296,0.710905
601,69844,0.709401
601,4973,0.708786
601,1196,0.701921
601,750,0.698883
601,593,0.697727
601,1291,0.694294
601,364,0.690411
601,4878,0.684111
601,122904,0.683633
601,112552,0.680932
601,1682,0.671535
602,588,0.858283
602,62,0.84963
602,265,0.842506
602,17,0.839279
602,497,0.82829
602,1,0.814602
602,595,0.811145
602,236,0.803933
602,223,0.77351
602,353,0.760433
602,736,0.757264
602,272,0.74518
602,376,0.7291
602,261,0.726828
602,111,0.710293
602,58,0.710118
602,112,0.709192
602,708,0.692043
602,515,0.680512
602,317,0.675043
603,7438,0.846256
603,2186,0.837767
603,47,0.837743
603,3793,0.82013
603,2583,0.820099
603,1253,0.816087
603,1961,0.80734
603,951,0.806875
603,1136,0.803859
603,81591,0.801633
603,1212,0.79859
603,1288,0.798476
603,81834,0.794877
603,589,0.787972
603,2324,0.780718
603,3068,0.778819
603,2770,0.77671
603,2921,0.776349
603,2067,0.776023
603,1125,0.764932
604,318,0.914751
604,161,0.894904
604,474,0.854599
604,590,0.842163
604,150,0.833869
604,47,0.831961
604,457,0.830906
604,356,0.82842
604,589,0.825843
604,225,0.824829
604,163,0.819868
604,440,0.813542
604,16,0.806646
604,50,0.805435
604,266,0.802343
604,337,0.787736
604,11,0.787215
604,282,0.784774
604,480,0.784038
604,36,0.780914
605,1196,0.901155
605,1291,0.82474
605,1136,0.811905
605,165,0.806647
605,1198,0.799464
605,40629,0.799374
605,8360,0.793857
605,339,0.783044
605,2080,0.78219
605,329,0.780301
605,2628,0.780006
605,1356,0.775754
605,5349,0.770979
605,344,0.770786
605,410,0.769588
605,914,0.758906
605,8636,0.755835
605,318,0.753481
605,1035,0.752468
605,593,0.750832
606,150,0.859126
606,1080,0.859005
606,353,0.845902
606,923,0.843191
606,1673,0.821758
606,1035,0.807559
606,1131,0.804319
606,4776,0.792021
606,4011,0.787285
606,3098,0.782042
606,1132,0.774089
606,54995,0.773951
606,1292,0.771898
606,7022,0.769781
606,3263,0.764488
606,25,0.76338
606,6059,0.762301
606,44191,0.761731
606,5013,0.755614
606,1203,0.755177
607,1200,0.886851
607,47,0.823222
607,3703,0.820167
607,1198,0.808557
607,356,0.778034
607,50,0.768814
607,4128,0.75532
607,1242,0.751988
607,2396,0.751308
607,1089,0.745651
607,595,0.744515
607,1333,0.7402
607,648,0.735945
607,1278,0.732649
607,364,0.729353
607,912,0.720824
607,1350,0.719363
607,1073,0.715853
607,1961,0.714603
607,2018,0.711658
608,6711,0.916565
608,3671,0.882604
608,3535,0.844199
608,33493,0.832245
608,1884,0.826937
608,1394,0.797448
608,69,0.796166
608,2413,0.78782
608,33794,0.784944
608,3740,0.783957
608,903,0.777807
608,30825,0.775601
608,8981,0.771775
608,1356,0.770371
608,3000,0.770275
608,1198,0.759066
608,8949,0.755376
608,48516,0.753172
608,2393,0.747453
608,1029,0.741615
609,593,0.873834
609,165,0.824524
609,47,0.820321
609,380,0.806337
609,588,0.795536
609,153,0.782751
609,32,0.77911
609,349,0.757797
609,316,0.734029
609,377,0.730834
609,50,0.727544
609,595,0.725597
609,344,0.717638
609,300,0.710642
609,780,0.687132
609,527,0.685229
609,364,0.678648
609,648,0.642189
609,225,0.635685
609,367,0.619937
610,1259,0.878889
610,2804,0.875043
610,3448,0.846644
610,1219,0.845877
610,1704,0.844646
610,1921,0.840034
610,3534,0.826774
610,3160,0.823999
610,431,0.823815
610,64969,0.823101
610,2692,0.814959
610,2160,0.810959
610,898,0.807605
610,106696,0.80697
610,1269,0.806657
610,96737,0.804479
610,2232,0.803939
610,4239,0.803433
610,1250,0.80339
610,1275,0.801772
611,58559,0.933316
611,2571,0.84614
611,318,0.829695
611,7153,0.821101
611,2959,0.820413
611,4993,0.809593
611,91529,0.807275
611,68954,0.804599
611,5952,0.79177
611,74458,0.783646
611,116797,0.783034
611,68157,0.782263
611,99114,0.75963
611,89745,0.736189
611,356,0.718806
611,4226,0.718409
611,112852,0.713486
611,76093,0.712281
611,296,0.710157
611,134130,0.705922
