mediacontent_id,genre_id
1,2
1,3
1,5
1,2
1,3
1,5
1,2
1,3
1,5
2,2
2,9
3,5
3,14
4,5
4,8
4,14
5,5
6,1
6,6
6,8
7,5
7,8
7,14
8,1
8,2
8,8
9,1
9,6
9,8
9,16
10,1
10,2
10,16
11,8
11,14
12,5
12,11
13,2
13,3
13,8
14,8
15,1
15,2
16,6
16,8
17,8
17,14
18,5
19,2
19,5
19,6
20,1
20,5
20,6
21,5
21,6
21,16
22,6
22,13
22,16
23,1
23,2
23,6
23,16
24,8
24,9
25,8
25,14
26,8
27,5
27,8
27,14
28,8
28,14
29,2
29,9
30,6
30,8
31,8
32,13
32,16
34,5
34,8
34,9
36,8
38,5
38,14
39,5
39,14
40,8
41,8
41,17
42,1
42,6
42,8
43,8
43,14
44,1
44,9
45,5
45,6
45,8
46,8
46,14
47,6
47,13
47,16
48,2
48,3
48,14
49,8
49,14
50,6
50,8
50,16
52,5
52,14
53,8
54,5
55,8
57,5
57,8
57,14
58,5
58,8
58,14
60,2
60,9
61,8
61,16
62,8
63,5
63,6
64,5
64,14
65,5
66,1
66,11
66,16
68,5
68,14
69,5
69,8
70,1
70,6
70,11
70,16
71,1
72,5
72,8
72,14
73,8
74,8
74,14
75,5
76,11
76,17
77,7
78,8
78,16
79,6
79,16
80,8
81,6
81,8
82,5
82,8
83,8
83,14
85,8
85,14
86,2
86,8
87,2
87,5
88,5
89,1
89,6
89,16
92,8
92,11
92,16
93,5
93,9
93,11
93,14
94,5
94,8
94,14
95,1
95,16
96,5
97,8
99,7
100,8
100,16
101,5
101,6
101,8
102,5
102,14
103,13
103,16
104,5
105,8
105,14
106,5
106,8
107,2
107,5
108,7
110,1
110,8
110,17
111,6
111,8
112,1
112,5
112,6
112,16
113,6
113,8
113,13
116,7
117,5
117,6
117,8
118,5
118,14
119,5
119,8
121,6
121,8
122,5
122,14
123,5
123,8
123,14
125,5
126,2
126,5
126,9
128,7
129,5
129,14
132,13
132,16
135,5
137,5
140,8
140,14
141,5
141,14
144,5
144,8
144,14
145,1
145,5
145,6
145,16
146,2
146,8
147,6
147,8
148,5
148,8
148,14
149,5
149,6
149,8
150,8
151,1
151,2
151,8
151,17
152,8
152,11
153,1
153,6
153,9
154,8
154,14
155,8
155,16
156,5
157,5
158,5
158,9
159,6
159,8
159,13
160,1
160,2
161,1
161,8
161,16
161,17
162,7
163,1
163,6
163,16
164,6
164,13
164,16
165,1
165,16
166,5
166,6
166,8
168,1
168,2
168,8
168,14
169,2
169,5
169,8
170,1
170,6
170,8
170,16
171,5
171,8
171,14
172,1
172,2
173,1
174,5
174,8
175,6
175,8
176,5
177,8
177,9
177,11
178,5
178,8
179,8
179,14
180,5
180,14
181,1
181,2
181,9
183,6
183,11
183,16
184,11
184,16
185,1
185,6
185,8
185,13
185,16
186,5
186,14
187,5
187,8
187,14
188,1
188,8
188,9
188,11
188,16
189,5
189,8
189,9
190,8
191,8
191,14
193,8
194,5
194,8
195,5
195,8
196,1
196,11
198,6
198,8
198,16
199,8
199,14
201,8
201,9
202,8
202,14
203,5
203,8
204,1
204,16
205,5
205,8
206,7
207,8
207,14
208,1
208,2
209,8
210,1
210,8
210,18
211,8
212,1
212,2
212,5
213,8
214,8
214,17
215,8
215,14
216,5
217,8
217,16
218,5
218,8
219,8
220,8
220,11
220,13
220,16
222,8
222,14
223,5
224,5
224,8
224,14
225,6
225,8
225,16
227,1
227,6
227,16
228,5
228,6
228,9
229,8
229,16
230,6
230,8
230,13
231,5
232,5
232,8
232,14
233,8
234,5
234,6
234,16
235,5
235,8
236,5
236,14
237,5
237,8
237,14
238,1
238,2
238,8
239,2
239,3
239,5
239,14
240,8
240,11
240,16
241,2
241,8
242,8
243,8
243,9
246,7
247,8
247,9
248,5
249,8
249,14
250,5
251,1
251,8
251,16
252,5
252,8
252,14
253,8
253,9
253,11
254,8
254,14
255,5
255,6
256,5
257,1
257,8
257,13
257,16
258,2
258,5
258,9
259,6
259,8
259,16
260,1
260,2
261,8
261,14
262,8
262,9
263,8
265,8
265,14
266,8
266,14
266,17
266,18
267,2
267,5
269,6
269,8
270,8
270,14
271,8
272,5
272,8
273,8
273,11
273,14
274,5
275,5
275,8
275,14
276,5
276,8
276,14
277,8
277,9
278,5
278,14
279,5
279,8
280,6
280,8
281,5
281,8
282,8
282,16
283,6
283,8
283,16
284,1
284,6
284,8
284,16
285,11
287,8
287,14
288,6
288,8
288,16
289,5
289,14
290,8
291,8
291,14
291,16
292,1
292,8
292,16
293,1
293,6
293,8
294,5
294,8
294,14
295,5
295,8
295,14
296,5
296,6
296,16
298,5
298,8
299,8
299,14
300,8
301,8
302,8
302,14
303,1
303,8
303,14
303,16
303,18
304,5
304,8
305,5
306,8
306,13
306,14
307,8
308,5
308,8
308,13
310,5
311,8
311,11
312,5
312,8
313,2
313,3
313,5
313,9
314,2
314,8
314,9
315,1
315,16
316,1
316,2
317,5
317,8
317,9
318,6
318,8
319,6
319,16
320,8
320,16
321,5
321,8
322,5
322,6
324,5
324,8
324,14
325,5
326,8
326,14
326,17
327,1
327,5
327,9
328,5
328,11
328,16
329,1
329,2
329,16
330,6
330,8
330,9
330,11
330,16
331,8
331,14
332,11
332,16
333,5
334,8
335,6
335,8
335,16
336,8
336,17
337,8
337,14
338,1
338,6
338,16
339,5
339,14
340,8
340,17
341,5
341,8
341,14
342,5
342,8
342,14
343,5
343,8
344,5
344,6
344,13
345,5
345,8
346,8
347,8
347,14
347,16
348,5
348,6
349,1
349,8
349,16
350,6
350,8
350,13
350,16
351,5
351,14
352,5
352,8
353,1
353,9
353,16
354,8
355,5
355,9
356,5
356,8
356,14
357,5
357,8
357,14
358,6
358,8
358,16
359,5
359,8
359,14
360,5
360,14
361,5
361,8
361,14
362,2
362,8
363,7
364,3
364,8
365,8
366,9
366,11
366,13
367,5
367,6
367,9
367,14
368,1
368,2
368,5
368,8
368,18
369,8
370,5
370,6
371,5
371,8
372,5
372,8
372,14
373,6
373,8
373,16
374,5
376,2
376,8
376,16
377,1
377,16
378,5
378,14
379,1
379,6
379,16
380,1
380,16
381,8
381,14
382,8
382,11
382,14
383,1
383,2
383,8
383,18
384,1
384,6
384,14
384,16
385,5
385,8
386,5
386,8
387,1
387,5
387,6
388,8
389,8
390,1
390,5
390,6
390,16
391,6
391,8
391,14
393,1
393,2
393,5
393,16
405,1
405,2
405,9
406,6
406,8
407,11
407,13
408,8
408,14
408,18
409,6
409,8
409,16
410,5
410,9
412,8
412,14
413,5
413,6
414,5
415,1
415,5
415,6
416,14
416,18
417,5
417,8
417,14
418,5
418,8
418,9
419,5
420,1
420,5
420,6
421,2
421,8
422,6
422,16
423,1
424,8
425,8
425,14
426,11
427,8
427,14
427,16
428,6
428,8
429,2
429,5
429,9
429,14
430,5
430,8
431,6
431,8
431,16
432,5
432,18
433,5
433,13
434,1
434,2
434,16
435,5
436,13
436,14
436,16
437,5
437,6
437,16
438,1
438,5
438,6
438,8
438,16
438,18
440,5
441,5
441,8
442,1
442,6
444,5
444,8
444,14
444,18
445,5
445,6
446,8
448,8
449,5
450,5
450,8
451,8
451,14
451,16
452,5
452,13
452,14
452,16
453,5
453,14
454,8
454,13
454,16
455,2
455,8
456,6
456,8
456,16
457,1
457,8
457,16
458,1
458,8
458,18
459,1
459,6
459,13
459,16
460,5
460,6
461,5
461,8
461,14
464,1
464,6
464,16
466,1
466,5
466,17
467,5
468,5
468,8
468,14
469,8
469,14
470,5
471,5
471,8
471,9
472,5
472,8
473,5
474,1
474,6
474,8
474,13
474,16
475,8
476,5
476,8
476,14
477,8
478,5
479,1
479,6
479,16
480,2
481,6
481,16
482,1
482,6
482,8
482,16
484,2
485,1
485,2
485,5
485,9
486,5
487,5
487,18
488,8
488,14
489,5
490,16
491,8
492,5
492,13
493,6
493,8
493,16
494,1
494,2
494,8
494,16
495,8
495,14
496,5
496,8
496,14
497,5
497,8
497,14
499,5
499,14
500,5
500,8
501,5
501,8
502,1
502,2
502,8
504,1
504,8
504,16
505,2
505,5
505,8
506,8
506,9
507,6
507,8
507,16
508,8
509,8
509,14
510,8
510,14
511,1
511,8
511,14
512,11
512,16
513,5
513,6
513,8
514,5
514,6
514,8
515,8
515,14
516,5
516,8
517,1
517,8
517,16
518,5
518,8
518,14
519,1
519,6
519,16
520,5
521,6
521,8
521,14
522,1
522,8
522,16
523,8
523,14
524,8
526,8
527,8
527,17
528,5
529,8
531,8
531,9
532,5
532,6
533,1
533,6
533,9
534,8
534,14
535,5
535,8
536,5
536,8
537,5
537,8
538,5
538,8
538,13
539,5
539,8
539,14
540,8
540,16
541,8
541,16
542,5
542,8
542,14
543,5
543,6
543,14
544,1
544,6
544,13
544,16
546,2
546,5
546,9
547,1
547,2
547,6
547,8
547,16
548,1
548,16
549,8
550,5
550,8
550,14
551,3
551,9
552,1
552,2
552,5
552,14
553,1
553,18
555,1
555,6
555,14
556,7
558,3
558,9
562,5
562,8
563,8
563,14
564,5
564,14
567,5
567,8
568,5
568,8
569,5
573,5
574,5
574,8
575,5
575,14
577,2
577,5
579,6
579,8
579,16
580,5
580,8
580,13
581,7
583,5
583,8
585,5
585,14
586,5
587,9
587,14
587,16
588,2
588,3
588,9
588,14
589,1
589,16
590,2
590,8
590,18
592,1
592,6
592,9
593,6
593,8
593,16
594,3
594,9
595,3
595,9
595,14
596,3
596,9
597,5
597,14
599,18
600,6
600,16
602,7
605,5
605,14
606,11
606,16
608,6
608,8
608,16
609,2
609,5
609,8
610,2
610,3
610,9
611,11
611,16
612,5
612,14
613,8
613,14
615,5
615,8
616,2
616,3
616,5
617,8
617,14
618,5
618,14
619,5
626,5
626,6
626,14
627,5
627,6
627,8
627,16
628,6
628,8
628,13
628,16
631,2
631,3
631,9
631,14
632,8
632,17
633,5
634,5
634,9
635,5
635,8
636,5
636,8
636,16
637,5
638,5
638,8
638,14
639,5
639,8
640,11
640,13
640,16
645,8
645,14
647,8
647,13
647,16
647,17
648,1
648,2
648,16
649,5
649,8
650,8
650,14
653,1
653,2
653,8
653,9
656,1
656,5
661,2
661,3
661,9
662,16
663,5
665,5
665,8
665,17
667,1
667,16
668,8
670,8
671,5
673,3
673,5
673,9
674,2
674,5
678,8
678,16
679,8
679,14
680,8
680,13
685,8
688,1
688,2
688,5
691,8
691,14
692,1
692,2
692,16
694,1
694,6
694,8
694,16
695,6
695,13
695,16
697,5
697,6
697,8
697,14
697,16
698,8
698,14
700,5
700,8
700,14
703,8
703,13
703,14
704,1
704,2
704,8
706,8
707,6
707,8
707,13
707,16
708,5
708,14
709,3
709,5
710,5
711,2
714,8
714,9
714,18
715,2
715,8
715,14
718,5
718,9
719,5
719,9
719,14
720,3
720,5
722,7
724,8
724,9
724,11
725,5
726,6
726,8
728,5
728,14
731,8
731,13
731,16
733,1
733,2
733,16
735,5
735,11
736,1
736,2
736,8
737,1
737,2
741,1
741,3
742,9
742,11
743,1
743,5
745,3
745,5
747,5
748,11
748,16
750,5
750,17
757,1
757,8
759,7
760,8
760,17
761,1
761,2
762,5
762,6
762,8
764,8
764,14
765,5
765,8
766,8
773,8
773,14
775,8
775,11
775,13
778,6
778,8
779,5
779,14
780,1
780,2
781,8
781,14
782,1
782,8
782,16
783,3
783,8
784,5
784,8
784,16
785,5
786,1
786,13
786,16
788,5
788,9
788,14
790,8
790,14
790,17
795,5
795,8
798,1
798,2
798,16
799,5
799,11
800,8
800,13
800,14
801,5
801,8
802,8
802,9
802,14
803,5
803,8
803,14
804,5
804,14
805,6
805,8
805,16
806,6
806,8
808,2
808,8
809,1
810,5
810,9
813,5
818,5
823,8
823,14
824,8
828,2
828,8
828,9
829,5
829,9
830,5
832,1
832,16
833,5
833,6
833,14
835,1
835,8
835,16
836,1
836,16
837,5
837,9
838,5
838,8
838,14
839,1
839,9
839,16
840,5
841,8
841,11
841,16
842,5
842,11
848,5
848,8
849,1
849,16
851,8
852,5
852,8
852,14
858,6
858,8
861,1
861,6
861,16
866,6
866,8
866,16
867,5
869,6
869,8
870,5
875,1
875,6
875,8
876,1
876,5
876,6
876,16
879,11
879,13
879,16
880,11
881,5
882,8
882,16
885,5
885,9
886,1
886,5
886,6
888,2
888,3
889,8
889,14
891,11
892,5
892,8
892,14
893,8
896,8
896,14
897,2
897,8
897,14
897,17
898,5
898,14
899,5
899,14
900,5
900,14
901,5
901,14
902,5
902,8
902,14
903,13
903,14
903,16
904,8
904,13
904,16
905,5
905,14
906,6
906,8
906,13
906,16
907,5
907,14
908,2
908,16
909,5
909,8
909,14
910,5
910,6
910,14
911,5
911,13
911,14
912,8
912,14
913,6
913,13
913,16
914,5
914,14
915,5
915,8
915,14
916,5
916,8
916,14
917,5
917,8
918,5
918,8
918,14
919,2
919,9
920,8
920,14
920,17
921,5
921,8
922,8
923,8
923,13
924,2
924,13
926,8
927,5
927,8
928,8
928,13
928,14
928,16
929,1
929,13
929,16
930,8
930,13
930,14
930,16
931,13
931,14
931,16
932,8
932,14
933,13
933,14
933,16
934,5
934,8
934,14
935,5
935,14
936,5
936,14
937,5
937,14
938,5
938,14
940,1
940,2
940,14
941,1
941,2
941,14
942,8
942,13
943,8
943,9
943,14
944,2
944,8
944,9
944,14
945,5
945,14
946,5
946,14
946,17
947,5
948,8
948,14
948,18
949,8
950,5
950,6
950,13
951,5
951,8
951,14
952,2
952,5
952,9
952,14
953,8
953,9
954,5
954,8
955,5
955,14
956,8
956,14
959,8
959,14
961,8
963,5
963,14
965,13
965,16
968,11
968,16
969,2
969,8
969,14
970,2
970,5
971,8
973,5
973,8
973,14
976,8
976,14
976,17
979,8
981,6
981,8
982,8
982,14
984,5
984,8
984,14
986,2
986,8
987,8
987,14
988,5
988,8
990,1
990,6
990,16
991,8
991,16
991,17
993,8
993,14
994,5
994,8
994,14
996,1
996,6
996,8
996,18
998,1
998,6
998,8
998,14
998,16
999,5
999,6
999,16
1003,8
1003,16
1004,1
1004,5
1004,6
1004,8
1004,16
1005,1
1005,5
1005,8
1006,6
1006,8
1007,5
1007,18
1008,2
1008,18
1009,2
1009,9
1010,5
1010,9
1011,5
1011,9
1011,14
1012,2
1012,8
1012,18
1013,5
1013,14
1014,5
1014,8
1015,2
1015,5
1016,5
1016,9
1017,2
1018,5
1018,6
1019,2
1019,9
1020,2
1020,5
1020,8
1021,5
1021,9
1022,3
1022,9
1022,14
1023,3
1024,3
1025,3
1025,9
1027,1
1027,2
1027,8
1028,5
1028,9
1029,3
1030,3
1030,5
1030,9
1031,3
1031,9
1032,2
1032,3
1032,9
1033,2
1033,3
1033,8
1034,5
1034,6
1034,8
1034,16
1035,8
1035,14
1036,1
1036,16
1037,11
1040,8
1040,16
1041,8
1042,5
1042,8
1042,14
1043,8
1043,14
1046,5
1046,8
1046,14
1047,1
1047,6
1047,13
1047,16
1049,2
1049,16
1050,7
1051,5
1051,8
1053,6
1053,8
1053,14
1054,2
1054,8
1055,16
1056,8
1056,14
1057,5
1057,14
1059,8
1059,14
1060,5
1060,8
1061,6
1061,8
1061,16
1064,2
1064,3
1066,5
1066,14
1068,6
1068,13
1068,16
1073,5
1073,9
1076,8
1076,11
1076,13
1077,5
1078,5
1079,5
1079,6
1080,5
1081,5
1081,14
1082,5
1082,8
1083,1
1083,2
1083,5
1083,14
1083,18
1084,6
1084,8
1085,2
1085,8
1086,6
1086,8
1086,16
1088,8
1088,14
1089,6
1089,16
1090,1
1090,8
1090,17
1091,5
1091,6
1092,13
1092,16
1093,8
1094,6
1094,8
1094,16
1095,6
1095,8
1095,13
1096,8
1096,14
1096,17
1097,2
1097,9
1099,8
1099,9
1100,1
1100,2
1100,8
1101,1
1101,8
1101,14
1103,8
1104,8
1104,16
1105,11
1111,7
1112,5
1112,6
1114,6
1114,8
1116,8
1117,8
1119,8
1120,8
1121,5
1123,7
1124,8
1124,14
1125,5
1125,6
1125,13
1126,5
1126,8
1126,9
1127,2
1127,16
1128,11
1129,1
1129,16
1130,11
1131,8
1132,8
1135,5
1136,2
1136,5
1136,9
1137,5
1137,14
1140,8
1144,7
1147,7
1148,3
1148,5
1150,8
1151,3
1151,9
1156,8
1161,8
1161,17
1162,5
1162,8
1163,5
1163,8
1167,5
1170,1
1170,6
1170,8
1170,16
1171,5
1171,8
1172,8
1172,14
1173,6
1173,8
1175,5
1175,9
1176,8
1176,9
1177,8
1177,14
1178,8
1178,17
1179,6
1179,8
1180,5
1183,8
1183,14
1183,17
1184,5
1184,14
1184,17
1185,8
1186,8
1187,8
1188,5
1188,8
1188,14
1189,6
1189,7
1190,5
1190,8
1190,14
1191,7
1192,7
1193,8
1194,2
1194,5
1196,1
1196,2
1197,2
1197,5
1197,9
1197,14
1198,1
1198,2
1199,5
1200,1
1200,16
1201,18
1202,5
1202,8
1203,8
1204,2
1204,17
1206,6
1207,8
1208,8
1208,17
1209,8
1209,18
1210,1
1210,2
1211,8
1211,9
1211,14
1212,13
1212,16
1213,6
1213,8
1214,11
1215,5
1215,9
1215,11
1216,2
1216,8
1216,14
1217,1
1217,8
1218,1
1218,6
1218,8
1218,16
1219,11
1219,13
1219,16
1220,1
1220,5
1220,6
1221,6
1221,8
1222,8
1222,17
1223,2
1223,3
1223,5
1224,8
1224,17
1225,8
1226,5
1226,8
1226,14
1227,6
1227,8
1228,8
1230,5
1230,8
1230,14
1231,2
1231,8
1232,8
1233,8
1233,17
1234,5
1234,6
1234,8
1235,5
1235,8
1235,14
1236,5
1236,8
1236,14
1237,8
1237,9
1238,5
1238,8
1240,1
1240,16
1241,5
1241,11
1242,8
1242,17
1243,5
1243,8
1244,5
1244,8
1244,14
1245,6
1245,8
1245,16
1246,8
1247,5
1247,8
1247,14
1248,6
1248,8
1248,16
1249,1
1249,16
1250,8
1250,17
1251,8
1252,6
1252,8
1252,13
1252,16
1253,8
1253,16
1254,2
1254,8
1254,18
1255,1
1255,5
1255,11
1256,5
1256,17
1257,5
1257,14
1258,11
1258,16
1259,6
1259,8
1260,6
1260,8
1260,16
1261,5
1261,9
1261,11
1262,2
1262,8
1262,17
1263,8
1263,17
1264,1
1264,8
1264,16
1265,5
1265,9
1265,14
1266,18
1267,8
1267,16
1268,8
1269,5
1269,6
1270,2
1270,5
1271,5
1271,8
1272,8
1272,17
1273,5
1273,6
1273,8
1274,1
1274,3
1275,1
1275,2
1275,9
1276,6
1276,8
1277,5
1277,8
1277,14
1278,5
1279,5
1279,8
1280,8
1281,5
1281,17
1282,3
1282,9
1283,8
1283,16
1283,18
1284,6
1284,13
1284,16
1285,5
1285,6
1286,8
1286,9
1286,14
1287,2
1287,8
1288,5
1289,7
1290,5
1290,14
1291,1
1291,2
1292,5
1292,8
1293,8
1295,8
1295,14
1296,8
1296,14
1297,5
1297,14
1298,8
1299,8
1299,17
1300,5
1300,8
1301,2
1302,8
1302,9
1303,2
1303,8
1304,2
1304,6
1304,8
1304,18
1305,8
1306,2
1306,8
1307,5
1307,8
1307,14
1310,7
1312,8
1318,5
1318,14
1320,1
1320,11
1321,5
1321,11
1322,11
1323,11
1324,11
1325,11
1326,11
1327,11
1328,11
1329,11
1330,11
1330,13
1331,8
1331,11
1331,16
1332,11
1332,13
1332,16
1333,11
1333,16
1334,11
1335,11
1336,11
1336,16
1337,11
1337,16
1339,11
1339,14
1340,11
1341,11
1341,13
1341,16
1342,8
1342,11
1342,16
1343,6
1343,8
1343,16
1344,6
1344,8
1344,16
1345,11
1345,16
1346,9
1346,11
1347,11
1348,9
1348,11
1349,11
1350,11
1350,16
1351,6
1351,16
1352,6
1352,8
1352,16
1353,5
1353,8
1353,14
1354,8
1354,14
1355,8
1355,11
1355,13
1355,16
1356,1
1356,2
1356,16
1357,8
1358,8
1359,2
1359,5
1361,6
1361,7
1363,5
1363,8
1363,9
1363,14
1365,5
1365,8
1365,14
1366,8
1367,5
1370,1
1370,16
1371,2
1371,13
1372,1
1372,2
1372,16
1373,1
1373,2
1373,16
1374,1
1374,2
1374,16
1375,1
1375,2
1375,16
1376,2
1377,1
1377,9
1378,1
1378,2
1378,18
1379,2
1379,18
1380,5
1380,14
1381,5
1381,14
1382,1
1382,6
1382,8
1382,16
1385,1
1385,16
1387,2
1387,11
1387,16
1388,11
1388,16
1389,11
1389,16
1390,5
1391,5
1391,9
1392,5
1392,8
1393,5
1393,8
1393,14
1394,5
1394,6
1395,5
1395,8
1396,5
1396,6
1396,8
1397,8
1398,8
1398,14
1399,8
1401,8
1405,2
1405,3
1405,5
1405,6
1406,8
1406,16
1407,6
1407,11
1407,13
1408,1
1408,14
1408,17
1409,5
1409,8
1409,9
1411,8
1412,8
1413,8
1413,14
1414,5
1414,8
1415,6
1415,8
1415,14
1416,8
1417,8
1417,14
1419,2
1419,8
1422,1
1422,6
1422,8
1422,13
1422,16
1423,7
1423,8
1423,14
1423,16
1425,5
1425,14
1426,2
1426,5
1426,14
1427,1
1427,6
1427,16
1428,8
1428,14
1429,1
1429,2
1429,5
1429,6
1429,8
1429,16
1430,1
1430,5
1430,8
1430,16
1431,1
1431,5
1432,1
1432,5
1432,6
1432,8
1437,8
1438,1
1438,2
1438,8
1438,16
1439,5
1440,1
1440,5
1441,5
1441,8
1442,8
1442,14
1445,5
1446,5
1446,8
1447,5
1447,6
1447,8
1449,5
1453,5
1453,14
1454,5
1454,8
1456,1
1456,5
1457,5
1457,8
1457,14
1458,5
1458,8
1458,14
1459,1
1459,6
1459,8
1460,5
1461,5
1464,8
1464,13
1464,16
1465,1
1465,8
1465,16
1466,6
1466,8
1466,16
1468,5
1473,5
1473,14
1474,5
1475,8
1475,14
1476,5
1476,8
1477,5
1477,8
1477,14
1479,1
1479,2
1479,14
1479,16
1480,8
1480,16
1483,8
1483,16
1484,5
1484,8
1485,5
1487,8
1488,6
1488,8
1488,16
1489,3
1489,5
1490,5
1493,5
1493,14
1495,1
1495,2
1495,9
1496,8
1496,14
1497,1
1498,8
1498,14
1499,2
1499,11
1499,16
1500,1
1500,5
1500,14
1500,16
1502,8
1502,14
1503,2
1503,5
1503,6
1503,13
1507,8
1507,17
1513,5
1514,8
1514,14
1515,1
1515,8
1515,16
1516,5
1516,8
1517,5
1517,6
1518,1
1518,6
1518,8
1518,13
1518,16
1519,8
1519,14
1526,5
1527,1
1527,2
1529,5
1529,8
1533,8
1533,14
1537,5
1537,8
1537,14
1541,5
1541,14
1542,5
1542,8
1542,14
1544,1
1544,2
1545,8
1546,5
1546,9
1546,13
1547,8
1549,5
1549,8
1549,9
1549,14
1550,5
1550,14
1551,2
1551,5
1551,8
1552,1
1552,6
1552,16
1554,8
1554,14
1556,1
1556,16
1562,1
1562,2
1564,5
1564,8
1564,14
1565,5
1565,16
1566,2
1566,3
1566,5
1566,9
1566,14
1569,5
1569,14
1571,5
1572,8
1572,14
1573,1
1573,6
1574,8
1574,14
1580,1
1580,2
1580,5
1581,5
1581,14
1582,2
1582,5
1583,2
1583,5
1583,9
1584,8
1584,13
1585,5
1585,14
1586,1
1586,8
1586,17
1587,1
1587,2
1587,9
1588,2
1588,5
1588,14
1589,6
1589,8
1589,16
1590,11
1590,13
1591,1
1591,2
1591,9
1591,11
1591,16
1592,5
1593,5
1593,8
1593,14
1594,5
1594,8
1596,8
1597,1
1597,8
1597,13
1597,16
1598,1
1598,6
1598,8
1598,16
1599,1
1599,6
1599,9
1600,8
1600,14
1600,16
1601,6
1601,8
1602,5
1603,11
1604,1
1604,5
1604,6
1604,16
1605,1
1605,5
1605,6
1606,1
1606,2
1606,9
1608,1
1608,16
1609,8
1609,16
1610,1
1610,16
1611,8
1612,5
1613,5
1613,8
1614,5
1615,1
1615,2
1615,8
1616,1
1616,16
1617,6
1617,13
1617,16
1619,2
1619,8
1620,6
1620,8
1620,13
1620,16
1621,5
1621,8
1623,9
1623,11
1624,8
1625,8
1625,13
1625,16
1626,1
1626,16
1627,6
1627,8
1627,14
1627,16
1629,5
1629,14
1631,1
1631,6
1631,16
1633,8
1635,8
1639,5
1639,8
1639,14
1641,5
1642,5
1642,8
1643,8
1643,14
1644,11
1644,13
1644,16
1645,8
1645,11
1645,13
1646,5
1647,1
1647,6
1647,8
1647,16
1648,5
1648,8
1649,7
1650,8
1650,14
1652,7
1653,13
1653,14
1653,16
1654,8
1654,9
1654,13
1655,11
1655,16
1656,8
1656,14
1658,5
1658,9
1658,14
1659,6
1659,8
1659,14
1660,8
1661,13
1661,16
1662,1
1662,6
1662,8
1662,14
1662,16
1663,1
1663,5
1665,2
1665,5
1667,8
1667,16
1670,8
1670,17
1671,6
1671,8
1671,13
1671,16
1672,6
1672,8
1672,16
1673,8
1674,6
1674,8
1674,16
1675,6
1675,8
1675,14
1675,16
1676,1
1676,2
1676,16
1677,5
1677,8
1678,8
1679,5
1680,5
1680,8
1680,9
1680,14
1681,1
1681,9
1682,5
1682,8
1683,8
1683,14
1684,8
1684,14
1685,8
1685,14
1686,6
1686,8
1686,16
1687,1
1687,6
1687,16
1688,2
1688,3
1688,9
1689,1
1689,5
1689,6
1690,1
1690,11
1693,8
1693,13
1694,8
1695,8
1696,8
1696,14
1699,5
1699,8
1701,5
1701,8
1702,5
1703,5
1703,14
1704,8
1707,5
1711,6
1711,8
1711,13
1713,5
1717,11
1717,13
1718,16
1719,8
1721,8
1721,14
1722,1
1722,2
1722,16
1726,1
1726,2
1727,2
1727,8
1727,14
1729,6
1729,8
1729,16
1730,8
1731,5
1732,5
1732,6
1733,8
1733,14
1734,5
1734,8
1735,5
1735,8
1735,14
1739,1
1739,5
1746,5
1746,14
1747,5
1747,8
1748,13
1752,1
1752,6
1752,16
1753,5
1753,6
1754,6
1754,8
1754,16
1755,5
1755,6
1755,14
1757,1
1757,6
1757,14
1759,8
1759,16
1760,2
1760,5
1760,8
1760,9
1762,1
1762,2
1762,11
1767,5
1767,8
1767,14
1769,1
1769,6
1769,16
1770,6
1770,8
1770,14
1771,11
1771,13
1772,1
1772,5
1772,6
1777,5
1777,14
1779,13
1779,16
1783,6
1783,13
1783,16
1784,5
1784,8
1784,14
1785,6
1785,16
1791,6
1791,16
1792,1
1792,6
1792,16
1793,2
1793,5
1793,9
1794,8
1794,14
1797,7
1798,8
1798,16
1799,1
1799,5
1799,6
1799,8
1799,16
1801,1
1801,2
1801,8
1804,1
1804,6
1804,8
1805,8
1805,13
1805,16
1806,2
1806,5
1806,8
1807,8
1807,14
1809,6
1809,8
1810,5
1810,8
1812,5
1812,8
1816,8
1816,14
1821,8
1821,14
1824,1
1824,5
1824,6
1824,8
1824,16
1825,5
1825,8
1826,2
1826,9
1827,7
1829,8
1829,14
1831,2
1833,1
1833,6
1833,8
1833,16
1834,8
1834,13
1834,16
1835,8
1835,9
1835,14
1836,5
1836,8
1836,14
1837,2
1837,5
1839,5
1839,8
1840,8
1841,16
1844,8
1844,14
1844,16
1845,5
1845,6
1845,13
1848,1
1848,2
1848,5
1848,9
1855,5
1856,7
1857,5
1857,8
1857,14
1858,1
1858,5
1858,6
1859,8
1860,8
1862,1
1862,11
1863,5
1866,1
1866,2
1866,5
1866,6
1866,16
1867,1
1867,2
1870,5
1870,8
1873,6
1873,8
1873,14
1875,8
1876,1
1876,8
1881,3
1881,8
1881,9
1881,14
1882,1
1882,16
1883,5
1883,6
1883,8
1883,14
1883,16
1884,2
1884,5
1884,8
1885,5
1885,8
1887,2
1887,5
1887,18
1888,5
1888,8
1888,14
1889,6
1889,13
1889,16
1891,11
1891,16
1892,6
1892,8
1892,16
1893,8
1894,1
1894,2
1894,5
1894,14
1895,5
1895,14
1897,8
1897,14
1900,8
1902,5
1902,8
1902,14
1904,5
1904,8
1906,5
1906,14
1907,2
1907,3
1909,13
1909,16
1910,1
1910,5
1910,6
1911,5
1911,9
1912,5
1912,6
1912,14
1913,8
1913,13
1914,5
1914,8
1916,5
1916,8
1916,14
1917,1
1917,2
1917,16
1918,1
1918,6
1918,16
1919,5
1919,8
1920,1
1920,2
1920,5
1920,9
1921,8
1921,13
1921,16
1922,8
1923,5
1923,14
1924,11
1926,8
1926,14
1927,8
1927,17
1928,8
1928,18
1929,8
1929,14
1931,2
1931,8
1932,8
1932,14
1933,8
1934,5
1934,14
1936,8
1936,14
1936,17
1937,5
1937,8
1938,8
1939,8
1939,14
1940,8
1941,8
1942,8
1944,8
1944,14
1944,17
1945,6
1945,8
1945,14
1946,8
1946,14
1947,6
1947,8
1947,14
1948,5
1948,14
1949,8
1950,6
1950,8
1950,13
1950,16
1951,8
1952,8
1953,1
1953,6
1953,16
1954,8
1955,8
1956,8
1957,8
1958,5
1958,8
1959,8
1959,14
1960,8
1961,8
1962,8
1963,5
1963,6
1964,6
1964,8
1964,13
1964,16
1965,5
1966,5
1966,8
1966,14
1967,2
1967,9
1968,5
1968,8
1969,11
1970,9
1970,11
1970,16
1971,11
1971,16
1972,11
1972,16
1973,11
1973,16
1974,11
1975,11
1975,16
1976,11
1976,16
1977,11
1978,11
1978,16
1979,11
1979,16
1980,11
1980,16
1981,11
1981,16
1982,11
1982,16
1983,11
1984,11
1984,13
1985,11
1985,16
1986,11
1987,11
1987,13
1990,11
1990,16
1991,11
1992,11
1993,11
1993,16
1994,11
1995,11
1995,16
1996,11
1996,16
1997,8
1997,11
1998,11
1999,11
1999,13
2000,1
2000,6
2000,16
2001,1
2001,6
2001,16
2002,1
2002,6
2002,16
2003,5
2003,9
2003,11
2004,5
2004,9
2004,11
2005,2
2005,5
2006,1
2006,2
2007,5
2007,8
2008,6
2008,8
2008,16
2009,6
2009,13
2009,16
2010,8
2011,2
2011,5
2012,2
2012,5
2013,2
2013,8
2013,16
2014,5
2014,9
2015,5
2016,5
2016,18
2017,5
2017,9
2018,3
2018,8
2019,1
2019,8
2020,8
2020,14
2021,1
2021,2
2022,8
2023,6
2023,8
2023,16
2024,8
2024,9
2024,13
2024,16
2025,8
2025,14
2026,11
2026,13
2027,5
2027,6
2028,8
2028,17
2032,5
2033,2
2033,3
2033,9
2034,1
2034,2
2035,5
2035,9
2036,5
2038,5
2040,5
2040,8
2041,1
2041,2
2041,5
2042,1
2042,5
2042,8
2043,2
2043,9
2043,14
2044,5
2044,9
2046,2
2048,2
2048,3
2048,6
2048,13
2050,2
2050,5
2050,9
2051,1
2051,2
2051,5
2051,14
2052,5
2052,9
2053,2
2053,5
2054,2
2054,5
2055,1
2055,5
2055,18
2056,2
2057,2
2058,1
2058,6
2058,8
2058,16
2059,5
2059,14
2060,5
2064,5
2064,7
2065,5
2065,9
2065,14
2066,6
2066,16
2067,8
2067,14
2067,17
2068,8
2068,9
2068,13
2069,8
2070,8
2070,14
2071,8
2072,5
2072,11
2072,16
2073,5
2073,8
2074,8
2074,14
2074,17
2075,8
2076,6
2076,13
2076,16
2077,2
2077,8
2078,2
2078,3
2080,2
2080,3
2080,5
2080,14
2081,3
2081,9
2082,1
2082,5
2082,8
2083,5
2083,8
2083,9
2084,8
2085,2
2085,3
2085,5
2087,2
2087,3
2087,9
2088,1
2088,2
2088,5
2089,2
2089,3
2090,2
2090,3
2090,9
2091,2
2091,9
2092,2
2092,3
2092,14
2093,2
2093,9
2094,1
2094,2
2095,5
2095,9
2096,3
2096,9
2096,14
2097,9
2097,13
2097,16
2098,5
2099,3
2100,5
2100,9
2100,14
2102,3
2102,5
2103,2
2103,18
2104,8
2105,1
2105,2
2106,8
2107,11
2107,16
2108,5
2108,9
2108,14
2109,5
2110,5
2110,6
2110,13
2111,5
2112,5
2112,6
2112,8
2114,6
2114,8
2115,1
2115,2
2116,2
2116,3
2116,9
2117,8
2118,11
2118,16
2119,1
2119,5
2119,11
2120,8
2120,11
2121,11
2121,16
2122,11
2122,16
2123,3
2123,5
2123,8
2123,9
2124,5
2124,9
2125,5
2125,8
2125,14
2126,6
2126,13
2126,16
2130,6
2130,8
2130,14
2131,8
2132,8
2133,5
2134,5
2134,9
2134,14
2135,2
2135,5
2135,9
2136,5
2136,14
2137,3
2137,8
2138,2
2138,3
2138,8
2139,2
2139,3
2139,8
2139,9
2139,13
2140,2
2140,9
2141,2
2141,3
2141,5
2141,8
2142,2
2142,3
2142,5
2142,18
2143,2
2143,9
2144,5
2144,14
2145,8
2145,14
2146,5
2146,8
2146,14
2147,2
2147,8
2148,5
2148,9
2148,11
2149,5
2149,9
2149,11
2150,1
2150,5
2151,1
2151,5
2152,5
2153,1
2153,2
2153,5
2153,16
2154,5
2154,8
2154,14
2155,5
2155,8
2156,5
2159,6
2159,8
2159,11
2159,16
2160,8
2160,11
2160,16
2161,2
2161,8
2161,9
2162,2
2162,8
2162,9
2163,5
2163,11
2164,1
2164,5
2164,11
2165,5
2165,8
2166,8
2166,14
2166,16
2167,1
2167,11
2169,5
2170,1
2170,2
2170,5
2171,5
2171,8
2171,14
2172,5
2172,8
2174,5
2174,9
2175,8
2175,14
2176,6
2176,8
2176,16
2177,5
2177,6
2177,13
2177,16
2178,6
2178,11
2178,16
2179,8
2179,16
2180,16
2181,13
2181,14
2181,16
2182,6
2182,8
2183,8
2183,13
2183,16
2184,5
2184,13
2185,6
2185,8
2185,16
2186,6
2186,8
2186,16
2187,16
2188,8
2190,8
2190,14
2193,1
2193,2
2193,9
2194,6
2194,16
2195,5
2196,1
2196,6
2196,16
2201,8
2201,13
2201,14
2202,8
2202,17
2203,6
2203,13
2203,16
2204,16
2205,5
2205,14
2206,13
2206,14
2206,16
2207,2
2207,6
2207,16
2208,13
2208,16
2210,6
2210,8
2210,16
2211,13
2211,14
2211,16
2212,13
2212,16
2226,8
2226,14
2227,6
2227,13
2227,16
2231,6
2231,8
2232,13
2232,16
2236,5
2236,8
2239,5
2239,8
2239,14
2240,5
2240,8
2241,5
2241,8
2243,5
2243,14
2244,5
2244,14
2245,5
2245,8
2245,14
2247,5
2247,6
2247,14
2248,5
2248,8
2248,14
2249,1
2249,5
2249,6
2252,5
2252,8
2253,5
2253,9
2255,5
2256,11
2257,5
2257,8
2257,14
2259,5
2259,14
2260,1
2260,6
2260,8
2261,5
2261,14
2262,5
2262,8
2262,14
2263,8
2263,11
2263,16
2264,5
2264,6
2265,2
2265,5
2266,5
2266,9
2266,14
2267,13
2267,16
2268,8
2269,8
2269,14
2271,8
2272,8
2272,14
2273,1
2273,5
2273,6
2275,1
2275,2
2275,5
2278,1
2278,6
2278,16
2279,11
2279,13
2280,5
2280,6
2280,8
2280,14
2281,6
2281,8
2281,16
2282,5
2282,8
2283,2
2283,8
2286,5
2286,6
2286,11
2287,11
2288,11
2288,13
2289,5
2289,6
2289,8
2289,13
2289,16
2290,5
2290,8
2290,14
2291,8
2291,9
2291,14
2292,5
2292,14
2294,3
2294,5
2295,5
2296,5
2296,14
2297,8
2297,9
2297,14
2298,11
2300,5
2301,5
2302,5
2302,8
2303,5
2303,8
2304,8
2306,5
2306,8
2307,1
2310,5
2310,8
2311,16
2312,8
2312,14
2313,8
2314,8
2314,11
2314,13
2314,16
2315,5
2315,11
2316,5
2316,9
2316,14
2318,5
2318,8
2320,8
2320,16
2321,5
2321,8
2321,9
2322,1
2322,8
2323,7
2324,5
2324,8
2325,5
2327,5
2327,9
2327,11
2327,16
2328,1
2328,9
2328,11
2329,8
2330,7
2331,5
2331,8
2331,14
2332,6
2332,8
2333,8
2334,1
2334,6
2334,8
2334,16
2335,5
2336,8
2337,8
2338,11
2338,13
2338,16
2339,5
2340,8
2340,9
2340,14
2342,5
2342,8
2344,1
2344,2
2344,8
2344,16
2346,11
2346,13
2346,16
2347,1
2347,5
2347,6
2348,8
2348,14
2349,6
2349,8
2349,14
2349,16
2350,5
2350,6
2350,8
2350,9
2351,5
2351,8
2352,5
2352,8
2353,1
2353,8
2353,16
2354,2
2354,3
2354,5
2354,8
2355,2
2355,3
2355,5
2356,5
2356,8
2357,8
2358,8
2358,17
2359,5
2360,8
2361,5
2361,6
2362,5
2362,8
2363,11
2363,16
2364,1
2364,16
2365,1
2365,9
2366,2
2366,9
2366,11
2367,2
2367,9
2367,11
2368,1
2368,2
2368,9
2369,5
2369,6
2369,8
2370,1
2370,2
2370,8
2371,5
2371,6
2371,13
2372,5
2372,6
2372,13
2373,1
2373,2
2373,9
2374,5
2374,8
2375,5
2375,14
2376,1
2376,2
2376,16
2377,1
2377,11
2377,13
2378,5
2378,6
2379,5
2379,6
2380,5
2380,6
2381,5
2381,6
2382,5
2382,6
2383,5
2383,6
2384,2
2384,5
2384,8
2385,5
2385,8
2385,14
2387,5
2387,6
2387,16
2388,8
2389,11
2389,13
2389,16
2390,5
2390,8
2391,6
2391,8
2391,16
2392,5
2392,8
2392,9
2393,1
2393,2
2393,16
2394,2
2394,3
2394,8
2395,5
2395,8
2396,5
2396,14
2398,5
2398,8
2399,2
2399,9
2400,8
2400,9
2401,8
2401,18
2402,1
2402,2
2402,16
2402,17
2403,1
2403,2
2403,16
2403,17
2404,1
2404,2
2404,16
2404,17
2405,1
2405,2
2405,5
2405,14
2406,1
2406,2
2406,5
2406,14
2407,5
2407,8
2407,13
2408,5
2409,8
2410,1
2410,8
2411,8
2412,8
2413,5
2413,6
2413,13
2413,16
2414,2
2414,13
2414,16
2415,8
2415,14
2416,5
2417,5
2417,8
2417,14
2418,5
2418,8
2418,14
2419,8
2419,16
2420,1
2420,8
2421,1
2421,2
2421,8
2421,14
2422,1
2422,2
2422,8
2423,5
2424,5
2424,14
2425,6
2425,8
2427,8
2427,17
2428,11
2429,1
2429,2
2429,9
2430,1
2430,2
2430,8
2430,9
2431,5
2431,8
2432,5
2432,8
2432,14
2433,8
2435,5
2435,8
2436,5
2436,8
2436,17
2439,6
2439,8
2439,13
2439,16
2442,8
2443,5
2443,8
2443,14
2445,8
2445,14
2446,11
2446,13
2446,16
2447,5
2447,8
2447,14
2448,1
2448,11
2450,1
2450,2
2450,5
2450,9
2450,14
2451,9
2451,11
2453,8
2453,9
2454,8
2454,11
2455,11
2456,11
2457,1
2457,5
2457,6
2457,16
2458,1
2458,5
2458,6
2459,11
2460,5
2460,11
2460,16
2462,5
2462,11
2462,16
2463,5
2465,11
2467,8
2467,13
2467,16
2468,5
2468,14
2468,16
2469,5
2469,8
2469,9
2470,2
2470,5
2471,2
2471,5
2472,5
2472,6
2473,5
2474,8
2475,1
2475,6
2475,8
2475,16
2476,8
2476,17
2477,1
2477,2
2477,5
2478,1
2478,5
2478,18
2481,8
2482,5
2483,1
2483,5
2483,11
2485,5
2485,14
2488,8
2488,11
2488,16
2490,1
2490,6
2490,8
2490,16
2491,5
2491,14
2492,5
2492,14
2493,8
2494,7
2495,3
2496,5
2496,8
2496,14
2497,8
2497,14
2498,5
2500,5
2500,6
2500,16
2501,8
2502,5
2503,8
2504,5
2504,8
2504,14
2505,6
2505,13
2505,16
2506,5
2506,8
2506,14
2511,6
2511,8
2511,13
2512,8
2513,11
2514,11
2515,11
2516,11
2516,16
2517,11
2518,5
2520,1
2520,8
2520,16
2521,1
2521,8
2521,16
2522,1
2522,8
2522,16
2523,1
2523,16
2524,1
2524,8
2524,16
2525,11
2525,16
2526,1
2526,16
2527,2
2527,18
2528,1
2529,1
2529,2
2529,8
2530,2
2530,13
2531,1
2532,1
2533,1
2534,1
2534,2
2534,8
2535,1
2535,8
2535,16
2537,1
2537,2
2537,8
2538,7
2539,5
2539,6
2540,1
2540,6
2540,8
2540,16
2541,8
2541,14
2542,5
2542,6
2544,8
2544,13
2544,14
2546,8
2546,13
2548,11
2548,16
2549,1
2549,2
2550,11
2551,11
2551,16
2552,5
2552,11
2552,14
2553,11
2554,8
2554,11
2554,13
2555,5
2557,8
2557,16
2558,5
2558,14
2559,3
2559,14
2560,2
2560,5
2560,11
2560,18
2561,6
2561,13
2561,16
2563,8
2563,14
2565,8
2565,14
2566,3
2566,5
2567,5
2568,1
2568,8
2568,13
2568,16
2570,8
2570,14
2571,1
2572,5
2572,8
2572,14
2573,8
2573,14
2574,2
2574,5
2574,14
2575,8
2577,5
2577,8
2579,8
2579,16
2580,5
2580,6
2580,16
2581,5
2581,8
2581,14
2582,1
2582,5
2582,6
2583,5
2583,8
2585,8
2585,13
2585,14
2586,5
2586,6
2586,13
2586,16
2587,5
2587,6
2589,5
2589,8
2589,14
2590,8
2590,14
2593,5
2594,8
2594,16
2596,5
2596,8
2597,5
2597,14
2598,5
2598,8
2599,5
2599,8
2600,1
2600,16
2605,8
2605,13
2605,14
2606,5
2606,9
2606,11
2606,14
2607,8
2607,14
2609,8
2611,8
2612,6
2612,8
2613,5
2613,11
2614,11
2615,5
2615,9
2616,2
2616,5
2616,6
2617,1
2617,2
2617,9
2618,5
2618,8
2620,8
2620,14
2622,5
2622,9
2622,14
2623,5
2623,14
2624,8
2624,9
2625,1
2628,1
2628,2
2629,5
2629,14
2630,8
2630,14
2632,9
2632,13
2633,9
2633,11
2634,11
2639,8
2640,1
2640,2
2641,1
2641,2
2642,1
2642,2
2642,5
2643,1
2643,2
2644,11
2648,8
2648,11
2651,11
2652,11
2654,8
2654,11
2655,5
2655,11
2655,16
2656,11
2657,5
2657,11
2659,5
2659,7
2660,8
2660,11
2661,11
2662,1
2664,11
2664,16
2665,1
2668,11
2669,8
2669,17
2670,8
2670,17
2671,5
2671,14
2672,13
2672,16
2674,8
2676,8
2676,16
2677,7
2681,5
2681,14
2682,2
2682,8
2682,16
2683,2
2683,5
2683,6
2686,8
2686,13
2686,14
2686,16
2687,2
2687,3
2688,6
2688,13
2688,16
2690,5
2690,8
2690,14
2691,8
2692,1
2692,8
2692,16
2693,7
2694,5
2694,8
2695,8
2696,5
2697,5
2697,8
2699,5
2699,11
2700,3
2700,5
2701,1
2701,2
2701,5
2701,18
2702,6
2702,8
2702,16
2706,5
2706,14
2707,6
2707,8
2707,13
2707,16
2708,8
2708,14
2709,2
2709,5
2710,11
2710,13
2712,8
2712,13
2712,16
2713,1
2713,5
2713,11
2713,16
2716,5
2716,9
2717,5
2717,9
2718,5
2719,9
2719,11
2719,13
2719,16
2720,1
2720,2
2720,5
2722,1
2722,11
2723,1
2723,2
2723,5
2723,9
2724,5
2724,14
2725,8
2725,14
2726,6
2726,8
2726,16
2727,6
2727,8
2727,16
2728,2
2728,8
2728,17
2729,5
2729,8
2730,8
2730,14
2730,17
2731,8
2732,8
2732,14
2733,1
2733,5
2733,14
2734,2
2734,8
2735,1
2735,2
2735,5
2736,5
2737,1
2737,16
2738,5
2738,8
2739,8
2740,11
2741,1
2741,6
2741,16
2742,5
2742,6
2742,8
2743,8
2744,8
2745,1
2745,2
2745,8
2746,5
2746,11
2747,5
2747,9
2747,11
2748,1
2748,2
2748,5
2748,13
2749,6
2749,13
2749,14
2749,16
2750,5
2750,8
2751,5
2751,8
2752,5
2754,5
2754,11
2757,8
2759,2
2759,5
2761,3
2761,8
2762,8
2762,13
2762,16
2763,6
2763,8
2763,14
2764,6
2764,14
2765,5
2765,8
2766,5
2766,8
2769,6
2769,8
2769,16
2770,5
2771,8
2771,13
2771,16
2772,2
2772,5
2774,5
2774,8
2774,14
2775,8
2779,5
2779,9
2779,14
2782,8
2782,11
2782,13
2784,8
2784,11
2786,5
2786,11
2786,13
2787,11
2787,16
2788,5
2789,11
2789,16
2790,11
2790,13
2790,16
2791,5
2792,5
2793,5
2793,9
2793,11
2794,2
2794,5
2795,2
2795,5
2796,5
2797,5
2797,8
2797,9
2798,5
2799,5
2800,2
2800,3
2800,9
2801,8
2801,14
2802,6
2802,14
2802,16
2803,6
2803,8
2803,16
2804,5
2805,5
2805,6
2805,14
2806,5
2806,16
2807,1
2808,1
2808,16
2810,3
2810,16
2812,1
2812,6
2812,8
2812,16
2813,7
2815,1
2816,1
2816,2
2816,8
2816,17
2817,1
2817,16
2818,1
2818,2
2819,13
2819,16
2822,2
2822,8
2822,14
2824,7
2826,1
2826,2
2827,8
2827,16
2828,5
2828,14
2829,5
2829,9
2829,14
2835,1
2835,5
2835,16
2836,5
2836,8
2836,14
2837,5
2837,8
2837,14
2839,5
2839,8
2839,14
2840,11
2840,16
2841,11
2841,13
2841,16
2843,5
2843,6
2843,14
2844,8
2844,16
2846,2
2846,8
2847,2
2847,8
2847,14
2848,8
2852,6
2852,8
2852,13
2856,6
2856,11
2856,16
2857,2
2857,3
2857,5
2857,9
2858,8
2859,7
2860,1
2860,5
2860,6
2861,8
2861,14
2862,8
2863,5
2865,5
2866,8
2867,5
2867,11
2868,5
2868,11
2870,5
2870,14
2871,2
2871,8
2871,16
2872,2
2872,9
2874,5
2874,14
2875,8
2875,13
2875,14
2875,16
2876,3
2876,9
2876,14
2877,8
2878,11
2878,16
2879,1
2879,2
2879,6
2879,16
2880,1
2880,2
2880,5
2881,6
2881,13
2881,16
2882,5
2882,8
2883,5
2883,8
2883,14
2884,5
2884,14
2885,8
2885,14
2886,2
2886,5
2887,1
2887,5
2887,16
2888,5
2888,8
2888,14
2889,5
2889,8
2890,1
2890,5
2890,17
2891,5
2891,6
2892,8
2892,13
2893,1
2893,5
2893,8
2894,5
2894,8
2894,14
2896,17
2896,18
2897,5
2897,8
2898,11
2898,13
2899,1
2899,2
2899,3
2900,8
2900,11
2900,16
2901,11
2902,6
2902,11
2902,13
2902,16
2903,11
2903,13
2903,16
2905,1
2905,5
2905,8
2906,8
2906,14
2906,16
2907,5
2908,6
2908,8
2912,6
2912,8
2912,13
2912,16
2915,5
2915,8
2915,14
2916,1
2916,2
2917,6
2917,16
2918,5
2919,8
2919,14
2921,8
2921,13
2921,18
2922,8
2922,18
2924,1
2924,5
2925,8
2926,5
2926,14
2927,8
2927,14
2928,8
2928,14
2929,8
2929,14
2930,7
2931,5
2931,6
2931,8
2931,9
2932,8
2932,14
2935,5
2935,14
2936,2
2936,5
2936,14
2937,5
2937,14
2939,6
2939,16
2940,8
2940,14
2940,16
2941,14
2941,17
2942,8
2942,14
2943,8
2943,14
2944,1
2944,2
2944,17
2946,2
2946,5
2947,1
2947,2
2947,16
2948,1
2948,2
2948,16
2949,1
2949,2
2949,16
2950,2
2950,8
2950,14
2951,18
2952,6
2952,8
2953,2
2953,5
2956,8
2956,14
2956,16
2959,8
2959,16
2961,5
2961,8
2961,14
2962,5
2962,14
2964,8
2965,8
2965,9
2965,16
2966,8
2967,8
2967,11
2967,16
2968,2
2968,5
2968,9
2969,8
2969,14
2970,2
2970,8
2971,8
2972,8
2972,14
2973,5
2973,6
2973,8
2974,11
2974,16
2975,5
2975,8
2976,8
2977,5
2977,8
2978,5
2978,14
2979,8
2979,14
2982,8
2982,9
2982,11
2982,13
2982,16
2983,16
2984,7
2985,1
2985,16
2986,1
2986,6
2986,16
2987,3
2987,5
2987,6
2987,9
2988,5
2988,8
2989,1
2989,2
2989,16
2990,1
2990,2
2990,16
2991,1
2991,2
2991,16
2992,11
2993,1
2993,2
2993,16
2995,11
2996,8
2997,5
2997,8
2997,9
3000,2
3000,3
3000,9
3002,7
3003,5
3003,8
3003,17
3004,5
3004,14
3005,6
3005,8
3005,13
3005,16
3006,8
3006,16
3007,5
3007,7
3008,5
3008,8
3008,14
3010,8
3011,8
3013,5
3013,11
3014,5
3014,8
3015,11
3015,13
3015,16
3016,5
3016,11
3017,5
3017,11
3018,5
3018,11
3019,6
3019,8
3020,6
3020,8
3020,16
3021,11
3022,1
3022,2
3022,5
3022,8
3022,14
3022,17
3024,11
3028,5
3028,14
3029,1
3029,6
3029,16
3030,8
3030,16
3031,5
3031,11
3032,1
3032,8
3032,16
3033,5
3034,2
3034,3
3035,5
3035,8
3035,17
3036,2
3036,8
3037,2
3037,5
3037,8
3037,18
3038,8
3039,5
3040,5
3041,5
3042,5
3043,5
3044,13
3044,14
3044,16
3045,5
3045,8
3046,5
3046,8
3046,14
3048,5
3051,5
3051,8
3051,14
3052,2
3052,5
3052,9
3053,1
3053,2
3053,8
3053,17
3054,1
3054,2
3054,3
3054,9
3055,8
3055,16
3056,6
3056,8
3056,13
3056,16
3057,5
3057,13
3057,16
3060,5
3060,8
3061,5
3061,8
3061,14
3062,1
3062,8
3062,17
3063,8
3063,16
3064,8
3064,14
3064,16
3066,8
3066,17
3067,5
3067,8
3068,8
3070,2
3070,5
3070,14
3071,8
3072,5
3072,8
3072,14
3073,8
3073,14
3074,1
3074,2
3074,8
3074,18
3075,8
3075,11
3075,16
3076,5
3076,14
3077,7
3078,8
3079,8
3079,14
3081,9
3081,11
3081,13
3081,16
3082,1
3082,2
3082,16
3083,5
3083,8
3086,5
3086,9
3087,5
3087,8
3087,9
3088,5
3088,9
3089,8
3090,8
3091,1
3091,8
3091,17
3093,8
3093,18
3094,8
3094,14
3095,8
3096,5
3097,5
3097,8
3097,14
3098,8
3099,5
3099,8
3100,8
3101,8
3101,14
3101,16
3102,16
3103,8
3103,14
3104,5
3104,6
3104,16
3105,8
3106,8
3106,14
3107,1
3107,6
3107,8
3107,16
3108,5
3108,8
3109,8
3111,8
3112,8
3113,1
3113,9
3113,11
3114,3
3114,5
3115,5
3115,6
3115,8
3117,8
3117,14
3117,17
3117,18
3120,5
3125,8
3125,14
3127,5
3127,8
3129,5
3129,8
3130,5
3130,8
3132,5
3132,8
3134,8
3134,17
3135,8
3138,8
3138,14
3141,6
3141,8
3141,13
3141,14
3142,7
3143,2
3143,8
3143,17
3145,8
3146,5
3146,14
3147,6
3147,8
3147,9
3148,8
3150,8
3152,8
3152,14
3153,1
3153,2
3153,9
3155,8
3155,14
3156,8
3157,2
3157,5
3157,9
3158,8
3159,3
3160,8
3161,8
3161,14
3162,5
3162,8
3163,5
3163,8
3165,1
3165,6
3165,8
3165,16
3167,5
3167,8
3167,14
3168,2
3168,8
3169,6
3169,8
3169,16
3171,8
3171,14
3173,8
3174,5
3174,8
3175,2
3175,5
3176,6
3176,8
3176,16
3177,5
3178,8
3179,8
3181,8
3182,7
3183,8
3185,8
3185,14
3186,8
3189,5
3189,8
3190,11
3190,16
3192,8
3194,8
3194,14
3196,5
3196,8
3196,17
3197,1
3197,6
3197,13
3197,16
3198,6
3198,8
3200,5
3200,8
3201,8
3203,11
3203,16
3204,8
3204,13
3206,6
3206,8
3206,14
3206,16
3208,1
3208,5
3208,6
3210,5
3210,8
3210,14
3211,8
3213,3
3213,6
3213,13
3213,14
3214,8
3217,8
3217,14
3219,8
3219,13
3219,16
3221,5
3221,13
3223,5
3223,8
3224,8
3224,16
3225,5
3225,8
3225,14
3230,16
3235,5
3238,13
3238,16
3240,5
3241,5
3243,5
3244,5
3244,8
3244,14
3246,8
3247,5
3248,5
3249,8
3249,16
3250,2
3250,8
3251,8
3251,13
3252,8
3253,5
3254,5
3255,5
3255,8
3256,1
3256,6
3256,8
3256,16
3257,1
3257,8
3257,14
3258,5
3258,9
3258,11
3259,2
3259,8
3259,14
3259,18
3260,8
3260,14
3261,5
3261,8
3261,14
3262,8
3262,11
3262,13
3263,5
3263,8
3264,1
3264,5
3264,11
3265,1
3265,6
3265,16
3266,5
3266,6
3267,1
3267,6
3267,16
3267,18
3268,1
3268,5
3269,2
3269,8
3269,9
3269,14
3270,5
3270,8
3270,14
3271,8
3272,6
3272,8
3273,11
3273,13
3274,11
3274,16
3275,1
3275,6
3275,16
3276,1
3276,5
3276,14
3276,16
3280,11
3280,16
3281,7
3283,5
3283,8
3283,14
3284,5
3284,13
3285,2
3285,8
3285,14
3285,16
3286,2
3286,5
3287,3
3287,5
3289,8
3294,11
3295,6
3295,8
3296,8
3298,6
3298,8
3298,16
3299,5
3299,8
3300,1
3300,16
3301,5
3301,6
3302,5
3302,8
3302,17
3303,7
3306,5
3306,8
3306,14
3307,5
3307,8
3307,14
3308,5
3308,8
3308,14
3310,5
3310,8
3313,5
3313,11
3315,5
3315,14
3316,1
3316,6
3316,16
3317,5
3317,8
3323,5
3323,6
3324,5
3324,6
3324,13
3325,5
3325,8
3325,14
3326,5
3326,8
3326,14
3327,7
3328,6
3328,8
3329,8
3329,14
3330,8
3330,14
3331,5
3331,8
3331,14
3334,6
3334,16
3338,7
3341,5
3341,14
3342,8
3342,17
3344,11
3345,2
3347,1
3347,2
3347,8
3350,8
3350,14
3353,5
3354,2
3354,13
3355,11
3355,13
3355,16
3357,8
3357,14
3358,5
3358,8
3358,9
3358,14
3359,5
3359,8
3360,8
3361,5
3361,14
3362,6
3362,8
3362,16
3363,5
3363,8
3364,6
3364,8
3365,18
3368,8
3368,14
3368,18
3370,6
3370,8
3370,16
3372,1
3372,17
3374,8
3374,14
3378,8
3378,17
3379,8
3379,14
3384,5
3384,6
3384,16
3385,5
3386,8
3386,16
3387,5
3387,6
3387,13
3388,5
3388,8
3388,9
3389,1
3390,2
3390,5
3390,6
3390,14
3391,5
3391,14
3392,5
3393,5
3393,9
3393,14
3394,5
3394,14
3395,1
3395,5
3395,6
3395,14
3396,2
3396,5
3397,5
3397,6
3397,13
3397,14
3398,5
3398,14
3400,3
3401,1
3401,2
3402,5
3402,8
3402,14
3403,1
3403,2
3403,8
3403,16
3404,8
3404,14
3405,1
3405,8
3406,2
3406,17
3408,8
3409,11
3410,5
3410,8
3412,2
3412,8
3414,8
3414,14
3415,8
3417,2
3417,5
3418,2
3418,6
3418,8
3420,8
3421,5
3422,5
3422,14
3423,5
3423,8
3424,8
3425,8
3426,8
3426,14
3428,8
3429,3
3429,5
3430,1
3430,6
3430,8
3431,1
3431,6
3431,8
3431,16
3432,1
3432,6
3432,8
3432,16
3433,1
3433,6
3433,8
3433,16
3434,1
3434,6
3434,8
3435,6
3435,16
3436,8
3436,14
3438,1
3438,2
3438,5
3439,1
3439,2
3439,5
3440,1
3440,2
3440,5
3440,9
3441,1
3441,8
3441,16
3441,17
3442,1
3444,1
3444,8
3444,16
3445,11
3445,13
3445,16
3446,5
3447,8
3447,14
3448,5
3448,8
3448,17
3449,8
3449,14
3450,5
3450,14
3451,8
3451,14
3452,1
3452,6
3452,16
3453,8
3453,14
3454,5
3454,8
3454,14
3455,8
3455,16
3456,8
3459,11
3461,2
3461,8
3461,16
3462,5
3462,8
3462,14
3466,5
3466,9
3466,14
3467,8
3467,18
3468,8
3468,14
3469,8
3470,2
3470,8
3471,8
3473,8
3474,1
3474,2
3474,6
3474,8
3474,16
3475,6
3475,8
3475,14
3476,8
3476,11
3476,13
3477,5
3477,8
3478,8
3479,2
3479,5
3479,9
3480,5
3480,8
3480,14
3481,5
3481,8
3481,14
3483,2
3483,3
3483,5
3483,9
3484,6
3484,8
3484,16
3489,2
3489,5
3489,9
3492,1
3492,2
3492,8
3492,14
3494,8
3494,18
3496,8
3497,5
3497,8
3498,6
3498,8
3499,8
3499,16
3500,5
3500,8
3501,5
3501,8
3501,14
3502,8
3502,14
3503,8
3503,13
3504,8
3505,8
3505,16
3506,5
3506,8
3507,5
3508,18
3510,6
3510,16
3511,1
3511,5
3512,5
3512,14
3513,8
3513,17
3514,8
3515,5
3515,14
3516,5
3516,9
3516,14
3519,2
3519,8
3519,17
3521,5
3524,5
3524,8
3524,14
3525,5
3526,5
3526,8
3527,1
3527,2
3527,16
3528,8
3528,14
3529,6
3529,8
3529,14
3529,16
3531,5
3531,8
3531,14
3534,5
3534,8
3535,6
3535,8
3535,16
3536,5
3536,14
3537,5
3537,6
3537,8
3538,5
3538,8
3539,7
3543,5
3543,8
3544,5
3544,6
3544,8
3545,8
3545,14
3546,8
3546,11
3546,16
3548,5
3548,8
3549,5
3549,6
3549,14
3550,8
3550,11
3551,6
3551,8
3551,16
3552,5
3553,13
3553,16
3554,5
3554,8
3554,14
3555,1
3555,2
3555,17
3556,8
3556,14
3557,6
3557,8
3557,13
3557,16
3559,5
3559,8
3559,14
3563,1
3563,9
3563,11
3563,16
3564,5
3564,14
3565,5
3565,8
3565,14
3566,5
3566,8
3567,5
3567,8
3567,14
3568,5
3568,14
3569,5
3569,8
3571,8
3571,14
3572,11
3573,11
3574,1
3574,11
3576,1
3576,11
3576,16
3577,8
3577,14
3578,1
3578,2
3578,8
3580,8
3580,14
3581,5
3581,8
3584,1
3584,8
3584,14
3586,8
3586,14
3587,11
3587,16
3590,5
3590,8
3590,14
3591,5
3591,8
3592,2
3592,3
3593,1
3593,2
3594,8
3596,1
3596,5
3597,5
3597,14
3598,8
3598,16
3599,5
3599,14
3604,5
3604,8
3606,5
3606,14
3608,2
3608,5
3609,7
3614,5
3614,14
3615,2
3615,3
3615,8
3616,5
3616,14
3617,2
3617,5
3618,5
3618,6
3619,5
3622,5
3622,8
3623,1
3623,2
3623,16
3624,1
3624,2
3624,5
3624,18
3625,7
3626,5
3626,8
3627,9
3627,11
3627,13
3628,1
3628,8
3628,17
3629,2
3629,5
3629,8
3632,5
3632,6
3632,8
3633,1
3633,2
3633,16
3634,8
3634,16
3635,1
3635,2
3635,16
3637,8
3638,1
3638,2
3638,16
3639,1
3639,2
3639,16
3640,5
3640,8
3641,8
3641,14
3643,1
3643,8
3643,17
3646,5
3646,6
3648,2
3648,11
3649,6
3649,8
3649,13
3652,11
3653,7
3654,1
3654,2
3654,8
3654,17
3655,5
3655,8
3658,11
3660,11
3661,11
3662,11
3663,11
3664,11
3667,1
3667,5
3667,6
3668,8
3668,14
3669,5
3669,9
3671,5
3671,18
3672,2
3672,14
3673,1
3673,2
3675,5
3675,14
3676,11
3677,7
3678,6
3678,8
3679,7
3680,7
3681,18
3682,1
3682,6
3682,8
3683,6
3683,8
3683,16
3684,5
3684,8
3684,14
3685,5
3685,6
3685,14
3686,8
3686,11
3687,2
3687,3
3687,9
3688,5
3689,5
3690,5
3691,5
3691,14
3692,5
3692,11
3692,16
3693,1
3693,5
3693,11
3694,1
3694,5
3694,11
3695,1
3695,5
3695,11
3696,5
3696,11
3697,1
3697,16
3698,1
3698,16
3699,8
3699,14
3700,5
3700,8
3701,1
3701,6
3701,16
3702,1
3702,2
3702,16
3703,1
3703,2
3703,16
3704,1
3704,2
3705,2
3705,5
3705,14
3706,11
3706,13
3707,8
3707,14
3708,11
3708,16
3709,9
3709,11
3709,16
3710,1
3710,5
3711,8
3712,5
3713,8
3714,8
3715,5
3715,6
3716,1
3716,5
3717,1
3717,6
3717,16
3719,5
3719,14
3720,8
3720,14
3720,17
3723,8
3724,8
3724,14
3724,17
3725,3
3725,8
3726,1
3726,6
3726,16
3727,11
3728,6
3728,8
3728,16
3729,1
3729,6
3729,16
3730,6
3730,8
3730,13
3731,6
3731,8
3731,13
3731,16
3732,11
3732,16
3733,8
3735,6
3735,8
3736,8
3737,8
3737,18
3738,5
3738,6
3738,8
3739,5
3739,6
3739,14
3740,1
3740,2
3740,5
3740,9
3741,6
3741,8
3741,14
3742,8
3742,17
3743,5
3743,8
3743,14
3744,1
3744,2
3744,6
3744,16
3745,1
3745,2
3745,3
3746,8
3747,5
3747,8
3747,14
3751,3
3751,5
3752,5
3753,1
3753,8
3753,17
3754,2
3754,3
3754,5
3754,9
3755,1
3755,2
3755,8
3756,8
3756,14
3758,8
3758,11
3758,16
3760,5
3761,6
3761,8
3761,16
3763,1
3763,16
3764,1
3764,16
3765,6
3765,14
3765,16
3766,1
3766,2
3766,8
3766,16
3766,17
3767,1
3767,8
3767,16
3767,17
3768,1
3768,2
3768,17
3769,1
3769,2
3769,5
3769,8
3770,8
3770,16
3771,1
3771,2
3771,8
3771,9
3773,5
3774,5
3774,8
3783,8
3783,16
3784,5
3784,9
3785,5
3786,5
3786,8
3786,14
3787,5
3787,8
3788,8
3788,13
3788,16
3789,8
3790,8
3790,14
3791,8
3791,14
3792,8
3792,14
3792,18
3793,1
3793,2
3794,5
3794,8
3795,5
3795,8
3795,14
3797,8
3797,13
3797,16
3798,8
3798,11
3798,13
3798,16
3799,2
3799,3
3799,9
3801,6
3801,8
3801,13
3802,1
3802,6
3802,8
3806,1
3806,2
3806,18
3807,1
3807,2
3807,9
3808,8
3808,17
3809,5
3810,1
3810,2
3810,6
3810,16
3811,8
3811,17
3812,5
3813,8
3814,5
3816,8
3819,5
3821,5
3821,9
3821,14
3822,5
3822,8
3822,14
3823,8
3824,8
3824,14
3825,5
3825,8
3825,14
3826,1
3826,16
3827,1
3827,2
3827,16
3830,5
3830,11
3831,5
3831,6
3832,11
3833,11
3834,5
3834,8
3834,14
3835,8
3835,16
3836,2
3836,5
3836,17
3837,1
3837,11
3837,16
3838,1
3838,11
3839,11
3840,9
3840,11
3841,1
3841,2
3841,5
3841,8
3843,11
3844,5
3844,8
3844,14
3845,8
3845,14
3846,5
3847,8
3847,11
3847,16
3847,17
3849,11
3849,13
3849,16
3851,5
3852,5
3852,14
3855,8
3855,14
3857,6
3857,8
3857,11
3857,16
3858,1
3858,5
3858,6
3859,7
3859,8
3861,5
3862,5
3862,14
3863,11
3863,16
3864,1
3864,2
3865,5
3865,7
3868,5
3868,6
3869,5
3869,6
3870,8
3870,14
3871,8
3871,18
3872,8
3872,13
3872,16
3873,5
3873,18
3877,1
3877,2
3877,9
3879,1
3879,6
3879,16
3882,5
3884,1
3884,5
3884,6
3888,5
3888,8
3888,14
3889,1
3889,2
3889,9
3893,5
3893,6
3893,8
3893,16
3894,8
3895,13
3895,16
3896,1
3896,6
3896,8
3896,16
3897,8
3898,1
3898,6
3898,16
3899,6
3899,8
3899,16
3900,6
3900,8
3900,16
3901,5
3901,8
3906,6
3906,8
3906,16
3908,11
3908,13
3909,5
3909,8
3909,9
3909,14
3910,6
3910,8
3911,5
3912,5
3912,8
3914,5
3914,8
3914,14
3915,8
3916,8
3917,11
3917,16
3918,11
3918,16
3919,11
3919,16
3920,8
3920,9
3920,14
3922,5
3922,14
3925,5
3925,8
3926,2
3926,8
3927,2
3928,5
3928,11
3929,5
3930,2
3930,11
3932,11
3933,11
3937,6
3937,8
3937,16
3938,5
3938,11
3939,5
3939,11
3940,5
3940,11
3941,5
3941,11
3942,5
3942,11
3942,16
3943,5
3943,8
3945,3
3945,9
3946,1
3946,6
3946,8
3946,16
3947,6
3947,16
3948,5
3948,14
3949,6
3949,8
3950,8
3950,17
3951,8
3951,14
3952,8
3952,16
3953,5
3953,8
3953,14
3955,5
3957,1
3958,8
3959,2
3959,9
3959,14
3959,16
3962,5
3962,11
3963,5
3964,3
3964,9
3964,11
3965,8
3965,16
3966,8
3966,16
3967,5
3967,8
3968,5
3968,9
3968,14
3969,8
3971,5
3971,11
3971,13
3972,1
3972,5
3973,11
3973,13
3974,2
3974,5
3974,9
3977,1
3977,2
3977,5
3978,8
3978,9
3978,14
3979,5
3979,9
3980,8
3981,1
3981,16
3983,8
3984,1
3984,16
3985,1
3985,2
3985,8
3985,16
3985,17
3986,1
3986,8
3986,13
3986,16
3987,8
3987,14
3988,5
3988,9
3989,7
3990,2
3990,3
3990,5
3990,14
3991,5
3992,8
3993,8
3994,8
3994,13
3994,16
3996,1
3996,2
3996,8
3996,14
3997,2
3997,8
3997,9
3998,1
3998,8
3998,16
3999,1
3999,2
3999,16
4000,1
4000,8
4002,5
4003,5
4003,8
4003,14
4005,1
4005,2
4005,16
4006,1
4006,2
4006,3
4007,6
4007,8
4008,8
4008,17
4009,8
4010,5
4011,5
4011,6
4012,5
4012,8
4014,5
4014,8
4014,14
4015,2
4015,5
4015,13
4016,2
4016,3
4016,5
4016,9
4017,8
4018,5
4018,14
4019,8
4020,8
4020,11
4020,13
4020,16
4021,8
4022,2
4022,8
4023,5
4023,8
4023,9
4023,14
4024,8
4024,14
4025,1
4025,5
4025,6
4027,2
4027,5
4027,6
4029,5
4029,8
4030,11
4031,8
4031,14
4031,18
4032,5
4032,6
4033,16
4034,6
4034,8
4034,16
4035,8
4035,14
4035,18
4036,8
4036,11
4037,6
4037,8
4037,16
4039,5
4039,8
4040,5
4041,8
4041,14
4042,2
4042,17
4042,18
4043,6
4043,8
4043,16
4046,8
4046,17
4047,8
4047,17
4052,1
4052,6
4052,8
4053,1
4053,2
4053,5
4053,8
4053,14
4054,8
4054,14
4055,6
4055,8
4056,6
4056,8
4056,13
4056,16
4061,8
4061,14
4062,5
4062,8
4062,14
4063,5
4063,8
4063,14
4064,1
4064,6
4064,16
4065,1
4065,6
4065,16
4066,1
4066,5
4066,6
4067,8
4067,14
4068,5
4068,6
4068,8
4069,5
4069,14
4074,8
4077,5
4077,8
4077,13
4078,8
4079,5
4080,5
4080,8
4080,14
4081,5
4082,5
4082,8
4082,14
4083,1
4083,6
4083,8
4083,16
4084,1
4084,5
4084,6
4085,1
4085,5
4085,6
4086,1
4086,6
4086,8
4086,13
4089,5
4090,2
4090,3
4090,9
4091,5
4091,14
4092,1
4092,2
4093,6
4093,8
4093,13
4093,16
4102,5
4103,8
4103,17
4104,5
4105,11
4109,8
4109,11
4109,13
4109,16
4110,1
4110,16
4111,8
4111,17
4113,8
4115,5
4115,14
4115,16
4116,5
4117,8
4117,17
4121,1
4121,5
4123,2
4123,5
4124,2
4124,11
4124,16
4125,1
4125,5
4126,6
4126,8
4127,5
4127,9
4128,5
4128,8
4128,11
4128,14
4128,16
4129,5
4129,8
4129,9
4129,14
4130,5
4130,9
4131,5
4131,14
4132,5
4132,9
4132,14
4133,1
4133,2
4133,9
4133,16
4135,1
4135,5
4135,9
4138,5
4138,9
4138,11
4138,14
4139,1
4139,6
4139,8
4141,5
4141,14
4142,8
4142,9
4142,16
4143,11
4143,16
4144,8
4144,14
4146,8
4146,16
4147,5
4147,14
4148,6
4148,8
4148,16
4149,5
4149,6
4149,14
4152,8
4152,14
4153,5
4153,9
4153,14
4154,3
4154,5
4155,8
4155,14
4156,5
4157,5
4157,8
4157,9
4157,14
4158,2
4158,3
4158,5
4158,9
4159,1
4159,2
4159,5
4159,6
4159,16
4160,8
4160,14
4161,1
4161,5
4161,6
4161,14
4164,8
4164,13
4164,16
4166,1
4166,5
4166,16
4167,1
4167,6
4167,16
4168,5
4168,14
4171,7
4174,8
4175,5
4175,7
4175,8
4178,8
4180,1
4180,5
4180,6
4181,5
4181,8
4184,5
4184,8
4184,9
4184,14
4187,5
4187,8
4189,8
4190,8
4191,5
4191,8
4191,14
4193,5
4193,14
4194,5
4194,8
4194,14
4195,5
4195,11
4197,5
4198,1
4198,2
4200,1
4200,6
4200,8
4200,16
4202,5
4202,6
4202,8
4203,1
4203,16
4204,5
4205,5
4205,8
4205,14
4207,7
4207,7
4207,7
4207,7
4207,7
4210,6
4210,11
4210,16
4211,8
4212,13
4214,5
4215,5
4217,7
4218,6
4218,8
4218,16
4219,5
4219,14
4220,5
4220,6
4220,8
4221,5
4223,17
4224,1
4224,6
4224,16
4225,5
4225,8
4226,13
4226,16
4228,5
4228,6
4228,14
4229,5
4229,14
4231,5
4231,14
4232,1
4232,2
4232,5
4233,5
4233,14
4234,8
4234,16
4235,8
4235,16
4236,7
4237,7
4238,1
4238,6
4238,13
4238,16
4239,6
4239,8
4240,5
4240,9
4241,1
4241,2
4241,3
4241,9
4242,5
4242,6
4242,8
4242,16
4243,6
4243,8
4243,13
4246,5
4246,8
4246,14
4247,2
4247,5
4247,8
4247,13
4247,14
4248,5
4251,6
4251,8
4251,16
4252,8
4254,2
4254,5
4255,5
4256,8
4256,14
4259,8
4259,14
4260,8
4262,1
4262,6
4262,8
4263,8
4263,14
4265,1
4265,8
4267,5
4267,6
4268,5
4268,14
4270,1
4270,2
4270,9
4273,8
4273,13
4275,1
4275,2
4275,9
4276,5
4278,7
4280,5
4280,8
4282,8
4282,9
4284,5
4284,14
4285,5
4285,8
4285,14
4289,2
4289,5
4289,9
4290,5
4290,8
4290,17
4291,5
4292,8
4293,5
4294,9
4296,8
4296,14
4297,8
4298,6
4298,8
4298,16
4299,1
4299,2
4299,8
4299,14
4300,5
4300,8
4304,7
4305,8
4305,14
4305,16
4306,2
4306,3
4306,5
4306,9
4307,5
4307,14
4308,8
4308,14
4310,1
4310,14
4310,17
4312,2
4312,8
4313,8
4313,14
4313,17
4316,8
4316,14
4317,5
4317,9
4317,14
4321,5
4321,18
4322,8
4323,17
4323,18
4325,8
4325,14
4326,6
4326,8
4326,13
4326,16
4327,1
4327,2
4327,18
4329,8
4329,18
4333,5
4333,6
4333,16
4334,8
4337,8
4337,17
4338,1
4338,8
4338,17
4339,1
4339,2
4339,16
4339,17
4340,5
4342,8
4342,14
4343,1
4343,5
4344,1
4344,6
4344,16
4345,5
4345,8
4347,5
4347,8
4349,5
4349,17
4350,5
4351,1
4351,6
4351,16
4353,1
4353,8
4353,17
4354,13
4354,16
4355,8
4355,14
4356,5
4356,14
4357,5
4357,14
4359,5
4359,14
4361,5
4361,14
4366,2
4366,3
4367,1
4367,2
4367,9
4368,5
4368,9
4368,14
4369,1
4369,6
4369,16
4370,2
4370,8
4371,6
4371,8
4371,14
4371,16
4372,8
4372,14
4373,1
4373,5
4374,5
4374,14
4378,6
4378,8
4378,16
4380,8
4380,14
4381,5
4383,6
4383,13
4383,16
4384,8
4386,1
4386,2
4386,5
4386,9
4387,1
4387,6
4387,16
4388,5
4389,8
4389,14
4390,6
4390,8
4390,16
4392,5
4392,8
4392,9
4392,14
4393,8
4394,5
4395,5
4395,6
4396,1
4396,5
4397,1
4397,5
4399,5
4399,8
4402,5
4403,8
4403,11
4404,8
4404,9
4404,11
4406,18
4407,8
4407,16
4407,17
4408,8
4409,5
4409,6
4409,13
4410,5
4410,6
4410,14
4412,5
4419,8
4419,14
4420,8
4422,8
4424,8
4426,6
4426,13
4426,16
4427,8
4428,8
4428,14
4428,18
4429,2
4429,8
4432,8
4433,8
4433,14
4434,5
4434,8
4436,8
4436,13
4436,16
4437,11
4438,1
4438,8
4438,16
4439,8
4440,1
4441,1
4441,8
4441,16
4442,1
4442,2
4442,5
4442,8
4443,1
4443,6
4443,16
4443,18
4444,1
4444,6
4445,2
4446,1
4446,2
4446,3
4446,9
4447,5
4448,1
4448,6
4448,8
4448,13
4448,16
4449,8
4450,6
4450,8
4451,5
4451,8
4451,14
4452,5
4452,6
4453,7
4454,3
4458,7
4459,7
4462,5
4462,9
4463,8
4463,14
4463,17
4464,5
4464,8
4464,14
4465,6
4465,8
4466,1
4466,6
4466,8
4466,13
4466,16
4467,2
4467,5
4467,9
4470,5
4470,6
4470,8
4470,14
4471,5
4471,14
4473,1
4473,8
4473,17
4474,5
4474,8
4475,8
4475,17
4476,5
4477,5
4478,5
4478,8
4478,17
4480,11
4482,8
4482,14
4483,5
4484,8
4487,5
4487,8
4487,14
4488,1
4488,6
4488,8
4488,16
4489,5
4489,14
4490,5
4492,5
4492,11
4495,5
4495,14
4496,13
4496,16
4497,1
4497,5
4497,11
4497,16
4498,1
4498,6
4498,16
4499,5
4499,6
4500,5
4500,6
4500,8
4502,5
4504,5
4504,6
4505,5
4505,8
4505,14
4506,6
4506,8
4506,13
4508,8
4509,5
4511,5
4511,9
4511,11
4516,5
4517,11
4517,13
4517,16
4518,5
4518,11
4519,2
4519,3
4520,5
4520,14
4521,1
4521,8
4521,16
4522,8
4522,14
4522,16
4523,5
4523,8
4523,9
4524,5
4524,14
4526,5
4527,5
4527,8
4527,14
4529,5
4529,8
4531,1
4531,6
4533,5
4533,11
4534,2
4534,18
4535,2
4535,8
4535,14
4535,18
4537,6
4537,8
4537,14
4541,11
4541,16
4544,5
4544,8
4545,5
4546,13
4546,16
4552,11
4553,1
4553,16
4557,8
4558,5
4562,5
4562,6
4563,5
4564,8
4564,9
4564,14
4565,1
4565,2
4571,2
4571,5
4572,1
4572,8
4572,16
4573,5
4573,8
4573,14
4574,1
4574,8
4574,16
4577,8
4577,17
4578,5
4578,9
4578,14
4580,1
4580,2
4580,16
4581,8
4583,1
4583,5
4583,6
4584,5
4584,9
4584,14
4585,5
4585,6
4585,16
4587,5
4587,14
4589,8
4591,2
4591,5
4591,9
4593,5
4593,6
4593,8
4594,2
4594,17
4595,8
4595,17
4597,1
4597,6
4597,16
4599,8
4600,5
4600,8
4600,14
4602,5
4602,6
4602,8
4603,5
4603,6
4605,5
4605,8
4605,9
4608,6
4608,8
4608,16
4610,5
4610,6
4610,13
4610,16
4611,6
4611,8
4611,16
4612,5
4612,8
4612,14
4613,1
4613,5
4613,6
4614,1
4614,8
4614,16
4615,8
4616,8
4617,5
4619,2
4619,5
4619,9
4621,5
4621,14
4622,5
4622,14
4623,5
4624,5
4624,9
4626,1
4626,5
4626,8
4626,14
4626,16
4628,5
4628,8
4628,14
4629,1
4629,2
4629,6
4629,8
4629,16
4630,1
4630,8
4632,1
4632,6
4632,16
4634,5
4635,1
4635,2
4635,5
4635,8
4635,14
4636,1
4636,6
4636,8
4636,16
4638,1
4638,2
4638,16
4639,5
4639,14
4640,6
4640,8
4640,16
4641,5
4641,8
4642,5
4642,8
4643,1
4643,2
4643,16
4644,5
4644,14
4645,6
4645,11
4645,13
4645,16
4646,1
4646,5
4646,6
4646,8
4646,14
4649,5
4653,1
4653,2
4653,5
4654,1
4654,16
4658,8
4658,11
4658,16
4660,5
4661,6
4661,8
4661,14
4662,5
4662,6
4663,5
4663,14
4666,5
4666,8
4666,14
4670,11
4670,16
4671,5
4671,8
4672,5
4672,14
4673,1
4673,5
4673,6
4673,8
4673,16
4675,5
4675,6
4676,2
4676,5
4677,1
4677,5
4677,6
4677,16
4678,5
4679,5
4679,8
4681,5
4681,8
4683,2
4683,5
4683,8
4686,2
4686,5
4686,6
4687,5
4687,8
4687,14
4688,2
4688,8
4689,11
4689,13
4689,16
4690,6
4690,8
4695,1
4695,6
4695,8
4697,5
4697,11
4699,8
4699,13
4699,14
4699,16
4700,5
4700,14
4701,1
4701,5
4701,6
4704,1
4704,2
4704,5
4705,8
4708,8
4709,5
4709,18
4710,18
4711,7
4713,11
4713,16
4714,1
4714,2
4714,5
4715,11
4717,1
4717,5
4718,5
4718,14
4720,11
4720,13
4720,16
4721,1
4721,18
4723,6
4723,8
4723,13
4723,16
4725,8
4725,11
4725,13
4727,8
4727,14
4727,17
4728,2
4728,5
4732,2
4732,5
4732,14
4733,5
4733,6
4733,14
4734,1
4734,2
4734,5
4735,1
4735,11
4736,5
4736,14
4738,5
4738,14
4740,5
4740,14
4741,5
4741,8
4741,14
4744,11
4745,8
4745,14
4745,16
4748,1
4748,2
4748,5
4749,1
4749,2
4749,5
4750,1
4750,2
4750,5
4754,11
4756,1
4756,2
4756,14
4757,5
4757,8
4759,5
4759,14
4765,6
4765,8
4766,6
4766,8
4766,14
4769,7
4769,17
4770,8
4770,16
4771,8
4772,1
4772,8
4772,16
4773,5
4774,1
4774,5
4774,6
4774,13
4774,16
4776,1
4776,6
4776,8
4777,5
4780,8
4782,5
4782,8
4782,14
4783,7
4784,7
4785,8
4785,18
4786,11
4786,13
4787,8
4788,5
4788,8
4788,14
4789,5
4789,9
4789,11
4792,11
4794,11
4794,13
4794,16
4795,2
4795,5
4795,14
4796,5
4796,14
4798,5
4798,14
4799,1
4799,2
4799,5
4799,6
4800,1
4800,2
4800,8
4801,8
4802,5
4802,14
4802,17
4803,8
4803,16
4804,5
4804,8
4808,8
4808,11
4808,13
4808,16
4809,8
4810,8
4811,8
4812,2
4813,8
4814,6
4814,13
4814,16
4815,8
4816,5
4818,1
4818,2
4818,5
4818,14
4821,8
4821,13
4821,16
4822,1
4822,5
4823,5
4823,14
4825,8
4826,8
4826,17
4827,11
4828,5
4828,8
4828,14
4830,6
4830,8
4831,5
4833,11
4835,8
4836,8
4836,14
4840,8
4840,14
4840,17
4844,5
4844,6
4845,1
4845,5
4845,6
4846,1
4846,6
4846,8
4847,8
4848,8
4848,13
4848,16
4849,3
4849,5
4850,1
4850,3
4852,6
4852,9
4852,11
4852,16
4855,1
4855,6
4855,16
4857,8
4857,14
4860,5
4862,8
4862,16
4863,5
4863,6
4864,7
4865,11
4865,13
4865,16
4866,1
4866,8
4866,16
4867,5
4867,8
4871,8
4873,3
4873,8
4873,9
4874,8
4874,13
4876,11
4876,16
4877,5
4877,8
4877,14
4878,8
4878,9
4878,13
4879,1
4879,5
4879,6
4880,8
4881,6
4881,8
4883,8
4885,6
4885,13
4885,16
4886,3
4886,5
4887,1
4887,16
4888,8
4889,1
4889,6
4889,8
4889,16
4890,5
4890,8
4890,9
4890,14
4893,11
4893,16
4898,5
4898,6
4898,16
4899,2
4899,5
4899,9
4901,1
4901,6
4901,16
4902,8
4902,9
4902,11
4902,16
4903,5
4903,8
4909,5
4911,5
4911,9
4912,5
4912,8
4912,14
4914,6
4914,8
4915,1
4915,2
4915,9
4916,1
4916,8
4916,17
4917,8
4917,17
4919,1
4919,16
4920,8
4920,14
4921,8
4925,5
4925,6
4925,13
4926,5
4926,8
4927,8
4927,11
4927,13
4928,5
4928,8
4928,14
4929,5
4932,8
4936,8
4939,1
4939,17
4941,1
4941,2
4942,2
4942,11
4945,1
4945,6
4945,16
4946,1
4946,2
4946,6
4947,1
4947,6
4947,8
4947,16
4951,2
4951,8
4951,16
4952,5
4953,2
4953,9
4954,5
4954,6
4954,16
4956,1
4956,5
4956,8
4956,14
4956,16
4957,1
4957,6
4957,16
4958,1
4958,8
4958,16
4958,17
4959,8
4959,14
4961,7
4962,1
4962,2
4962,8
4962,16
4962,18
4963,6
4963,16
4964,8
4964,14
4965,3
4966,2
4966,8
4966,11
4967,1
4967,17
4969,6
4969,8
4969,13
4970,8
4971,5
4971,8
4971,14
4973,5
4973,14
4974,5
4975,13
4975,14
4976,8
4976,14
4977,5
4978,6
4978,8
4978,13
4979,5
4979,8
4980,2
4980,5
4981,5
4985,1
4985,2
4985,9
4987,2
4988,2
4988,8
4990,2
4990,3
4990,5
4991,5
4991,8
4991,14
4992,5
4992,9
4992,14
4993,1
4993,2
4993,9
4994,8
4994,14
4995,8
4995,14
4998,2
4998,6
4998,8
4998,16
5004,5
5007,2
5007,5
5007,6
5008,6
5008,8
5008,13
5009,8
5010,1
5010,17
5011,8
5011,14
5011,17
5013,8
5013,13
5013,16
5014,8
5015,8
5015,14
5016,8
5016,14
5021,5
5021,6
5021,13
5021,16
5023,8
5025,5
5025,8
5026,1
5026,2
5026,11
5027,1
5027,5
5027,6
5027,16
5028,8
5033,8
5033,14
5033,16
5034,5
5034,8
5034,9
5034,14
5039,2
5039,9
5040,1
5040,2
5040,9
5041,2
5041,3
5041,9
5046,1
5046,16
5047,1
5047,5
5048,2
5048,5
5049,1
5049,5
5049,6
5051,5
5051,8
5051,14
5053,1
5053,2
5053,5
5053,6
5054,16
5055,1
5055,8
5059,7
5060,5
5060,8
5060,17
5062,11
5062,16
5063,8
5063,18
5064,1
5064,2
5064,8
5064,16
5065,8
5065,11
5065,13
5066,8
5066,14
5068,8
5071,5
5071,8
5072,3
5073,8
5074,5
5074,8
5075,3
5075,8
5075,13
5076,2
5076,8
5077,5
5077,14
5080,5
5080,14
5081,5
5081,6
5081,16
5083,5
5083,8
5083,13
5083,14
5088,5
5088,8
5092,2
5092,5
5093,1
5093,8
5093,16
5094,1
5094,16
5095,5
5095,6
5096,2
5096,5
5096,6
5099,8
5102,5
5103,5
5103,8
5105,8
5105,11
5105,16
5106,5
5106,8
5107,8
5107,17
5108,6
5108,8
5108,16
5109,2
5109,3
5109,9
5110,5
5110,6
5110,13
5111,8
5111,11
5111,16
5112,5
5112,8
5113,5
5113,6
5114,8
5114,14
5116,5
5116,14
5120,5
5121,8
5127,8
5127,9
5127,16
5128,9
5128,11
5128,14
5131,5
5131,8
5134,5
5134,8
5135,5
5135,8
5136,8
5136,11
5136,16
5137,7
5139,5
5147,8
5155,1
5155,6
5155,8
5156,1
5156,8
5159,2
5159,3
5159,9
5168,5
5168,14
5171,1
5171,2
5177,8
5177,14
5178,8
5178,14
5178,16
5181,1
5181,16
5187,2
5187,5
5189,11
5197,5
5197,8
5198,6
5198,8
5198,16
5202,5
5202,8
5202,14
5205,5
5205,11
5212,1
5212,2
5212,16
5213,5
5213,9
5214,5
5214,9
5218,2
5218,3
5218,5
5219,1
5219,11
5220,1
5220,5
5221,8
5221,14
5221,17
5222,5
5224,7
5225,8
5225,14
5226,8
5226,14
5231,2
5231,5
5231,14
5237,8
5238,8
5240,1
5240,2
5240,8
5241,5
5241,14
5244,1
5244,2
5246,1
5246,5
5247,1
5247,2
5247,5
5248,1
5248,5
5248,6
5250,5
5250,6
5254,1
5254,9
5254,11
5254,16
5255,5
5256,5
5256,8
5258,8
5264,2
5264,16
5265,5
5265,6
5265,8
5265,16
5266,6
5266,8
5266,16
5267,8
5268,8
5268,9
5268,11
5269,8
5269,14
5272,8
5275,6
5275,8
5278,5
5278,14
5279,5
5279,8
5279,14
5282,6
5282,8
5282,13
5282,16
5283,5
5283,14
5284,5
5284,8
5284,14
5285,5
5285,6
5288,7
5292,5
5292,8
5293,8
5294,6
5294,8
5294,16
5296,5
5296,14
5297,6
5297,8
5297,13
5297,16
5298,5
5298,8
5299,5
5299,8
5299,14
5300,8
5300,16
5300,18
5303,5
5303,14
5304,8
5304,17
5307,5
5309,5
5311,9
5311,11
5311,16
5312,6
5312,8
5312,16
5313,1
5313,2
5313,9
5316,8
5316,13
5316,14
5316,16
5316,17
5319,6
5319,8
5319,16
5321,5
5321,8
5321,14
5322,8
5323,11
5324,5
5324,8
5324,14
5328,8
5328,14
5333,1
5333,6
5333,8
5334,5
5334,6
5334,8
5337,5
5337,9
5337,14
5338,8
5338,14
5339,5
5339,8
5339,14
5341,8
5345,8
5345,17
5346,8
5346,14
5347,1
5347,6
5347,8
5348,5
5348,8
5349,1
5353,5
5353,14
5356,11
5357,1
5357,2
5358,2
5358,8
5361,1
5361,2
5361,8
5363,5
5364,8
5364,14
5364,16
5365,8
5365,14
5365,17
5372,5
5372,14
5372,18
5373,8
5373,14
5373,17
5375,5
5375,14
5375,18
5377,5
5377,8
5377,14
5378,1
5378,2
5379,8
5380,5
5380,8
5380,14
5382,1
5382,2
5382,5
5382,8
5382,14
5384,6
5384,8
5385,7
5388,6
5388,8
5388,16
5389,2
5389,3
5389,8
5389,18
5390,5
5390,8
5391,8
5397,5
5398,8
5400,6
5400,8
5401,1
5401,5
5404,8
5404,14
5409,1
5409,6
5409,8
5409,16
5410,2
5410,8
5414,1
5414,2
5414,5
5414,16
5415,5
5415,8
5416,5
5416,8
5416,13
5416,16
5417,8
5417,9
5418,1
5418,8
5418,13
5418,16
5419,2
5419,5
5419,13
5420,1
5420,17
5421,5
5421,8
5422,5
5422,8
5424,8
5425,1
5425,8
5425,17
5427,2
5427,5
5428,5
5433,11
5434,13
5434,16
5435,18
5437,16
5438,5
5438,6
5440,18
5442,6
5442,13
5444,3
5444,5
5445,8
5446,2
5446,8
5447,8
5448,2
5448,3
5448,5
5448,8
5448,16
5449,5
5449,14
5450,5
5450,8
5450,14
5451,5
5451,8
5451,14
5452,5
5452,14
5454,1
5454,5
5454,6
5454,8
5454,14
5454,16
5455,5
5455,6
5455,8
5456,2
5456,5
5456,18
5458,7
5459,1
5459,5
5460,1
5460,3
5461,8
5462,1
5462,2
5462,5
5463,1
5463,2
5463,9
5464,6
5464,8
5464,16
5465,6
5465,8
5466,5
5466,14
5468,11
5470,5
5472,8
5475,6
5475,8
5475,16
5476,11
5477,8
5477,14
5479,8
5479,13
5479,16
5479,17
5480,2
5480,5
5483,7
5485,5
5485,8
5485,14
5489,7
5490,1
5490,5
5493,1
5493,2
5493,5
5497,1
5497,2
5497,5
5498,8
5499,2
5499,14
5500,7
5502,11
5502,16
5503,5
5503,8
5503,14
5504,1
5504,2
5504,5
5505,5
5505,8
5505,14
5506,1
5506,6
5506,13
5506,16
5507,1
5507,2
5507,6
5507,8
5507,16
5508,5
5508,8
5512,5
5513,5
5513,7
5521,1
5521,2
5521,6
5521,8
5522,1
5523,3
5524,2
5524,8
5524,14
5525,5
5525,14
5527,8
5527,13
5527,14
5528,8
5528,16
5529,5
5530,5
5530,8
5530,14
5531,1
5531,6
5531,8
5532,5
5532,14
5537,8
5538,2
5538,3
5538,5
5538,9
5539,2
5539,3
5539,9
5540,1
5540,2
5540,9
5541,1
5541,5
5541,17
5543,11
5544,2
5544,5
5544,8
5544,16
5548,5
5550,8
5550,14
5550,18
5553,1
5553,5
5553,14
5556,6
5556,11
5556,16
5560,5
5562,8
5562,16
5563,6
5563,8
5563,13
5564,8
5564,13
5564,14
5564,16
5568,5
5568,6
5569,6
5569,11
5570,11
5570,16
5572,5
5572,8
5573,5
5573,6
5573,8
5574,1
5574,6
5574,16
5575,6
5575,8
5575,16
5577,5
5577,8
5580,2
5581,5
5581,14
5582,2
5582,5
5584,5
5584,6
5585,5
5585,11
5588,11
5589,5
5589,8
5590,6
5590,8
5591,5
5596,5
5597,1
5597,5
5601,8
5601,18
5602,5
5602,6
5603,5
5603,6
5604,5
5608,7
5609,1
5609,2
5609,16
5610,5
5610,8
5611,1
5611,2
5611,8
5611,14
5611,17
5612,6
5612,16
5613,5
5613,13
5613,16
5614,8
5614,14
5615,8
5615,17
5617,5
5617,8
5617,14
5618,3
5618,9
5620,5
5620,14
5621,1
5621,5
5621,16
5625,8
5625,14
5628,1
5628,5
5628,8
5629,2
5629,3
5629,5
5630,6
5630,11
5630,16
5632,8
5633,6
5633,8
5633,14
5633,16
5635,8
5635,14
5636,5
5636,6
5638,1
5638,8
5643,7
5644,8
5646,8
5646,14
5649,11
5650,5
5650,6
5651,3
5651,5
5651,9
5651,17
5657,1
5657,5
5657,6
5663,11
5663,13
5663,16
5664,5
5664,14
5665,6
5665,16
5666,5
5666,8
5666,14
5667,8
5667,9
5667,14
5668,8
5669,7
5669,8
5670,5
5670,7
5672,2
5672,3
5672,9
5673,5
5673,8
5673,14
5675,5
5675,14
5678,1
5678,5
5678,6
5678,16
5679,11
5679,13
5680,6
5680,8
5682,8
5682,17
5684,7
5685,5
5685,8
5688,8
5689,6
5690,3
5690,8
5690,17
5693,8
5694,8
5694,14
5696,8
5696,14
5696,18
5699,1
5699,8
5699,18
5700,1
5704,11
5706,5
5706,8
5707,6
5707,8
5707,14
5710,1
5710,5
5712,6
5712,13
5712,16
5720,1
5720,2
5720,5
5721,8
5723,5
5723,14
5733,16
5735,7
5735,11
5736,7
5736,11
5741,8
5741,14
5742,5
5742,8
5745,5
5745,8
5745,14
5746,5
5747,8
5747,17
5755,11
5755,13
5764,16
5767,5
5768,5
5768,14
5771,11
5771,16
5772,5
5772,8
5773,5
5779,11
5780,5
5782,1
5782,2
5782,16
5784,11
5784,13
5784,16
5785,1
5785,5
5785,7
5786,1
5786,6
5786,8
5787,13
5787,16
5788,8
5791,8
5791,14
5792,3
5796,1
5796,2
5796,5
5797,9
5797,11
5799,8
5799,17
5801,5
5801,17
5802,5
5802,8
5803,1
5803,2
5803,5
5803,16
5804,5
5804,9
5809,6
5809,13
5809,16
5810,8
5812,8
5812,14
5816,2
5816,9
5817,8
5817,17
5818,8
5818,14
5820,7
5826,18
5828,8
5828,16
5829,3
5829,5
5829,8
5833,1
5833,11
5833,16
5836,5
5836,14
5838,8
5838,14
5840,2
5840,5
5840,8
5840,14
5841,2
5841,8
5843,1
5843,2
5843,16
5847,8
5849,5
5853,11
5856,5
5856,8
5856,14
5863,5
5863,14
5867,6
5867,8
5867,16
5872,1
5872,2
5872,16
5873,8
5874,5
5874,8
5875,8
5876,8
5876,14
5876,16
5876,17
5878,8
5878,14
5879,3
5879,5
5880,1
5880,2
5880,16
5881,8
5881,13
5882,2
5882,3
5882,9
5883,11
5883,16
5884,5
5884,11
5888,6
5888,8
5889,8
5889,14
5890,5
5890,8
5891,11
5893,6
5893,8
5893,14
5893,16
5896,5
5896,8
5899,1
5899,8
5899,17
5900,5
5900,6
5901,1
5901,6
5901,8
5902,5
5902,6
5902,8
5903,1
5903,16
5909,5
5909,8
5909,11
5909,16
5912,5
5912,6
5915,8
5915,17
5919,16
5922,5
5925,9
5925,11
5927,5
5929,5
5929,8
5929,14
5932,7
5938,5
5938,6
5938,16
5941,5
5941,8
5941,14
5942,5
5942,9
5943,5
5943,8
5943,14
5944,1
5944,2
5944,16
5945,5
5945,8
5947,8
5949,1
5949,5
5949,8
5949,14
5949,16
5951,8
5952,1
5952,2
5952,9
5953,8
5953,17
5954,6
5954,8
5955,8
5955,14
5956,6
5956,8
5957,5
5957,14
5959,6
5959,8
5959,13
5959,16
5961,16
5962,8
5962,14
5962,16
5963,8
5965,8
5965,17
5968,1
5968,5
5968,6
5968,8
5968,16
5969,5
5970,5
5970,8
5971,3
5971,9
5974,2
5974,9
5974,14
5979,11
5980,6
5980,11
5980,13
5984,8
5988,1
5988,2
5988,8
5989,6
5989,8
5990,5
5990,9
5991,5
5991,6
5991,8
5992,8
5993,8
5993,17
5995,8
5995,17
5999,1
5999,2
5999,3
5999,9
6001,5
6001,8
6002,5
6002,8
6003,5
6003,6
6003,8
6003,14
6003,16
6005,5
6005,7
6006,5
6006,14
6009,1
6009,6
6009,8
6012,5
6012,14
6013,1
6013,2
6013,5
6013,6
6014,1
6014,5
6014,6
6016,6
6016,8
6020,8
6020,14
6021,6
6021,8
6021,16
6022,6
6022,8
6023,5
6023,6
6023,8
6025,5
6027,8
6027,14
6030,5
6030,14
6031,8
6031,14
6039,5
6039,14
6040,11
6040,16
6041,8
6042,7
6044,11
6044,16
6049,6
6051,6
6051,8
6055,1
6055,6
6055,8
6055,16
6058,11
6058,13
6059,1
6059,16
6060,8
6062,7
6063,5
6064,8
6067,5
6067,16
6070,8
6086,6
6086,13
6086,16
6090,7
6093,2
6093,3
6093,9
6095,1
6095,5
6100,5
6100,14
6101,8
6101,13
6101,16
6107,8
6107,17
6111,2
6111,14
6116,2
6116,5
6116,14
6119,5
6122,5
6122,7
6123,7
6124,5
6125,5
6140,11
6140,13
6140,16
6141,1
6141,5
6141,16
6143,5
6143,6
6143,13
6145,11
6145,16
6148,8
6148,11
6148,16
6153,5
6155,5
6155,14
6156,1
6156,2
6156,5
6156,18
6157,1
6157,9
6158,2
6158,3
6159,8
6159,14
6162,2
6162,8
6162,13
6163,8
6163,14
6163,16
6166,7
6170,2
6178,8
6178,14
6181,17
6182,5
6182,14
6183,5
6183,14
6184,8
6184,9
6185,6
6185,8
6185,16
6186,8
6187,6
6187,8
6187,16
6192,8
6192,14
6193,5
6193,8
6193,16
6195,7
6196,1
6196,6
6196,8
6197,8
6197,13
6197,16
6201,8
6201,14
6202,5
6202,8
6202,14
6203,5
6204,1
6204,5
6204,9
6210,1
6210,5
6212,3
6212,5
6213,7
6214,6
6214,8
6214,16
6215,8
6215,14
6216,8
6217,8
6218,5
6218,8
6218,14
6219,1
6219,6
6219,8
6219,16
6220,8
6220,11
6220,16
6222,8
6222,14
6223,5
6223,6
6223,8
6225,8
6228,5
6228,8
6228,14
6232,2
6232,8
6235,8
6235,17
6237,8
6237,14
6238,5
6238,8
6238,14
6239,2
6239,9
6241,5
6241,8
6241,14
6242,11
6242,16
6244,6
6244,8
6245,5
6245,8
6245,14
6246,8
6249,5
6250,8
6250,11
6250,16
6251,3
6252,5
6252,8
6252,14
6254,3
6263,1
6263,6
6263,8
6263,13
6263,16
6264,7
6265,5
6265,8
6266,5
6266,8
6266,14
6267,8
6267,14
6267,16
6268,8
6268,14
6269,5
6269,6
6270,3
6270,5
6271,3
6279,6
6279,8
6279,16
6280,1
6280,6
6280,8
6281,6
6281,16
6283,1
6283,3
6285,6
6285,8
6286,5
6286,8
6286,14
6287,5
6288,6
6288,8
6288,14
6289,7
6290,11
6291,6
6291,8
6294,1
6294,5
6294,9
6295,5
6295,14
6296,5
6297,2
6297,5
6297,8
6298,3
6299,7
6300,1
6300,5
6300,6
6301,6
6301,8
6301,16
6302,11
6303,16
6305,8
6306,7
6308,5
6308,6
6310,5
6310,8
6313,5
6313,14
6314,5
6314,6
6315,5
6316,2
6316,9
6319,5
6319,8
6320,5
6322,1
6322,5
6322,6
6322,13
6322,16
6323,13
6323,16
6324,5
6324,8
6327,7
6329,8
6330,8
6330,16
6331,7
6332,5
6333,1
6333,2
6334,8
6335,6
6335,8
6335,14
6335,16
6336,8
6336,17
6337,6
6337,8
6337,16
6338,5
6341,5
6341,8
6341,14
6342,8
6342,14
6345,8
6347,8
6348,8
6349,8
6349,14
6350,1
6350,2
6350,3
6350,9
6357,5
6357,14
6358,5
6358,14
6365,3
6367,7
6368,7
6370,5
6370,8
6370,14
6371,1
6371,2
6371,3
6371,9
6373,5
6373,9
6374,1
6374,5
6375,7
6376,5
6376,8
6377,2
6377,3
6378,8
6379,11
6379,16
6380,6
6380,7
6382,8
6383,1
6383,6
6383,16
6385,8
6386,18
6387,1
6387,5
6387,6
6387,16
6390,5
6390,14
6395,1
6395,11
6400,6
6400,7
6405,2
6407,5
6407,14
6408,5
6408,7
6410,5
6410,8
6410,14
6412,5
6412,18
6415,5
6415,8
6417,1
6417,8
6417,16
6422,17
6422,18
6424,5
6425,5
6425,8
6425,9
6427,8
6428,2
6428,14
6428,18
6429,18
6433,8
6434,1
6434,2
6434,8
6434,17
6436,7
6440,5
6440,8
6440,16
6442,5
6449,8
6449,14
6452,8
6453,7
6454,8
6454,13
6454,16
6460,6
6460,8
6460,13
6461,8
6461,14
6461,18
6464,5
6465,5
6465,8
6465,9
6466,8
6466,14
6476,13
6476,16
6477,8
6480,5
6480,14
6482,5
6483,5
6483,14
6493,5
6493,14
6502,11
6502,16
6503,1
6503,2
6503,5
6506,1
6506,6
6506,8
6506,16
6509,8
6509,14
6510,8
6510,14
6514,11
6514,16
6515,6
6515,8
6515,14
6516,8
6516,14
6517,8
6523,5
6527,2
6527,14
6528,5
6530,8
6530,13
6530,16
6533,5
6533,6
6533,14
6534,1
6534,2
6535,5
6535,14
6536,1
6536,2
6536,3
6536,9
6537,1
6537,16
6538,6
6538,16
6539,1
6539,2
6539,9
6541,1
6541,9
6541,16
6542,5
6542,8
6542,14
6545,8
6545,14
6547,8
6547,9
6548,1
6548,5
6548,6
6549,5
6549,8
6549,14
6550,1
6550,2
6550,5
6551,5
6551,8
6551,16
6553,8
6553,14
6554,5
6554,8
6557,8
6558,5
6558,8
6558,14
6559,5
6560,1
6560,5
6560,6
6560,16
6561,5
6563,8
6564,1
6564,2
6564,9
6565,6
6565,8
6565,13
6566,1
6566,2
6566,5
6567,5
6567,6
6567,8
6567,16
6567,17
6571,5
6571,8
6572,5
6572,6
6573,5
6573,14
6574,1
6574,16
6577,1
6577,2
6578,5
6578,14
6579,5
6581,2
6581,5
6581,6
6581,13
6582,1
6582,2
6582,5
6583,1
6583,2
6584,1
6584,5
6586,5
6586,14
6587,5
6587,6
6587,8
6587,14
6588,8
6588,14
6588,16
6592,8
6593,5
6593,9
6593,14
6595,1
6595,6
6595,16
6597,1
6598,5
6603,8
6603,16
6604,5
6604,9
6609,8
6612,7
6614,5
6614,6
6614,14
6615,11
6616,1
6616,2
6616,5
6617,1
6617,8
6617,18
6618,1
6618,5
6619,5
6619,8
6620,5
6620,8
6624,1
6624,2
6624,5
6628,5
6628,14
6629,6
6629,11
6631,5
6631,11
6631,16
6636,5
6636,8
6636,14
6638,5
6638,14
6639,7
6645,8
6650,5
6650,6
6654,1
6654,2
6654,9
6656,11
6658,5
6658,14
6659,1
6659,5
6659,11
6660,8
6660,14
6662,5
6662,6
6663,5
6663,6
6664,1
6664,2
6664,16
6665,8
6665,9
6665,11
6665,14
6667,7
6668,8
6668,14
6670,5
6670,6
6671,8
6679,7
6684,8
6686,3
6687,5
6688,5
6688,8
6689,5
6689,8
6689,14
6691,1
6691,8
6691,14
6691,18
6696,5
6696,8
6696,14
6699,5
6699,8
6699,14
6702,5
6705,5
6705,6
6705,8
6705,16
6706,8
6706,17
6707,11
6708,5
6708,6
6708,8
6708,16
6709,1
6709,6
6709,16
6709,18
6710,5
6710,8
6710,14
6711,5
6711,8
6711,14
6713,3
6713,8
6713,14
6715,11
6718,1
6718,5
6718,16
6720,1
6720,5
6720,6
6721,1
6721,8
6722,1
6722,5
6723,1
6724,5
6724,6
6724,8
6731,8
6731,11
6731,13
6732,8
6734,5
6734,14
6734,16
6744,5
6744,11
6744,14
6748,11
6750,5
6750,8
6750,14
6751,13
6751,16
6752,5
6752,14
6753,5
6753,8
6754,8
6755,5
6755,9
6755,11
6755,13
6755,16
6760,8
6763,5
6764,1
6764,2
6764,5
6764,16
6765,5
6765,14
6768,8
6769,5
6769,14
6770,8
6770,14
6772,7
6773,2
6773,3
6773,5
6773,8
6774,11
6774,13
6775,7
6777,8
6780,7
6782,5
6783,5
6783,8
6783,14
6785,5
6785,8
6785,18
6787,8
6787,13
6787,16
6788,5
6788,8
6788,14
6789,8
6789,13
6789,14
6790,1
6791,5
6791,8
6793,5
6794,5
6796,6
6796,8
6797,6
6797,8
6797,13
6798,1
6798,5
6798,8
6800,1
6800,6
6800,16
6803,11
6803,16
6804,5
6804,6
6804,11
6807,5
6808,1
6808,2
6808,17
6809,6
6809,13
6809,16
6810,8
6810,16
6811,5
6812,1
6812,6
6812,8
6812,16
6814,1
6814,5
6814,6
6816,5
6817,2
6817,8
6818,8
6818,17
6820,8
6820,9
6820,11
6820,16
6821,5
6821,8
6821,17
6827,5
6832,8
6832,14
6835,11
6836,6
6836,16
6837,8
6837,14
6849,8
6849,9
6850,5
6850,8
6850,14
6851,8
6851,14
6852,6
6852,8
6853,5
6856,7
6857,1
6857,3
6857,9
6858,8
6858,16
6860,1
6860,6
6860,8
6860,16
6862,6
6862,8
6862,16
6863,5
6867,5
6867,8
6868,6
6868,8
6868,13
6869,6
6869,7
6870,6
6870,8
6870,13
6870,16
6872,1
6872,11
6872,16
6873,8
6874,1
6874,6
6879,8
6879,16
6880,11
6881,5
6881,8
6882,1
6882,2
6883,8
6883,14
6884,6
6884,8
6884,16
6885,8
6885,13
6885,14
6885,16
6886,2
6886,8
6886,14
6886,17
6887,8
6888,5
6889,3
6890,6
6890,8
6893,5
6893,6
6893,16
6898,6
6898,8
6899,2
6902,2
6902,8
6902,9
6909,11
6911,8
6912,5
6912,14
6918,8
6920,6
6920,16
6927,8
6927,14
6932,8
6934,1
6934,2
6934,16
6936,5
6936,9
6938,1
6938,2
6938,7
6939,8
6939,14
6942,5
6942,8
6942,14
6944,5
6944,8
6944,14
6945,7
6947,2
6947,8
6947,17
6948,7
6949,5
6949,8
6949,13
6950,5
6951,2
6951,5
6951,9
6952,11
6952,13
6952,16
6953,6
6953,8
6953,16
6954,5
6954,8
6957,5
6957,6
6957,8
6958,5
6958,9
6958,13
6958,16
6959,1
6959,2
6961,8
6961,14
6965,7
6967,11
6967,16
6970,5
6970,14
6971,6
6971,8
6971,16
6974,5
6974,6
6975,8
6975,11
6975,16
6978,5
6978,8
6979,8
6979,16
6981,8
6982,8
6982,17
6984,2
6984,8
6984,14
6985,8
6986,2
6986,8
6986,14
6987,6
6987,8
6987,11
6987,16
6990,2
6990,6
6990,8
6990,16
6992,5
6992,8
6993,5
6993,8
6994,1
6994,5
6994,6
6996,5
6997,6
6997,8
6998,8
6999,5
6999,14
7000,1
7000,2
7000,5
7001,3
7001,5
7004,5
7005,5
7007,1
7007,16
7008,8
7008,14
7009,8
7010,8
7010,14
7012,5
7012,9
7012,14
7013,6
7013,8
7013,16
7015,5
7015,14
7016,5
7017,1
7017,2
7017,16
7018,6
7018,13
7018,16
7019,5
7019,8
7020,8
7020,14
7022,1
7022,8
7022,16
7023,5
7023,8
7023,14
7024,8
7024,11
7026,5
7027,1
7027,8
7027,18
7028,5
7028,6
7030,8
7031,1
7031,6
7031,8
7031,16
7032,8
7032,14
7032,16
7033,5
7034,6
7034,8
7037,5
7037,6
7037,8
7038,8
7038,14
7040,1
7040,6
7040,16
7041,2
7041,5
7041,6
7041,14
7044,6
7044,14
7044,16
7045,9
7045,11
7046,5
7046,9
7046,11
7047,1
7047,6
7047,16
7048,1
7048,2
7048,5
7048,6
7049,5
7049,14
7050,5
7050,14
7052,8
7052,14
7053,5
7053,14
7054,8
7055,5
7055,14
7056,6
7056,8
7058,5
7059,8
7060,8
7061,8
7061,14
7062,6
7062,8
7063,2
7063,8
7064,8
7064,9
7064,14
7065,3
7065,5
7067,5
7067,8
7067,9
7069,8
7069,17
7070,18
7071,8
7071,14
7072,8
7073,5
7073,6
7073,13
7074,1
7074,2
7074,5
7074,14
7075,2
7075,5
7076,1
7076,6
7076,16
7078,8
7078,14
7079,8
7079,11
7079,14
7080,5
7080,8
7080,14
7082,5
7082,14
7083,8
7083,14
7084,5
7084,14
7085,5
7085,14
7086,5
7086,8
7086,14
7087,5
7087,8
7088,8
7088,14
7089,5
7089,8
7090,1
7090,2
7090,8
7091,5
7091,14
7092,8
7092,14
7093,5
7096,7
7099,2
7099,3
7099,9
7101,5
7102,1
7102,5
7102,6
7103,5
7107,5
7107,13
7107,16
7108,1
7108,6
7108,8
7108,16
7109,8
7109,14
7114,16
7115,11
7115,13
7115,16
7116,13
7116,16
7117,5
7117,11
7118,3
7121,5
7121,14
7122,5
7122,8
7122,17
7123,6
7123,8
7124,7
7125,8
7127,1
7127,8
7127,16
7131,8
7131,14
7132,5
7134,6
7134,8
7141,7
7142,5
7143,1
7143,8
7143,17
7149,5
7149,8
7149,14
7150,5
7151,8
7151,14
7153,1
7153,2
7153,9
7154,8
7154,14
7155,5
7155,8
7156,7
7156,17
7158,8
7160,6
7160,8
7161,5
7161,8
7162,2
7162,14
7162,17
7163,1
7163,2
7163,13
7163,16
7164,2
7164,9
7165,8
7165,14
7167,8
7167,14
7169,5
7169,14
7171,6
7171,7
7173,5
7173,14
7175,1
7175,5
7175,6
7176,6
7176,8
7176,16
7177,8
7178,8
7178,14
7179,8
7179,14
7181,8
7181,14
7184,8
7184,14
7190,8
7191,5
7192,1
7192,8
7193,1
7193,5
7193,6
7193,13
7202,5
7202,11
7205,1
7205,2
7205,8
7206,5
7208,8
7208,11
7209,5
7211,5
7211,8
7211,14
7212,5
7212,14
7212,17
7215,2
7215,14
7215,17
7216,1
7216,6
7216,8
7217,13
7217,16
7218,8
7218,18
7219,6
7219,8
7219,16
7223,6
7223,13
7223,16
7225,7
7228,3
7228,5
7228,9
7234,8
7235,1
7235,6
7235,11
7236,5
7236,8
7238,8
7238,14
7238,17
7243,8
7245,11
7245,16
7247,2
7247,5
7247,9
7251,6
7251,8
7251,16
7254,16
7255,5
7255,14
7256,1
7256,2
7256,7
7256,8
7257,3
7258,5
7258,6
7259,8
7260,5
7260,8
7260,14
7262,1
7262,2
7263,8
7264,8
7265,8
7265,14
7266,5
7266,11
7282,1
7282,2
7282,5
7282,11
7285,8
7292,5
7292,17
7293,5
7293,14
7294,5
7297,5
7297,8
7299,8
7301,8
7302,2
7302,9
7302,14
7303,8
7305,16
7306,5
7306,6
7306,8
7306,13
7307,2
7307,8
7308,1
7308,2
7308,5
7310,1
7310,6
7310,16
7311,8
7311,14
7312,8
7316,5
7317,5
7318,8
7319,5
7319,11
7319,13
7319,16
7320,8
7320,14
7321,1
7321,2
7321,6
7321,8
7321,16
7323,5
7323,8
7324,2
7324,18
7325,5
7325,6
7326,6
7326,8
7326,13
7327,8
7328,8
7333,8
7333,13
7333,16
7335,5
7336,8
7344,7
7345,1
7345,2
7345,5
7345,14
7346,5
7346,14
7349,8
7352,5
7352,8
7352,14
7354,5
7354,6
7354,8
7354,14
7357,8
7357,14
7360,11
7361,8
7361,14
7362,16
7364,5
7364,6
7364,8
7366,5
7366,8
7366,14
7367,5
7367,6
7367,16
7368,1
7368,6
7368,8
7368,16
7369,2
7369,5
7369,13
7371,6
7371,8
7371,16
7372,1
7372,2
7372,8
7373,1
7373,9
7375,5
7375,14
7376,1
7376,2
7376,8
7376,16
7377,6
7379,8
7379,17
7380,5
7380,9
7381,5
7381,6
7381,16
7382,6
7382,8
7382,13
7382,16
7386,8
7387,11
7390,7
7394,5
7395,5
7395,8
7396,8
7396,14
7411,5
7411,11
7414,5
7414,6
7414,8
7419,5
7419,8
7419,16
7439,1
7439,6
7439,8
7440,7
7443,7
7444,5
7444,9
7444,14
7445,1
7445,8
7445,16
7448,5
7449,8
7449,11
7449,16
7450,8
7451,5
7451,8
7454,1
7454,2
7454,11
7457,5
7457,14
7458,1
7458,17
7459,8
7460,5
7460,8
7477,6
7477,11
7477,16
7479,8
7479,16
7481,8
7482,1
7486,8
7486,14
7487,14
7492,8
7492,11
7493,8
7541,5
7541,8
7541,14
7560,8
7560,16
7560,17
7561,8
7561,9
7562,1
7562,6
7564,6
7564,8
7566,7
7569,1
7569,2
7569,16
7570,1
7570,2
7570,16
7572,8
7573,1
7573,2
7573,16
7579,8
7579,14
7581,8
7581,14
7584,5
7584,8
7584,14
7587,6
7587,8
7587,16
7614,14
7614,18
7615,8
7615,14
7616,6
7616,13
7616,16
7618,8
7619,8
7620,5
7624,8
7636,6
7636,8
7636,11
7636,13
7636,16
7646,8
7647,5
7650,8
7650,11
7657,1
7657,2
7657,9
7657,11
7657,16
7698,8
7698,16
7700,2
7700,8
7700,16
7701,5
7701,14
7702,5
7702,8
7704,1
7704,2
7704,16
7704,17
7705,5
7705,14
7706,5
7707,5
7707,8
7707,14
7708,5
7708,9
7708,14
7713,11
7713,13
7713,14
7714,2
7714,14
7716,5
7716,14
7720,1
7720,2
7720,5
7720,8
7727,5
7728,6
7728,8
7728,14
7728,16
7730,5
7730,8
7742,5
7742,8
7742,11
7743,2
7745,5
7748,6
7748,8
7748,14
7749,5
7753,8
7756,8
7756,17
7757,2
7757,9
7766,8
7767,8
7767,14
7773,8
7773,16
7781,5
7781,8
7782,1
7782,8
7782,16
7786,7
7789,8
7792,6
7792,8
7792,16
7802,1
7802,16
7810,1
7810,2
7811,1
7811,2
7812,1
7812,2
7815,5
7820,8
7822,2
7822,8
7822,14
7826,5
7826,9
7826,14
7831,5
7831,6
7831,13
7832,5
7832,13
7833,5
7833,6
7833,13
7834,5
7834,6
7834,13
7843,5
7844,1
7844,2
7844,5
7845,1
7845,5
7845,11
7846,1
7846,5
7846,11
7846,16
7879,5
7882,11
7883,8
7883,11
7883,13
7884,5
7888,5
7888,14
7889,8
7889,18
7891,8
7891,11
7894,18
7895,1
7895,6
7895,8
7896,18
7899,1
7899,8
7899,9
7900,11
7916,5
7916,14
7920,5
7920,6
7924,6
7924,8
7924,13
7924,16
7925,1
7925,2
7925,8
7926,6
7926,8
7926,16
7930,5
7930,11
7930,16
7932,7
7934,5
7936,8
7936,17
7937,8
7937,14
7938,8
7939,8
7940,8
7943,6
7943,13
7943,16
7944,8
7944,14
7951,9
7951,11
7976,8
7979,7
7980,8
7980,17
7982,8
7982,11
7982,13
7983,5
7983,8
7984,11
7986,1
7987,9
7987,11
7988,2
7988,5
7988,16
7991,1
7991,5
8008,9
8008,14
8010,8
8012,5
8012,8
8014,8
8015,2
8015,3
8015,5
8015,9
8016,1
8016,6
8016,16
8019,11
8019,13
8019,16
8024,8
8024,14
8025,6
8025,8
8033,5
8033,6
8033,14
8035,11
8035,16
8042,6
8042,8
8043,5
8043,8
8044,6
8044,8
8045,1
8045,8
8045,17
8057,8
8057,14
8092,11
8093,1
8093,2
8093,8
8093,16
8094,8
8094,13
8094,16
8094,18
8117,1
8117,5
8117,6
8118,1
8119,8
8121,5
8121,8
8125,8
8125,14
8126,8
8126,13
8126,16
8128,8
8128,17
8131,5
8132,8
8136,6
8136,11
8137,11
8138,11
8142,1
8142,6
8142,16
8143,8
8143,14
8153,8
8154,5
8154,8
8167,2
8167,14
8169,18
8183,5
8183,8
8189,5
8189,9
8190,5
8190,8
8190,14
8190,17
8191,8
8191,14
8195,8
8196,5
8196,8
8197,8
8197,14
8199,8
8199,9
8199,13
8207,1
8207,16
8225,11
8228,6
8228,13
8232,5
8232,14
8235,5
8235,14
8236,8
8236,16
8238,5
8238,6
8241,1
8241,2
8241,5
8241,16
8253,2
8253,3
8253,5
8253,6
8254,5
8254,8
8254,9
8254,14
8261,8
8264,7
8266,8
8266,14
8268,1
8268,6
8268,16
8270,5
8270,8
8270,14
8275,5
8275,8
8275,14
8293,5
8293,8
8293,14
8302,5
8302,6
8302,8
8302,14
8327,8
8327,14
8331,5
8331,14
8335,8
8335,14
8336,5
8336,14
8337,5
8338,8
8341,2
8341,5
8341,6
8341,8
8360,3
8360,5
8360,9
8360,14
8361,2
8361,16
8362,5
8363,5
8364,8
8366,5
8368,2
8368,9
8369,6
8369,13
8369,16
8370,1
8370,2
8370,8
8371,1
8372,5
8375,7
8378,8
8379,8
8380,1
8380,5
8383,5
8383,14
8385,5
8385,14
8387,5
8387,6
8391,5
8391,8
8402,5
8402,14
8405,8
8405,11
8410,6
8410,16
8424,3
8424,5
8425,5
8425,9
8425,11
8426,3
8446,8
8446,17
8447,2
8447,11
8450,8
8450,14
8451,6
8451,8
8454,5
8454,8
8456,8
8456,16
8458,8
8459,8
8459,14
8461,5
8461,7
8461,8
8462,8
8463,8
8464,7
8465,6
8465,8
8477,8
8477,14
8481,2
8481,8
8481,17
8482,8
8482,9
8482,11
8484,8
8484,17
8487,5
8487,14
8492,8
8492,9
8493,1
8493,8
8493,17
8494,8
8495,6
8495,8
8500,1
8500,2
8501,1
8501,11
8501,16
8502,8
8502,14
8506,8
8506,16
8507,8
8507,11
8511,5
8511,14
8512,5
8518,8
8518,14
8521,8
8521,11
8526,1
8526,2
8526,5
8528,5
8529,5
8529,8
8530,8
8531,5
8531,6
8532,8
8533,8
8533,14
8534,2
8534,8
8535,8
8542,5
8571,5
8571,8
8575,5
8575,8
8575,14
8577,7
8578,1
8578,5
8578,11
8580,8
8580,9
8581,8
8582,7
8587,7
8591,2
8591,16
8593,6
8593,8
8593,16
8596,5
8596,6
8596,13
8600,6
8600,8
8601,7
8604,1
8604,2
8604,5
8604,6
8605,1
8605,5
8605,6
8607,3
8607,5
8607,8
8610,5
8610,9
8610,14
8611,5
8611,14
8614,5
8614,14
8617,8
8620,5
8620,8
8620,9
8622,7
8623,5
8623,14
8626,11
8632,5
8632,8
8632,14
8633,1
8633,2
8636,1
8636,2
8638,8
8638,14
8640,1
8640,2
8640,8
8640,17
8643,5
8643,14
8644,1
8645,6
8645,8
8645,16
8650,8
8656,6
8656,8
8665,1
8665,8
8665,16
8666,1
8666,6
8666,9
8667,8
8667,14
8670,5
8684,8
8684,16
8685,8
8690,8
8690,17
8695,5
8695,14
8711,5
8712,5
8712,14
8713,2
8713,9
8714,8
8718,3
8720,5
8724,8
8727,8
8730,1
8730,8
8730,17
8738,5
8738,8
8738,14
8748,5
8748,14
8753,7
8754,8
8755,7
8765,6
8765,13
8765,16
8771,6
8771,13
8771,16
8772,8
8772,16
8773,6
8773,13
8773,16
8774,6
8774,13
8774,16
8778,6
8778,13
8778,16
8781,16
8781,17
8782,1
8782,2
8782,5
8783,8
8783,13
8783,16
8784,5
8784,8
8784,14
8795,3
8795,8
8796,5
8796,14
8798,6
8798,8
8798,16
8799,5
8799,8
8799,14
8800,8
8800,16
8807,2
8807,5
8808,5
8808,8
8808,14
8809,5
8809,8
8809,14
8813,8
8813,14
8814,1
8814,2
8814,5
8814,13
8815,11
8815,13
8827,5
8831,6
8831,16
8832,1
8832,2
8832,8
8833,8
8833,14
8835,1
8835,8
8835,16
8836,8
8836,13
8836,14
8836,16
8838,8
8838,14
8840,8
8840,14
8844,8
8848,5
8848,8
8860,1
8860,6
8860,8
8860,16
8861,1
8861,11
8864,5
8864,8
8865,1
8865,2
8865,13
8865,16
8866,5
8866,14
8869,5
8869,8
8869,14
8870,5
8870,8
8873,8
8874,5
8874,11
8875,8
8879,8
8879,13
8879,16
8880,8
8894,11
8894,16
8905,1
8905,2
8905,8
8906,11
8907,1
8907,3
8907,5
8908,1
8908,8
8908,16
8910,5
8910,14
8911,6
8911,8
8911,13
8912,1
8912,5
8912,6
8912,16
8914,5
8914,13
8915,5
8915,14
8917,1
8917,2
8917,5
8919,8
8919,14
8920,8
8921,5
8928,5
8928,11
8933,5
8933,8
8937,8
8938,7
8938,8
8939,8
8939,13
8939,16
8946,5
8946,14
8947,11
8947,13
8947,16
8948,5
8948,8
8948,14
8949,5
8949,8
8949,14
8950,8
8950,16
8951,5
8952,8
8954,7
8955,8
8955,16
8958,8
8959,8
8959,13
8961,1
8961,2
8961,3
8964,8
8964,14
8965,2
8965,3
8965,9
8966,8
8967,5
8967,11
8968,1
8968,5
8968,6
8968,8
8969,8
8970,8
8970,9
8972,1
8972,2
8972,13
8972,16
8973,6
8973,8
8977,1
8977,2
8977,8
8977,14
8977,17
8978,5
8979,7
8981,8
8981,14
8982,2
8982,8
8983,1
8983,2
8983,8
8984,6
8984,16
8985,1
8985,11
8987,7
8989,5
8998,7
9004,1
9005,8
9005,13
9005,16
9008,11
9010,5
9010,8
9010,14
9018,7
9018,17
25746,8
25746,11
25746,14
25750,1
25750,5
25750,13
25752,5
25752,14
25753,6
25753,8
25757,8
25769,1
25769,5
25769,8
25769,14
25771,11
25773,1
25773,6
25773,8
25782,5
25788,1
25788,6
25788,8
25788,16
25795,5
25795,8
25797,5
25797,8
25805,5
25805,8
25805,14
25826,5
25826,14
25827,5
25827,8
25827,14
25833,8
25833,14
25834,2
25834,8
25841,5
25841,8
25850,5
25850,8
25850,14
25855,6
25855,8
25855,16
25856,8
25856,14
25870,5
25870,9
25870,14
25886,8
25886,14
25887,5
25887,8
25887,14
25898,8
25905,5
25905,14
25905,17
25923,8
25923,14
25927,6
25927,16
25946,2
25946,14
25947,5
25947,14
25952,8
25952,13
25952,14
25959,5
25959,14
25959,18
25962,1
25962,2
25962,14
25996,8
25996,14
25999,6
25999,8
25999,14
26002,5
26002,8
26003,7
26038,5
26038,14
26048,8
26048,17
26052,6
26052,8
26059,8
26073,8
26073,17
26078,8
26082,1
26082,8
26084,5
26084,14
26095,5
26095,8
26095,17
26116,11
26116,13
26116,16
26122,11
26124,2
26131,8
26131,17
26133,3
26133,5
26142,17
26142,18
26147,5
26147,8
26147,14
26150,8
26151,8
26152,8
26158,5
26158,8
26158,17
26159,1
26159,6
26159,16
26171,5
26176,7
26176,8
26183,2
26183,3
26183,5
26184,2
26184,5
26184,6
26195,7
26198,5
26225,8
26225,14
26231,6
26231,8
26236,1
26236,2
26236,5
26236,8
26236,14
26236,17
26237,8
26242,1
26242,16
26249,1
26249,5
26249,18
26265,5
26265,11
26283,1
26283,6
26283,8
26283,16
26285,8
26303,11
26303,13
26303,16
26308,8
26308,14
26313,5
26313,8
26317,8
26317,14
26322,1
26322,6
26322,8
26322,16
26326,8
26340,2
26340,3
26340,5
26344,1
26344,6
26344,16
26347,5
26347,14
26350,3
26357,11
26357,16
26359,8
26365,1
26365,2
26365,16
26366,7
26375,1
26375,5
26375,6
26375,14
26375,16
26386,5
26386,13
26386,16
26391,8
26391,14
26394,8
26394,14
26399,1
26399,8
26399,9
26399,13
26401,1
26401,8
26409,11
26413,1
26413,5
26429,5
26429,11
26429,14
26444,2
26444,5
26464,1
26464,8
26464,16
26467,8
26471,5
26472,2
26472,8
26492,9
26492,11
26498,8
26498,14
26504,1
26504,2
26510,2
26510,9
26523,11
26523,16
26524,7
26527,5
26527,8
26528,8
26539,8
26542,2
26542,9
26547,1
26547,5
26547,6
26554,8
26554,16
26555,2
26555,5
26562,8
26562,16
26564,8
26567,5
26567,8
26567,14
26578,8
26585,1
26585,6
26585,8
26590,7
26593,1
26593,5
26599,5
26599,8
26599,14
26599,16
26603,11
26606,1
26606,9
26622,8
26629,5
26629,11
26630,9
26631,8
26645,5
26662,3
26662,9
26680,5
26681,1
26681,6
26681,16
26681,17
26686,5
26686,9
26694,8
26695,6
26695,8
26696,1
26701,1
26701,3
26701,13
26704,6
26704,8
26704,16
26712,7
26713,6
26713,8
26713,14
26717,9
26717,11
26726,5
26726,8
26729,7
26732,5
26736,1
26736,5
26736,6
26736,16
26741,5
26741,9
26741,14
26743,3
26743,8
26743,14
26745,5
26745,8
26745,14
26750,18
26764,1
26764,2
26764,17
26765,1
26765,2
26765,5
26765,14
26776,2
26776,3
26776,9
26777,8
26782,8
26791,8
26791,14
26791,16
26791,17
26792,1
26792,2
26792,8
26796,8
26796,14
26797,7
26810,5
26810,6
26810,8
26812,5
26812,8
26819,1
26819,16
26828,5
26838,5
26838,8
26840,1
26840,6
26840,16
26849,7
26854,1
26854,11
26854,16
26861,5
26861,11
26870,5
26871,5
26871,14
26875,6
26875,8
26875,13
26875,16
26887,7
26900,5
26900,8
26901,2
26901,13
26901,16
26901,18
26903,3
26903,8
26913,1
26913,3
26940,5
26940,8
26947,1
26947,6
26947,8
26958,5
26958,8
26958,14
26965,8
26965,14
26974,5
26974,8
26985,1
26985,8
26985,16
26999,2
26999,3
26999,8
26999,14
27003,1
27003,2
27003,9
27003,11
27006,8
27008,1
27008,6
27008,11
27008,16
27020,8
27020,14
27022,1
27022,5
27022,6
27022,8
27022,13
27022,16
27032,1
27032,2
27032,5
27032,16
27036,8
27036,13
27075,5
27075,9
27075,11
27105,9
27105,18
27124,6
27124,8
27134,1
27134,6
27134,9
27134,13
27134,16
27140,11
27140,16
27155,1
27155,2
27155,3
27156,3
27156,8
27156,9
27176,7
27178,2
27178,5
27178,14
27186,2
27186,3
27186,9
27193,1
27193,2
27193,5
27193,6
27246,8
27246,14
27255,8
27266,8
27266,14
27306,5
27306,8
27317,8
27317,11
27320,5
27320,8
27320,9
27320,13
27328,5
27328,6
27328,13
27328,16
27368,2
27368,5
27368,9
27369,3
27369,5
27370,5
27370,14
27373,8
27397,1
27397,8
27397,16
27408,6
27408,16
27416,5
27416,8
27420,5
27420,8
27420,14
27426,1
27426,5
27426,16
27434,11
27441,3
27441,9
27441,11
27450,18
27473,11
27473,16
27478,5
27480,5
27480,6
27480,8
27482,13
27482,16
27491,5
27513,5
27513,8
27523,5
27523,8
27523,14
27537,3
27539,5
27539,14
27549,8
27563,5
27563,8
27563,11
27595,8
27604,8
27604,11
27604,16
27611,6
27611,8
27618,1
27618,2
27618,16
27619,2
27619,3
27619,5
27644,5
27644,8
27644,14
27660,3
27664,8
27667,11
27667,13
27674,5
27674,6
27674,16
27683,1
27683,5
27683,11
27683,18
27685,5
27689,1
27689,6
27689,16
27692,8
27692,17
27692,18
27695,3
27704,1
27704,16
27705,1
27705,8
27705,16
27706,2
27706,5
27716,5
27721,8
27721,14
27721,17
27722,1
27722,8
27722,16
27728,3
27728,8
27731,2
27731,3
27731,8
27731,9
27741,8
27741,14
27746,8
27746,9
27746,11
27746,16
27762,5
27768,8
27768,14
27769,8
27769,14
27772,11
27773,1
27773,8
27773,13
27773,16
27776,6
27776,13
27776,16
27778,8
27778,9
27778,11
27778,16
27778,18
27784,9
27784,11
27784,13
27788,8
27788,9
27788,13
27788,16
27790,5
27790,6
27790,8
27793,1
27793,2
27793,11
27802,1
27802,6
27802,16
27803,8
27808,5
27808,8
27815,5
27815,8
27816,1
27816,2
27816,8
27816,17
27820,7
27820,8
27821,6
27821,16
27822,11
27822,16
27826,5
27826,14
27829,7
27830,8
27831,6
27831,8
27831,16
27834,8
27834,13
27837,1
27837,2
27837,8
27838,6
27838,8
27839,3
27846,7
27850,5
27850,7
27866,8
27866,13
27866,16
27869,1
27869,2
27869,8
27869,17
27873,7
27879,7
27882,7
27899,5
27899,7
27899,8
27904,3
27904,16
27905,8
27905,11
27912,7
30707,8
30745,5
30745,6
30745,11
30745,13
30745,16
30749,8
30749,17
30793,2
30793,5
30793,9
30803,6
30803,8
30803,14
30810,2
30810,5
30810,8
30812,8
30816,8
30816,14
30816,16
30818,8
30820,6
30820,8
30822,5
30822,8
30822,14
30825,5
30825,14
30846,6
30846,8
30846,16
30850,8
30850,14
30883,5
30883,9
30890,8
30892,8
30894,8
30894,11
30894,16
30994,5
30994,14
31000,5
31000,14
31030,8
31038,8
31038,16
31049,5
31049,8
31049,16
31086,7
31114,5
31114,8
31116,8
31116,17
31123,5
31123,6
31150,3
31150,9
31162,5
31162,8
31162,14
31184,1
31184,3
31193,5
31221,1
31221,2
31221,9
31223,5
31225,8
31260,8
31297,5
31309,6
31309,8
31309,14
31364,6
31364,8
31364,16
31410,8
31410,17
31420,5
31424,1
31424,9
31424,11
31427,11
31427,13
31431,8
31431,11
31431,13
31431,16
31433,5
31433,14
31435,8
31437,8
31445,1
31445,5
31522,8
31545,6
31545,8
31545,16
31553,1
31553,2
31553,5
31553,9
31590,7
31610,8
31610,17
31617,1
31617,8
31617,14
31617,17
31658,2
31658,3
31658,9
31660,3
31660,9
31664,1
31664,2
31664,5
31664,14
31685,5
31685,8
31685,14
31692,5
31692,8
31694,5
31694,8
31694,14
31696,1
31696,9
31696,11
31698,2
31698,5
31698,9
31700,5
31700,8
31702,8
31737,13
31737,16
31804,1
31804,9
31804,16
31867,1
31867,5
31878,1
31878,5
31878,6
31878,9
31903,8
31903,14
31909,5
31909,11
31921,13
31921,16
31923,1
31923,2
31923,14
31925,2
31925,5
31925,14
31952,5
31952,6
31952,8
31952,16
31973,8
32009,5
32009,8
32009,14
32011,5
32017,1
32017,5
32019,5
32019,6
32022,7
32022,17
32029,1
32029,6
32029,16
32058,6
32058,8
32060,5
32060,11
32060,13
32116,5
32116,9
32160,5
32160,14
32179,6
32179,8
32179,16
32213,13
32213,16
32234,8
32234,14
32234,16
32243,1
32243,5
32289,5
32289,8
32291,5
32291,8
32291,14
32294,8
32296,1
32296,5
32298,5
32298,14
32300,1
32300,5
32300,14
32302,7
32314,2
32314,5
32314,11
32371,6
32371,8
32387,1
32387,8
32392,1
32392,5
32392,18
32440,7
32442,5
32456,2
32456,3
32456,9
32460,1
32460,5
32460,6
32460,8
32469,5
32469,6
32511,1
32511,2
32511,9
32515,8
32515,18
32554,3
32554,9
32584,8
32587,6
32587,16
32589,5
32589,14
32596,1
32596,2
32596,5
32596,8
32596,13
32598,5
32598,14
32620,5
32620,14
32632,1
32632,5
32632,6
32632,8
32632,13
32649,8
32649,14
32657,3
32657,8
32657,9
32659,5
32666,5
32728,8
32728,13
32728,16
32743,8
32743,11
32743,16
32770,8
32770,17
32799,8
32799,14
32862,5
32862,14
32875,5
32892,8
32892,17
32898,2
32906,8
32906,17
32914,8
32914,11
32917,5
32917,14
33004,2
33004,5
33085,11
33090,3
33090,5
33124,8
33126,2
33126,5
33126,8
33126,18
33132,1
33132,6
33132,8
33138,5
33138,8
33145,5
33145,8
33145,14
33148,5
33148,6
33158,1
33158,2
33158,6
33158,16
33162,1
33162,2
33162,8
33162,17
33164,11
33164,13
33164,16
33166,8
33171,8
33188,5
33188,14
33201,8
33201,14
33201,16
33237,8
33237,14
33294,3
33294,9
33294,11
33310,8
33312,5
33421,5
33421,6
33421,8
33421,14
33435,7
33437,1
33437,6
33493,1
33493,2
33495,5
33499,5
33499,14
33558,2
33558,8
33564,5
33564,6
33615,2
33615,3
33615,5
33629,1
33629,2
33629,5
33639,7
33644,8
33644,11
33646,5
33646,6
33646,8
33649,5
33649,8
33649,14
33660,8
33660,14
33669,5
33669,8
33669,14
33672,1
33672,8
33677,1
33677,7
33679,1
33679,5
33679,8
33679,16
33681,2
33683,11
33683,13
33683,16
33725,5
33725,8
33779,5
33781,8
33781,14
33794,1
33794,6
33794,8
33801,1
33801,2
33801,9
33801,16
33815,5
33815,8
33815,14
33826,5
33826,8
33830,2
33830,5
33830,9
33830,14
33834,11
33834,16
33836,5
33836,9
33836,14
33838,7
33880,5
33880,8
33893,8
33896,11
33966,1
33966,5
34018,5
34048,2
34048,16
34072,7
34129,5
34143,11
34143,13
34148,6
34148,8
34150,1
34150,9
34153,7
34164,5
34164,8
34164,14
34271,6
34271,8
34292,11
34292,16
34312,5
34319,1
34319,2
34319,16
34321,5
34323,6
34323,8
34323,11
34326,8
34330,8
34330,16
34332,2
34332,5
34336,5
34336,14
34338,5
34338,7
34397,1
34397,2
34397,5
34405,1
34405,2
34405,16
34437,5
34437,8
34437,13
34437,14
34450,1
34450,5
34450,6
34450,8
34482,8
34520,1
34520,2
34520,5
34523,5
34523,8
34528,5
34528,8
34530,5
34532,8
34532,11
34532,13
34532,16
34534,1
34534,6
34536,1
34536,17
34540,5
34542,7
34800,5
34811,1
34811,6
34811,8
35015,2
35015,8
35347,3
35347,8
35807,5
35836,5
35836,14
35957,13
35957,16
36289,2
36289,5
36289,9
36363,2
36363,5
36397,2
36397,3
36397,5
36397,17
36401,1
36401,2
36401,5
36401,9
36401,16
36477,5
36477,14
36509,1
36509,2
36509,11
36509,16
36517,8
36517,13
36517,16
36519,1
36519,6
36519,16
36525,5
36525,9
36525,14
36527,8
36527,13
36529,6
36529,8
36529,16
36533,11
36533,16
36535,5
36535,8
36537,5
36537,8
36850,1
36850,6
36850,16
36931,1
36931,6
36931,8
36931,16
37211,5
37211,18
37240,7
37380,1
37380,11
37382,1
37382,6
37382,8
37382,16
37384,5
37384,14
37444,5
37444,11
37475,8
37477,1
37477,5
37477,6
37495,5
37495,13
37495,16
37545,8
37720,6
37720,8
37720,11
37720,16
37727,8
37727,13
37727,16
37729,3
37729,9
37729,14
37731,6
37731,8
37733,6
37733,8
37733,16
37736,6
37736,8
37739,8
37741,6
37741,8
37830,1
37830,2
37830,3
37830,9
37844,5
37844,8
37853,1
37853,2
37853,6
37853,16
37857,9
38038,2
38038,3
38038,5
38061,5
38061,6
38061,13
38061,16
38095,1
38095,6
38095,8
38159,8
38164,8
38164,14
38198,3
38304,5
38388,8
38583,1
38886,5
38886,8
38992,5
38992,6
38992,8
38992,16
39183,8
39183,14
39231,5
39231,8
39231,14
39234,8
39292,8
39307,8
39381,1
39381,2
39381,6
39381,8
39381,16
39381,18
39400,11
39400,13
39414,5
39414,8
39414,14
39435,1
39435,2
39435,18
39449,5
39449,8
39449,14
39516,8
39516,14
39715,5
39801,1
39801,5
39801,9
39869,8
40148,6
40148,8
40148,13
40148,16
40278,8
40278,17
40339,3
40339,5
40412,6
40412,8
40412,16
40414,8
40414,14
40414,17
40478,11
40491,8
40578,1
40578,8
40581,5
40581,14
40583,8
40583,16
40597,5
40597,8
40614,8
40614,16
40617,11
40617,13
40617,16
40629,8
40629,14
40723,11
40723,16
40732,2
40732,11
40815,2
40815,9
40819,8
40819,14
40826,8
40826,14
40851,2
40870,5
40870,8
40946,5
40955,5
40959,5
40959,6
40959,8
40959,16
40962,5
40962,14
40966,8
40966,14
41014,11
41014,13
41014,16
41285,8
41285,14
41285,16
41527,6
41527,8
41527,16
41527,17
41566,2
41566,9
41569,1
41569,2
41569,8
41571,8
41571,14
41573,5
41573,8
41573,14
41617,6
41617,8
41627,1
41627,8
41716,1
41716,5
41716,6
41716,8
41716,16
41724,7
41769,5
41769,8
41769,14
41828,5
41828,17
41997,3
42002,5
42004,2
42004,5
42004,8
42007,5
42007,14
42009,2
42009,5
42011,5
42011,6
42013,5
42015,2
42015,5
42015,8
42015,14
42018,5
42018,8
42176,8
42176,13
42176,16
42191,3
42191,5
42285,11
42285,16
42418,8
42418,14
42422,3
42422,14
42556,5
42556,9
42556,18
42559,1
42559,8
42602,7
42632,8
42632,16
42638,2
42638,5
42638,8
42718,1
42718,16
42723,11
42725,5
42728,8
42728,14
42730,8
42732,2
42732,5
42732,8
42734,3
42734,5
42734,6
42734,13
42740,5
42761,5
42761,9
42943,2
42943,8
42943,17
42946,1
42946,2
42946,5
43289,2
43289,5
43289,8
43333,8
43333,14
43376,8
43396,2
43396,8
43419,1
43419,5
43419,6
43419,18
43460,5
43549,8
43556,1
43556,8
43558,5
43558,6
43560,5
43560,9
43677,8
43677,17
43679,11
43679,13
43684,5
43684,8
43684,14
43708,5
43744,5
43744,8
43744,14
43836,2
43836,5
43836,6
43836,13
43869,2
43869,3
43869,5
43904,11
43904,13
43912,6
43912,13
43912,16
43914,5
43914,8
43917,2
43917,8
43919,5
43919,14
43921,1
43921,6
43921,8
43921,16
43928,1
43928,16
43930,5
43930,8
43930,9
43930,14
43932,8
43932,11
43932,13
43936,1
43936,2
43936,6
43936,16
44004,5
44004,14
44020,1
44020,2
44020,3
44022,5
44189,5
44189,8
44189,13
44191,1
44191,16
44193,5
44193,14
44195,5
44195,8
44197,5
44197,6
44197,8
44199,6
44199,8
44199,16
44204,6
44204,8
44225,5
44225,9
44225,14
44238,5
44238,11
44241,5
44241,11
44241,14
44243,5
44243,11
44301,5
44301,8
44397,11
44397,16
44399,5
44511,7
44555,8
44555,16
44597,1
44597,6
44597,13
44597,16
44613,8
44633,7
44657,8
44665,6
44665,8
44665,13
44665,16
44694,5
44694,8
44694,14
44709,8
44719,8
44731,11
44731,13
44759,6
44759,13
44759,16
44761,6
44761,8
44761,13
44773,5
44773,11
44777,5
44777,11
44788,7
44828,5
44828,11
44840,3
44849,1
44849,3
44851,5
44929,8
44929,14
44931,8
44937,8
44943,7
44972,5
44974,8
44974,16
45028,5
45028,8
45062,1
45062,6
45062,16
45074,1
45074,2
45074,3
45074,5
45081,11
45081,13
45106,5
45106,8
45175,5
45175,8
45183,1
45183,6
45183,8
45183,16
45186,1
45186,2
45186,16
45208,2
45208,5
45210,1
45210,6
45210,8
45210,16
45221,5
45221,8
45361,11
45361,13
45361,16
45382,8
45382,14
45382,16
45382,18
45440,5
45440,8
45442,1
45442,2
45442,8
45442,16
45447,13
45447,16
45499,1
45499,2
45499,16
45501,5
45501,14
45503,8
45517,2
45517,3
45517,5
45635,5
45635,8
45648,5
45648,8
45658,8
45666,5
45668,8
45668,9
45668,14
45672,5
45672,8
45672,9
45722,1
45722,2
45722,9
45726,5
45726,14
45728,5
45730,8
45730,9
45730,13
45732,5
45732,14
45880,8
45928,7
45950,7
45969,5
45969,14
46062,5
46062,8
46062,14
46105,5
46105,14
46231,8
46322,1
46322,8
46335,1
46335,6
46335,8
46335,16
46337,8
46347,7
46367,6
46367,8
46367,14
46367,16
46530,1
46530,2
46559,8
46572,8
46572,16
46574,5
46574,14
46578,5
46578,8
46664,8
46664,16
46723,8
46772,5
46850,7
46855,8
46855,16
46855,17
46862,5
46862,8
46865,5
46865,6
46948,3
46948,5
46965,1
46965,2
46965,6
46965,11
46965,16
46967,6
46967,8
46970,5
46972,5
46972,9
46974,8
46974,16
46976,5
46976,8
46976,9
46976,14
47044,1
47044,6
47044,16
47099,8
47122,5
47122,14
47124,2
47124,3
47124,5
47124,9
47200,1
47200,6
47200,16
47202,8
47202,14
47254,1
47254,6
47254,8
47261,6
47261,11
47261,13
47261,16
47382,6
47382,8
47382,14
47384,1
47384,2
47384,5
47404,2
47404,3
47404,5
47404,8
47404,9
47404,14
47423,8
47446,8
47446,13
47465,8
47465,9
47465,16
47491,5
47491,8
47516,5
47516,14
47518,5
47538,1
47538,5
47566,6
47566,8
47566,16
47610,8
47610,9
47610,14
47610,16
47629,8
47640,5
47644,8
47646,6
47646,8
47721,5
47721,8
47721,9
47725,5
47725,8
47725,9
47725,14
47736,5
47774,5
47793,5
47793,8
47793,14
47810,11
47810,13
47810,16
47894,8
47894,17
47937,5
47937,11
47937,16
47950,6
47950,8
47950,13
47952,1
47952,2
47952,9
47952,11
47970,5
47970,8
47970,14
47978,8
47997,2
47997,5
47999,7
48001,8
48032,5
48032,8
48032,14
48043,2
48043,8
48043,14
48082,5
48082,8
48082,9
48142,6
48142,8
48142,16
48150,11
48150,13
48150,16
48161,6
48161,8
48214,8
48262,7
48304,1
48304,8
48319,1
48319,2
48319,8
48319,14
48319,17
48322,1
48322,5
48322,7
48326,8
48326,16
48342,8
48342,14
48385,5
48394,8
48394,9
48394,17
48412,1
48412,2
48412,8
48414,2
48414,3
48414,5
48416,5
48416,14
48516,6
48516,8
48516,16
48518,11
48518,16
48520,5
48520,14
48560,5
48560,8
48593,5
48593,14
48593,16
48596,1
48598,8
48638,8
48649,7
48678,1
48678,11
48696,8
48696,14
48698,6
48698,7
48738,5
48741,7
48744,5
48744,8
48744,14
48774,1
48774,16
48780,8
48780,13
48783,8
48783,17
48872,1
48872,16
48877,6
48877,11
48877,16
48879,1
48879,8
48879,16
48883,6
48883,8
48883,13
48883,16
48982,2
48982,3
48982,5
48997,6
48997,8
48997,9
49013,2
49013,5
49110,1
49110,2
49110,5
49130,7
49132,5
49220,5
49263,7
49263,8
49265,8
49272,1
49272,2
49272,16
49274,3
49274,5
49276,5
49276,6
49278,1
49278,16
49280,8
49284,5
49284,8
49286,8
49314,1
49314,6
49314,8
49314,16
49347,5
49347,8
49389,1
49389,2
49389,6
49389,18
49396,2
49396,5
49396,9
49524,8
49530,1
49530,8
49530,16
49647,5
49647,9
49649,1
49649,2
49649,9
49651,8
49666,8
49688,1
49688,8
49688,16
49688,17
49735,5
49735,14
49772,8
49772,14
49793,8
49822,8
49822,16
49824,8
49910,5
49932,8
49932,9
49932,11
49932,13
49932,16
49957,8
49961,8
49961,14
50003,1
50003,2
50003,16
50005,1
50005,8
50005,9
50064,8
50064,13
50064,14
50064,16
50064,17
50068,1
50068,8
50068,17
50147,11
50147,13
50158,8
50160,8
50160,14
50189,5
50274,8
50354,5
50356,5
50440,1
50440,2
50440,11
50442,6
50442,8
50442,16
50445,6
50445,11
50445,16
50514,8
50601,2
50601,8
50610,5
50613,1
50613,5
50613,11
50658,7
50685,8
50740,7
50792,5
50792,8
50792,14
50794,1
50794,5
50794,6
50794,16
50796,8
50796,9
50796,11
50796,14
50800,11
50800,13
50800,16
50802,5
50802,14
50804,6
50804,11
50804,16
50806,5
50842,5
50851,7
50872,3
50872,5
50872,9
50912,8
50912,14
50923,2
50923,5
50923,8
50942,5
50954,5
50954,9
50954,14
50999,3
50999,5
51037,13
51037,16
51077,1
51077,9
51077,16
51080,6
51080,8
51080,16
51082,5
51082,8
51082,14
51084,5
51084,14
51086,6
51086,13
51086,16
51088,1
51088,5
51088,6
51091,8
51167,8
51174,8
51255,1
51255,5
51255,6
51412,1
51412,16
51471,8
51498,5
51498,11
51540,6
51540,13
51540,16
51545,1
51545,6
51545,16
51562,1
51562,2
51573,9
51573,13
51575,1
51575,2
51575,5
51662,1
51662,2
51662,17
51666,11
51666,16
51694,5
51694,8
51694,14
51705,5
51705,8
51705,14
51709,8
51709,11
51834,8
51834,14
51884,8
51903,5
51903,6
51903,8
51925,8
51925,13
51925,16
51927,11
51931,8
51933,8
51935,1
51935,8
51935,16
51937,11
51939,2
51939,3
51939,5
52241,6
52241,8
52241,16
52245,5
52279,5
52281,7
52283,11
52287,2
52287,3
52287,5
52299,7
52319,1
52319,2
52319,17
52375,5
52375,8
52435,3
52435,5
52458,8
52458,13
52458,16
52462,1
52462,2
52462,3
52462,5
52462,9
52579,8
52604,16
52644,11
52644,16
52668,5
52668,8
52668,14
52694,5
52712,9
52712,13
52712,16
52715,5
52722,1
52722,2
52724,8
52724,14
52730,5
52784,7
52831,3
52831,5
52867,6
52867,8
52885,3
52885,16
52950,1
52950,2
52950,9
52950,11
52950,16
52952,6
52952,8
52967,8
52967,14
52973,5
52973,8
52973,14
52975,5
52975,8
52975,14
53022,1
53022,5
53022,6
53022,14
53024,7
53121,2
53121,3
53121,5
53121,9
53123,8
53123,14
53125,5
53127,8
53127,11
53127,16
53129,6
53129,16
53138,6
53138,8
53140,1
53140,2
53140,9
53161,5
53161,8
53161,14
53280,11
53280,16
53318,5
53318,8
53318,14
53326,7
53355,5
53435,11
53447,6
53447,8
53447,13
53450,5
53450,11
53453,9
53460,3
53460,5
53464,1
53464,2
53466,2
53466,5
53466,6
53466,13
53468,5
53468,8
53468,11
53468,14
53519,1
53519,16
53550,2
53550,8
53550,17
53574,5
53578,5
53808,5
53894,5
53894,7
53894,8
53921,8
53921,16
53953,11
53953,13
53956,5
53956,8
53974,5
53993,5
53993,9
53996,1
53996,2
54001,2
54001,9
54004,5
54004,14
54121,8
54121,14
54121,18
54190,8
54190,9
54190,14
54256,1
54256,5
54259,2
54259,9
54259,14
54272,3
54272,5
54274,11
54274,13
54274,16
54276,5
54276,8
54276,14
54281,5
54281,8
54281,14
54286,1
54286,8
54286,13
54286,16
54354,7
54372,6
54372,8
54372,13
54372,16
54503,5
54617,5
54648,1
54648,5
54648,6
54686,1
54686,2
54686,9
54686,17
54732,5
54732,6
54734,5
54736,1
54736,8
54736,16
54745,5
54745,8
54768,5
54771,11
54771,13
54771,16
54780,5
54780,8
54780,14
54785,11
54787,1
54787,6
54787,8
54787,16
54796,5
54796,14
54881,7
54908,1
54908,5
54908,6
54934,5
54962,8
54962,9
54962,13
54962,16
54995,1
54995,11
54995,16
54997,18
54999,1
54999,5
54999,6
54999,16
55020,5
55036,6
55036,8
55052,8
55052,14
55061,8
55067,8
55069,8
55071,7
55080,6
55080,8
55080,16
55094,6
55094,8
55094,13
55094,16
55110,8
55110,14
55112,5
55112,8
55112,14
55116,1
55116,2
55116,8
55116,16
55118,6
55118,13
55118,16
55167,6
55167,8
55190,5
55190,14
55232,1
55232,11
55241,5
55241,14
55245,5
55245,14
55247,2
55247,8
55250,5
55253,1
55253,8
55253,14
55253,16
55259,2
55259,8
55259,9
55259,16
55261,5
55261,14
55267,5
55267,8
55267,14
55269,2
55269,5
55269,8
55272,6
55272,8
55272,16
55274,8
55274,14
55276,6
55276,8
55276,16
55278,8
55278,13
55278,16
55280,5
55280,8
55280,14
55282,11
55282,16
55290,6
55290,8
55290,13
55294,1
55294,5
55294,8
55363,5
55391,1
55391,6
55391,8
55391,13
55391,16
55442,3
55442,8
55444,8
55451,5
55451,14
55492,11
55492,16
55553,5
55553,11
55555,8
55577,6
55577,11
55577,16
55620,7
55687,7
55729,5
55729,8
55765,6
55765,8
55768,3
55768,5
55805,6
55805,8
55805,16
55814,8
55820,6
55820,16
55820,18
55830,5
55830,8
55844,5
55854,8
55908,8
55946,1
55946,2
55946,8
55995,1
55995,2
55995,3
56003,5
56003,16
56012,5
56012,7
56060,5
56145,11
56145,16
56152,5
56152,9
56152,14
56156,6
56156,8
56156,13
56169,6
56169,13
56169,16
56171,2
56171,9
56174,8
56174,16
56176,3
56176,5
56176,9
56251,3
56251,5
56274,5
56274,8
56286,8
56333,5
56333,8
56336,11
56336,16
56339,8
56339,11
56339,16
56367,5
56367,8
56367,14
56379,7
56563,7
56587,5
56587,8
56607,8
56715,5
56715,8
56715,9
56715,14
56757,8
56757,11
56775,1
56775,2
56775,13
56775,16
56782,8
56788,5
56788,8
56801,1
56801,11
56801,16
56805,5
56837,5
56837,8
56837,14
56869,5
56915,2
56915,9
56921,1
56921,8
56921,16
56941,8
56941,14
56949,5
56949,14
57147,6
57147,8
57147,16
57183,8
57243,5
57243,8
57274,11
57274,13
57326,1
57326,2
57326,8
57326,9
57368,1
57368,16
57421,5
57421,11
57499,8
57499,17
57502,3
57502,9
57504,3
57504,8
57504,9
57522,1
57522,5
57526,6
57526,8
57526,11
57526,13
57526,16
57528,1
57528,16
57528,17
57532,5
57532,9
57536,2
57536,5
57637,11
57637,16
57640,1
57640,9
57669,5
57669,6
57669,8
57843,1
57843,6
57843,16
57910,5
57910,11
57951,2
57951,5
57951,14
58025,8
58047,5
58047,14
58078,6
58078,8
58078,16
58103,1
58103,6
58103,8
58103,16
58105,2
58105,8
58105,9
58107,8
58107,14
58154,8
58154,14
58156,5
58162,5
58162,14
58191,7
58287,7
58291,1
58291,2
58291,5
58293,1
58293,2
58293,8
58293,9
58299,2
58299,3
58299,5
58299,9
58301,8
58303,8
58303,17
58306,1
58306,17
58309,7
58309,17
58315,5
58315,14
58332,9
58332,11
58332,16
58347,5
58347,9
58347,14
58351,8
58376,7
58404,1
58404,2
58404,3
58425,7
58492,6
58492,8
58492,14
58559,1
58559,6
58559,16
58627,1
58627,8
58655,5
58783,8
58783,9
58783,13
58803,6
58803,8
58806,5
58806,8
58806,14
58826,1
58826,6
58826,16
58839,5
58839,8
58839,14
58842,1
58876,8
58876,17
58879,7
58964,11
58972,2
58972,5
58972,9
58975,11
58998,5
58998,8
58998,14
59014,1
59014,5
59016,1
59016,6
59016,8
59016,16
59018,6
59018,8
59022,2
59022,5
59026,5
59026,8
59037,1
59037,2
59037,5
59118,5
59118,8
59126,5
59126,7
59129,1
59129,2
59129,11
59131,1
59131,11
59131,16
59141,5
59143,5
59143,7
59220,5
59220,8
59220,14
59295,7
59306,8
59306,11
59306,13
59315,1
59315,2
59333,5
59333,14
59336,8
59369,1
59369,16
59387,2
59387,8
59387,9
59421,5
59421,14
59429,5
59440,8
59440,14
59501,2
59501,9
59549,8
59549,14
59604,6
59604,8
59604,11
59604,16
59667,5
59667,8
59667,14
59725,5
59725,8
59725,14
59727,11
59731,7
59738,11
59738,13
59738,16
59784,1
59784,3
59784,5
59784,8
59810,8
59814,5
59814,6
59814,8
59814,16
59900,1
59900,5
59915,5
59915,6
59915,8
59915,16
59947,1
59947,6
59985,5
59985,8
59985,14
59995,6
59995,8
60030,8
60030,11
60030,16
60037,16
60040,1
60040,2
60046,8
60046,17
60069,3
60072,1
60072,6
60072,16
60074,1
60074,9
60126,1
60126,5
60126,16
60141,5
60161,3
60161,5
60161,14
60289,5
60289,8
60289,13
60291,7
60293,5
60293,8
60293,14
60303,8
60303,11
60303,13
60333,7
60363,5
60363,11
60365,3
60389,1
60389,2
60389,8
60389,17
60397,5
60397,14
60408,5
60408,8
60408,14
60487,3
60487,5
60514,1
60514,2
60514,5
60516,2
60516,5
60522,1
60522,2
60522,5
60522,6
60522,11
60522,16
60538,11
60538,13
60647,6
60647,13
60647,16
60674,5
60684,1
60684,13
60735,8
60735,16
60737,5
60737,14
60753,1
60753,6
60753,8
60753,16
60756,5
60760,13
60760,16
60766,7
60803,3
60803,8
60818,9
60832,6
60832,11
60832,16
60857,8
60885,8
60885,16
60894,8
60894,14
60904,5
60904,8
60937,1
60937,2
60937,9
60941,9
60941,11
60941,13
60950,8
60950,14
60979,8
61011,6
61011,8
61011,13
61024,1
61024,5
61024,6
61026,1
61026,2
61026,8
61026,17
61071,2
61071,5
61071,8
61073,1
61073,16
61123,5
61123,8
61123,14
61132,1
61132,2
61132,5
61132,17
61160,1
61160,2
61160,3
61167,5
61167,8
61210,1
61210,2
61236,3
61236,7
61236,8
61236,17
61240,8
61240,11
61246,5
61248,1
61248,16
61250,5
61250,14
61255,5
61262,11
61262,13
61289,1
61289,2
61289,5
61289,16
61289,18
61319,5
61319,8
61323,5
61323,8
61348,5
61350,1
61350,2
61350,16
61352,1
61352,6
61352,8
61352,16
61394,5
61401,1
61401,6
61401,9
61401,16
61465,1
61465,6
61465,16
61628,8
61628,14
61692,11
61692,16
61697,6
61697,13
61697,16
61705,6
61705,8
61705,16
61729,5
61729,8
61729,9
61729,14
61818,1
61818,9
61818,11
61986,6
61986,8
61986,18
62008,1
62008,2
62008,3
62008,5
62008,11
62081,1
62081,13
62081,16
62113,5
62113,8
62113,14
62155,5
62155,14
62208,8
62250,6
62250,8
62293,8
62293,14
62299,1
62299,9
62299,11
62344,8
62344,14
62374,1
62374,8
62374,16
62376,2
62376,9
62383,1
62383,2
62383,8
62394,1
62394,6
62394,8
62434,5
62434,14
62437,8
62439,5
62439,14
62511,8
62553,7
62586,5
62586,9
62644,7
62662,7
62718,5
62718,8
62718,14
62792,6
62792,8
62792,13
62792,16
62799,8
62836,1
62836,2
62849,1
62849,6
62849,16
62956,1
62956,3
62956,5
62956,9
62970,6
62970,8
62970,13
62999,2
62999,3
62999,5
63033,8
63033,13
63033,16
63062,6
63062,8
63062,13
63072,2
63072,8
63082,8
63082,14
63113,1
63113,2
63113,16
63131,5
63179,5
63179,8
63179,9
63179,14
63222,1
63222,5
63222,6
63222,8
63239,9
63239,14
63276,1
63276,5
63276,6
63312,1
63312,9
63312,11
63393,5
63393,8
63393,14
63433,8
63436,6
63436,11
63436,16
63479,5
63515,5
63515,8
63540,2
63540,5
63540,14
63768,6
63768,8
63768,16
63808,8
63826,6
63826,11
63826,16
63853,2
63853,8
63853,14
63859,2
63859,3
63859,5
63876,8
63992,8
63992,9
63992,14
64010,11
64010,13
64010,16
64030,1
64030,6
64030,16
64032,5
64032,8
64032,14
64034,8
64034,17
64114,8
64114,14
64116,3
64116,5
64116,9
64116,11
64197,8
64231,1
64231,6
64278,7
64285,3
64285,5
64285,13
64285,14
64497,8
64497,16
64499,8
64499,17
64501,8
64501,17
64575,8
64614,8
64620,8
64622,8
64622,14
64695,1
64695,3
64716,8
64839,8
64839,14
64957,8
64957,9
64957,14
64969,5
64969,14
64983,8
64983,16
64983,17
64993,3
64993,8
64993,14
64997,3
64997,5
65037,8
65088,5
65088,9
65088,14
65130,8
65130,14
65133,5
65135,5
65188,6
65188,7
65193,5
65193,8
65193,14
65216,1
65216,8
65216,17
65225,7
65225,17
65230,5
65350,8
65350,16
65359,8
65514,1
65514,8
65577,2
65577,3
65585,5
65585,14
65588,2
65588,5
65588,9
65596,1
65596,6
65596,8
65596,16
65601,11
65601,16
65631,1
65631,8
65642,16
65682,1
65682,9
65682,16
65685,2
65685,9
65738,5
65740,5
65802,1
65802,2
65802,5
65810,8
65982,1
66090,11
66090,16
66097,3
66097,9
66171,1
66171,2
66171,16
66203,5
66203,8
66203,14
66240,5
66240,8
66240,9
66297,3
66297,5
66310,1
66310,8
66310,11
66310,16
66320,6
66320,7
66320,8
66335,1
66335,2
66335,3
66335,8
66335,9
66371,8
66509,5
66509,8
66511,5
66511,8
66665,5
66665,8
66665,14
66785,1
66785,2
66785,5
66785,18
66798,5
66798,13
66915,3
66915,5
66915,9
66943,5
66943,6
66943,11
66943,16
67087,5
67087,14
67168,5
67168,11
67186,8
67193,5
67193,6
67193,14
67197,1
67197,13
67197,16
67255,6
67255,8
67255,13
67255,16
67267,8
67295,1
67295,3
67361,1
67361,16
67408,2
67408,3
67508,1
67508,6
67508,8
67508,16
67534,5
67534,6
67618,5
67618,8
67618,14
67665,7
67695,5
67695,6
67695,8
67734,5
67734,8
67734,14
67788,5
67788,14
67888,5
67923,1
67923,6
67923,16
67997,5
68073,5
68073,8
68135,5
68135,8
68135,9
68135,14
68157,8
68157,16
68157,17
68159,6
68159,13
68159,16
68194,8
68205,1
68205,6
68205,16
68237,7
68269,8
68269,14
68319,1
68319,2
68347,1
68347,6
68347,8
68347,16
68358,1
68358,2
68444,5
68480,1
68480,5
68480,6
68480,8
68522,7
68536,7
68552,6
68552,8
68554,13
68554,16
68597,1
68597,16
68600,5
68650,8
68793,1
68793,2
68793,5
68793,9
68835,9
68835,14
68848,2
68848,5
68848,8
68848,14
68872,8
68872,17
68886,5
68886,14
68932,8
68945,3
68945,8
68954,2
68954,3
68954,5
68959,1
68959,2
68959,3
68959,8
69069,5
69118,6
69118,8
69118,13
69118,16
69122,5
69131,6
69131,8
69131,16
69140,8
69140,11
69140,16
69211,5
69211,11
69224,5
69224,8
69224,14
69227,5
69251,8
69251,9
69275,5
69275,11
69278,1
69278,2
69278,5
69304,5
69304,9
69306,1
69306,6
69306,16
69394,6
69394,8
69406,5
69406,8
69406,14
69436,2
69436,5
69453,1
69453,2
69469,2
69469,3
69469,5
69481,8
69481,16
69481,17
69495,5
69495,8
69516,6
69516,8
69516,13
69516,16
69524,8
69529,7
69529,8
69604,5
69604,14
69606,5
69606,9
69606,14
69640,6
69640,8
69644,2
69644,3
69644,5
69654,1
69654,8
69654,16
69712,8
69720,5
69720,11
69746,1
69746,2
69746,3
69746,11
69757,5
69757,8
69757,14
69784,5
69805,2
69805,5
69805,9
69849,7
69849,8
69904,8
69904,11
69904,16
69951,2
69951,9
69951,13
69953,7
69988,5
69988,8
70159,11
70159,16
70183,5
70183,14
70206,11
70206,16
70293,8
70293,14
70301,8
70301,16
70305,1
70305,2
70305,9
70305,16
70334,5
70334,8
70334,14
70336,1
70336,2
70336,16
70451,1
70451,6
70451,17
70492,18
70533,1
70533,3
70533,8
70545,5
70545,8
70565,5
70599,8
70599,9
70599,14
70637,8
70637,14
70641,5
70641,14
70663,5
70663,14
70687,5
70687,8
70687,14
70697,1
70697,2
70697,5
70697,9
70703,2
70708,8
70728,1
70728,6
70728,8
70862,7
70932,5
70932,14
70946,9
70946,11
70984,5
70984,8
70990,8
70994,11
71033,8
71033,13
71033,16
71057,1
71057,2
71057,3
71057,16
71106,5
71106,8
71106,14
71108,8
71108,13
71129,1
71129,2
71129,3
71129,9
71131,7
71147,6
71147,8
71147,16
71156,5
71156,17
71160,7
71205,5
71205,11
71211,5
71211,6
71211,8
71248,5
71252,11
71252,13
71264,3
71264,5
71268,5
71268,8
71282,7
71302,8
71302,11
71304,8
71304,11
71304,16
71327,8
71327,14
71341,11
71341,16
71429,5
71429,8
71438,8
71453,7
71462,7
71464,5
71464,8
71466,5
71466,8
71468,1
71468,9
71484,3
71484,8
71484,16
71494,1
71494,3
71494,5
71494,9
71494,11
71500,5
71500,9
71500,11
71518,8
71520,5
71520,9
71520,14
71530,1
71530,16
71535,5
71535,11
71550,5
71550,6
71550,13
71579,8
71579,14
71619,8
71640,7
71668,5
71668,14
71732,5
71732,8
71732,11
71745,2
71745,8
71745,9
71810,1
71810,2
71810,17
71823,5
71823,8
71823,14
71838,6
71838,8
71838,16
71867,5
71867,8
71899,3
71899,5
71899,8
71902,5
71902,14
71910,1
71910,11
71910,16
71970,2
71970,5
71999,8
71999,9
72011,8
72011,14
72129,11
72129,16
72142,1
72142,5
72142,8
72142,14
72165,1
72165,2
72165,9
72165,16
72167,1
72167,6
72167,16
72171,1
72171,5
72178,5
72178,8
72178,17
72224,5
72224,8
72226,2
72226,3
72226,5
72294,3
72294,8
72294,9
72308,1
72308,8
72330,5
72330,8
72330,14
72356,3
72356,5
72356,9
72378,1
72378,2
72395,8
72405,6
72405,8
72407,2
72407,8
72407,9
72407,14
72424,1
72424,16
72489,1
72489,2
72489,16
72554,1
72554,8
72554,16
72591,1
72591,16
72601,2
72601,3
72603,3
72605,8
72605,16
72605,17
72624,5
72624,8
72641,8
72692,3
72692,5
72694,5
72694,8
72696,5
72701,3
72714,7
72720,8
72720,14
72731,8
72731,9
72733,8
72737,3
72737,9
72737,14
72874,1
72874,16
72919,5
72919,8
72919,14
72982,7
72998,1
72998,2
73015,5
73015,14
73017,2
73017,6
73017,13
73106,5
73211,11
73211,13
73266,5
73266,8
73266,14
73268,1
73268,9
73290,8
73319,5
73319,14
73323,1
73323,6
73323,13
73323,16
73344,6
73344,8
73386,1
73386,6
73386,8
73386,16
73431,5
73431,6
73488,1
73488,2
73488,11
73488,16
73499,1
73499,2
73501,5
73515,5
73515,8
73515,14
73676,1
73676,5
73676,8
73681,5
73681,8
73741,1
73741,6
73741,8
73741,16
73804,3
73808,1
73808,6
73808,16
73822,5
73822,8
73854,2
73854,3
73854,9
73858,5
73858,9
73876,1
73876,6
73876,8
73876,16
73881,5
73881,8
73929,1
73929,9
73929,11
74075,5
74075,11
74089,5
74089,9
74095,3
74095,9
74095,11
74154,5
74154,9
74154,14
74226,7
74228,7
74275,5
74275,6
74275,8
74275,14
74282,8
74282,14
74324,8
74342,3
74342,5
74370,11
74370,13
74450,5
74450,14
74452,11
74458,8
74458,13
74458,16
74508,8
74510,1
74510,6
74510,8
74510,13
74510,16
74530,2
74530,9
74532,1
74532,5
74532,6
74545,13
74545,16
74553,3
74553,9
74624,2
74624,8
74668,1
74668,6
74668,16
74677,7
74683,5
74696,7
74696,8
74698,5
74698,9
74727,5
74727,6
74727,8
74750,11
74750,16
74754,8
74754,14
74789,2
74789,9
74791,2
74791,3
74791,5
74791,9
74795,1
74795,2
74795,8
74795,16
74795,17
74851,1
74851,6
74851,16
74868,8
74868,9
74868,16
74916,5
74916,8
74916,14
74946,5
74946,14
74948,1
74948,6
74948,8
74948,16
75341,8
75341,14
75389,11
75389,18
75395,16
75416,6
75416,7
75446,8
75446,14
75803,5
75805,1
75805,5
75805,14
75813,5
75813,6
75813,16
75816,5
75816,8
75947,7
75985,1
75985,6
75985,16
76030,11
76030,13
76030,16
76054,7
76054,8
76060,5
76077,2
76077,5
76091,6
76091,8
76091,13
76093,2
76093,3
76093,9
76143,5
76143,6
76143,16
76173,1
76173,5
76173,6
76175,1
76175,2
76175,9
76251,1
76251,6
76293,1
76293,2
76293,5
76301,3
76301,5
76738,7
76743,1
76743,5
76751,7
76763,8
77191,5
77201,1
77201,2
77201,8
77201,9
77206,5
77233,5
77233,7
77266,8
77364,1
77364,2
77364,6
77364,13
77364,16
77414,5
77421,5
77421,8
77421,14
77427,11
77455,7
77561,1
77561,2
77667,1
77667,5
77688,5
77688,8
77709,1
77709,2
77709,3
77709,17
77795,13
77795,16
77798,11
77798,13
77798,16
77800,5
77800,6
77800,8
77841,2
77841,5
77846,8
77866,1
77866,2
77866,8
77881,8
77881,14
77893,1
77893,8
77893,16
77931,5
77931,18
78034,5
78034,8
78039,8
78039,14
78041,1
78041,5
78041,14
78041,16
78088,16
78103,8
78105,1
78105,2
78105,9
78116,5
78116,8
78142,5
78142,8
78142,14
78160,5
78174,5
78174,8
78174,14
78209,18
78218,8
78218,16
78264,5
78264,14
78266,11
78316,5
78316,8
78316,14
78349,13
78349,16
78467,9
78467,16
78467,18
78469,1
78469,5
78469,6
78499,3
78499,5
78544,5
78574,8
78574,13
78620,5
78620,18
78626,5
78626,6
78626,8
78637,2
78637,3
78637,5
78637,9
78703,5
78703,8
78703,9
78703,14
78746,5
78746,7
78772,2
78772,8
78772,9
78772,14
78836,8
78836,9
78893,1
78893,2
78893,9
78959,6
78959,8
79006,7
79008,2
79008,3
79008,5
79008,9
79057,1
79057,16
79073,7
79091,3
79091,5
79091,6
79132,1
79132,2
79134,5
79139,1
79139,2
79139,9
79185,1
79185,5
79224,1
79224,2
79224,8
79242,5
79242,8
79251,6
79251,11
79251,16
79259,8
79259,14
79259,16
79274,3
79274,6
79274,13
79333,5
79333,6
79357,8
79357,14
79428,5
79501,1
79501,8
79501,16
79536,6
79536,8
79553,1
79553,8
79590,5
79590,14
79677,6
79677,7
79684,5
79684,8
79695,1
79695,2
79695,16
79702,1
79702,5
79702,14
79798,8
79868,9
79868,11
79868,16
79879,5
79879,11
79897,7
79946,5
79946,8
80083,1
80083,3
80083,9
80094,11
80094,13
80094,16
80124,6
80124,8
80139,5
80139,7
80162,1
80162,11
80162,16
80166,5
80166,8
80166,14
80219,1
80219,5
80219,16
80241,5
80241,8
80241,14
80363,1
80363,2
80363,11
80454,8
80463,8
80489,6
80489,8
80489,16
80549,5
80551,8
80551,14
80553,8
80572,5
80572,8
80584,5
80584,8
80586,8
80586,14
80615,2
80615,3
80615,9
80693,5
80693,8
80693,14
80748,2
80748,5
80748,9
80831,8
80831,11
80831,13
80834,3
80834,9
80839,8
80846,8
80858,5
80858,14
80860,5
80860,8
80860,14
80862,7
80864,5
80864,8
80864,14
80880,1
80880,8
80880,13
80880,16
80906,6
80906,7
80917,8
80969,8
80969,14
81018,3
81018,8
81087,5
81087,8
81087,14
81132,5
81132,8
81132,9
81132,11
81132,13
81156,1
81156,5
81156,7
81191,7
81229,1
81229,2
81229,5
81229,6
81229,16
81257,8
81383,8
81417,11
81417,13
81456,8
81456,14
81512,8
81512,9
81520,1
81520,6
81520,8
81520,16
81535,6
81535,11
81537,5
81537,8
81562,2
81562,8
81562,16
81564,1
81564,3
81564,5
81591,8
81591,11
81591,16
81681,18
81786,8
81786,14
81788,6
81788,8
81788,14
81788,16
81819,8
81831,5
81831,8
81834,2
81834,9
81845,8
81910,7
81932,8
81949,8
81949,14
82041,11
82053,5
82053,6
82053,8
82088,8
82093,6
82093,8
82095,1
82095,16
82152,8
82152,9
82152,14
82167,5
82167,8
82167,14
82169,2
82169,9
82202,1
82202,14
82202,16
82242,9
82242,11
82366,5
82366,11
82366,16
82378,13
82378,14
82378,16
82459,2
82459,8
82459,18
82461,1
82461,2
82499,5
82499,8
82499,14
82527,5
82527,8
82534,8
82641,1
82641,8
82667,11
82667,16
82684,5
82684,11
82744,1
82744,6
82744,8
82744,16
82765,1
82765,2
82765,5
82767,8
82848,5
82852,5
82852,14
82857,7
83086,8
83086,14
83132,3
83132,9
83134,5
83134,11
83177,2
83177,3
83177,5
83270,5
83270,8
83349,1
83349,5
83349,6
83369,2
83369,8
83374,1
83374,2
83374,9
83374,16
83374,18
83480,1
83480,2
83480,9
83601,11
83601,16
83613,1
83613,16
83613,18
83796,8
83796,16
83803,3
83803,5
83827,5
83827,8
83910,5
83910,8
83969,5
83969,8
83969,14
83976,5
83976,8
84152,13
84152,16
84156,7
84189,6
84189,11
84189,16
84240,8
84246,5
84246,14
84273,7
84374,5
84374,14
84414,1
84414,2
84414,3
84512,5
84523,1
84523,5
84553,5
84615,5
84637,3
84696,5
84696,11
84696,16
84716,5
84716,8
84716,14
84772,2
84772,5
84799,9
84799,11
84844,1
84844,6
84844,8
84942,1
84942,6
84942,9
84942,16
84944,2
84944,3
84944,5
84944,18
84950,5
84950,8
84950,14
84952,8
84952,13
84952,16
84954,14
84954,16
85020,1
85020,6
85020,16
85022,5
85022,14
85025,2
85025,8
85056,1
85056,2
85056,16
85131,1
85179,3
85213,8
85259,3
85261,2
85261,3
85316,3
85334,1
85334,2
85342,1
85342,6
85342,8
85367,5
85367,14
85394,7
85397,8
85399,1
85399,5
85399,6
85401,1
85401,5
85401,8
85412,9
85412,11
85414,13
85414,16
85438,8
85438,14
85510,1
85510,9
85510,16
85565,5
85565,14
85736,3
85736,5
85780,6
85780,8
85788,11
85788,16
85796,1
85796,6
85796,16
85881,7
85885,8
85885,14
86000,5
86000,8
86014,5
86028,5
86028,6
86059,3
86059,5
86066,5
86066,8
86142,1
86142,2
86142,8
86190,1
86190,2
86190,16
86279,7
86286,3
86286,5
86290,5
86290,7
86293,5
86293,14
86295,11
86295,13
86298,2
86298,3
86298,5
86332,3
86347,5
86355,8
86355,13
86355,16
86377,5
86504,7
86504,8
86504,17
86548,8
86548,14
86593,2
86593,7
86644,1
86644,6
86644,16
86668,7
86721,3
86721,5
86721,8
86721,9
86781,8
86781,13
86781,17
86815,8
86817,5
86817,8
86817,14
86833,5
86833,14
86835,1
86835,9
86835,11
86864,2
86864,9
86880,1
86880,2
86880,9
86882,5
86882,9
86882,14
86892,1
86892,6
86892,16
86898,8
86898,9
86911,5
86922,5
86960,13
86960,16
87028,8
87028,11
87028,16
87192,1
87192,5
87194,2
87194,5
87194,8
87197,1
87197,5
87222,1
87222,3
87222,5
87232,1
87232,2
87234,5
87234,8
87234,14
87287,7
87298,5
87298,8
87298,14
87304,5
87304,8
87304,14
87306,13
87306,16
87413,5
87430,1
87430,2
87444,5
87444,8
87483,5
87485,5
87520,1
87520,2
87522,5
87522,8
87522,14
87529,1
87529,2
87529,5
87529,9
87529,14
87660,8
87785,1
87785,6
87785,8
87785,16
87834,3
87834,5
87834,8
87867,5
87867,14
87869,5
87869,6
87876,2
87876,3
87876,5
87960,7
88069,1
88069,5
88094,7
88108,2
88108,5
88108,14
88125,2
88125,9
88129,6
88129,8
88129,16
88140,1
88140,2
88163,5
88163,8
88163,14
88179,8
88179,14
88235,1
88235,5
88235,6
88235,16
88267,2
88267,3
88267,5
88272,8
88272,11
88356,2
88356,3
88356,5
88356,9
88405,5
88405,14
88448,8
88448,16
88515,1
88515,6
88515,16
88593,6
88593,8
88593,16
88672,5
88672,8
88697,5
88697,8
88699,1
88699,16
88744,3
88746,5
88746,8
88785,5
88810,8
88812,1
88812,2
88812,5
88911,5
88911,8
88932,11
88932,13
88954,5
89028,9
89028,11
89028,16
89030,5
89030,11
89039,8
89047,8
89072,8
89072,11
89085,8
89085,16
89090,7
89118,8
89118,11
89118,13
89118,16
89190,1
89190,2
89190,9
89208,11
89208,16
89281,11
89281,14
89281,16
89305,5
89343,1
89343,11
89343,16
89386,7
89388,5
89388,14
89427,11
89427,16
89470,8
89470,16
89580,8
89582,6
89582,8
89582,11
89582,16
89586,1
89586,2
89586,3
89586,5
89678,8
89678,14
89753,8
89753,13
89753,16
89759,8
89761,8
89774,1
89774,8
89804,8
89837,6
89837,11
89837,16
89840,1
89840,2
89840,16
89862,1
89862,8
89862,14
89864,5
89864,8
89898,5
89898,8
89904,5
89904,8
89904,14
89939,5
89939,14
89945,11
90057,8
90057,11
90057,16
90243,1
90243,8
90245,7
90249,1
90249,8
90343,8
90343,14
90353,8
90357,8
90357,14
90374,8
90374,16
90376,8
90376,16
90384,1
90384,2
90384,16
90403,1
90403,2
90403,16
90405,1
90405,16
90428,8
90430,5
90430,8
90439,8
90439,16
90469,11
90469,13
90471,8
90471,13
90522,7
90524,1
90524,13
90524,16
90528,8
90531,8
90576,5
90576,14
90600,1
90600,6
90600,16
90603,1
90603,3
90603,6
90603,8
90603,16
90630,7
90717,1
90717,5
90719,6
90719,8
90738,1
90738,6
90738,8
90769,7
90809,8
90863,13
90866,2
90866,8
90888,1
90888,8
90888,9
90890,5
91077,5
91077,8
91079,8
91079,14
91094,5
91104,2
91104,9
91104,14
91128,5
91128,8
91233,3
91233,5
91261,8
91261,14
91266,5
91266,14
91273,1
91273,8
91273,16
91323,5
91337,5
91337,14
91353,2
91353,3
91353,5
91355,2
91355,3
91355,5
91386,3
91386,5
91414,3
91414,5
91414,8
91470,1
91470,5
91470,6
91470,8
91470,16
91485,1
91485,2
91485,16
91488,2
91488,3
91488,9
91500,1
91500,2
91500,16
91529,1
91529,6
91529,8
91529,16
91535,1
91535,16
91542,2
91542,6
91542,13
91571,8
91571,16
91622,5
91622,8
91628,5
91628,14
91630,1
91630,2
91630,16
91658,6
91658,13
91658,16
91660,1
91660,11
91660,16
91666,5
91666,8
91671,7
91688,1
91688,5
91688,8
91688,16
91690,5
91690,8
91690,14
91784,5
91842,1
91842,6
91842,8
91842,16
91860,7
91873,5
91890,8
91935,8
91947,5
91947,11
91947,17
91976,1
91976,2
91976,8
91976,11
91976,16
91978,1
91978,6
91978,16
91981,1
91981,8
91981,16
92008,1
92008,8
92008,16
92046,5
92048,6
92048,8
92048,16
92094,8
92192,11
92192,16
92198,1
92198,8
92198,16
92234,8
92234,17
92243,8
92243,17
92259,5
92259,8
92264,1
92264,5
92264,6
92309,11
92309,16
92348,1
92348,2
92348,3
92348,5
92391,11
92391,16
92420,8
92420,16
92422,8
92422,11
92422,16
92427,5
92439,8
92439,14
92494,5
92507,1
92507,16
92509,8
92509,14
92535,5
92637,6
92637,9
92637,13
92643,5
92643,8
92665,5
92665,8
92674,8
92681,1
92681,2
92694,8
92694,14
92730,8
92730,13
92760,11
92938,1
92938,9
92938,16
92954,5
93022,5
93022,6
93114,5
93114,8
93134,5
93139,1
93139,11
93208,3
93208,5
93242,13
93242,16
93270,5
93272,3
93287,5
93297,1
93297,16
93297,17
93320,5
93326,1
93326,5
93326,14
93363,1
93363,2
93443,3
93443,5
93502,8
93502,16
93510,1
93510,5
93510,6
93512,5
93512,8
93563,1
93563,16
93598,6
93598,8
93610,1
93610,2
93610,8
93721,7
93723,5
93723,8
93723,14
93740,5
93740,8
93740,14
93766,1
93766,2
93766,9
93790,8
93805,1
93805,5
93819,11
93819,13
93831,5
93838,1
93838,6
93838,16
93840,5
93840,11
93840,13
93855,5
93855,6
93855,8
93980,5
93982,6
93982,13
93982,16
94011,1
94011,13
94011,16
94015,2
94015,5
94015,9
94018,1
94018,2
94018,16
94070,5
94070,8
94122,7
94130,7
94130,8
94150,5
94150,14
94160,1
94160,2
94160,3
94160,11
94262,16
94266,5
94266,14
94323,5
94323,14
94325,8
94325,14
94405,1
94405,6
94405,16
94478,5
94478,9
94494,8
94494,16
94503,5
94503,8
94503,14
94661,5
94661,8
94661,14
94677,5
94735,3
94735,7
94777,1
94777,5
94780,2
94780,8
94780,9
94799,8
94799,13
94799,16
94810,8
94833,2
94833,3
94833,5
94864,11
94864,13
94867,11
94867,13
94867,16
94896,5
94896,6
94896,8
94919,1
94919,8
94919,16
94931,5
94931,8
94931,14
94953,5
94953,14
94959,5
94959,8
94959,14
94985,1
94985,6
94985,8
94985,16
95004,1
95004,3
95067,5
95067,8
95067,9
95088,5
95088,14
95105,2
95105,3
95105,5
95145,1
95145,2
95145,3
95145,5
95145,9
95147,1
95147,3
95147,9
95147,11
95149,1
95149,2
95149,3
95149,8
95163,1
95163,3
95165,1
95165,3
95167,2
95167,3
95167,9
95175,8
95182,1
95182,3
95193,2
95193,3
95193,14
95199,5
95199,8
95199,14
95201,5
95201,14
95207,1
95207,9
95207,11
95218,7
95307,5
95307,8
95307,14
95309,2
95309,5
95309,8
95309,14
95311,3
95311,5
95313,2
95313,3
95377,3
95377,5
95441,5
95441,9
95449,5
95449,8
95473,1
95473,3
95497,1
95497,3
95499,1
95499,3
95508,6
95508,8
95508,16
95510,1
95510,2
95519,1
95519,3
95543,2
95543,3
95543,5
95558,8
95558,9
95583,6
95583,8
95583,16
95624,8
95633,5
95633,11
95654,3
95654,5
95690,5
95690,11
95690,16
95717,8
95744,5
95744,8
95744,14
95761,6
95761,8
95761,16
95771,1
95771,3
95780,1
95780,3
95796,2
95796,11
95796,16
95839,8
95839,9
95843,5
95843,9
95843,14
95858,3
95858,5
95873,5
95873,8
95873,9
95873,14
95875,1
95875,16
95939,5
95939,8
95949,5
95965,1
95965,3
95965,8
95965,9
96007,1
96007,2
96007,3
96020,8
96020,14
96079,1
96079,2
96079,16
96110,5
96114,1
96114,6
96114,13
96114,16
96121,5
96121,8
96121,14
96150,7
96281,2
96281,3
96281,5
96283,5
96373,8
96411,5
96411,7
96417,1
96417,6
96417,16
96430,5
96430,8
96430,9
96448,5
96448,11
96448,16
96488,7
96530,5
96530,14
96563,6
96563,7
96567,8
96567,16
96588,5
96588,14
96606,7
96608,6
96608,8
96610,1
96610,16
96616,5
96616,6
96616,8
96655,5
96655,6
96655,8
96691,1
96691,11
96726,5
96728,8
96737,1
96811,6
96811,8
96811,16
96815,11
96815,16
96821,8
96829,8
96832,8
96832,9
96861,1
96861,6
96861,16
96917,11
96917,16
96935,5
96935,9
96935,14
96945,5
96945,14
96964,8
97168,7
97172,3
97172,5
97188,11
97188,13
97188,16
97194,7
97225,3
97225,5
97225,9
97230,8
97285,6
97285,13
97285,16
97304,8
97304,16
97306,5
97306,6
97328,5
97328,8
97328,14
97470,1
97470,8
97470,16
97643,5
97665,7
97701,11
97742,1
97742,6
97742,13
97742,16
97752,8
97757,7
97785,11
97785,13
97785,16
97836,1
97836,5
97836,8
97858,5
97858,8
97860,6
97860,16
97866,6
97866,7
97866,13
97870,5
97870,8
97870,14
97904,5
97904,8
97904,14
97913,2
97913,3
97913,5
97923,8
97936,8
97936,14
97938,2
97938,8
97950,1
97988,11
97988,16
98061,6
98061,8
98083,1
98083,5
98083,7
98122,7
98122,8
98124,1
98124,3
98124,13
98154,8
98160,5
98175,5
98175,11
98175,14
98203,8
98203,9
98203,14
98239,1
98239,16
98243,1
98243,2
98243,3
98243,9
98279,5
98279,11
98279,16
98296,6
98296,8
98296,16
98361,8
98361,9
98361,16
98499,1
98499,5
98503,1
98503,5
98585,8
98604,3
98604,8
98607,1
98607,3
98623,1
98623,2
98623,5
98623,6
98633,1
98633,5
98697,2
98697,5
98799,3
98799,5
98809,1
98809,2
98809,9
98836,5
98836,8
98908,5
98908,14
98961,7
99005,1
99005,6
99005,8
99005,16
99007,1
99007,5
99007,11
99007,14
99030,5
99030,13
99087,5
99087,14
99106,5
99112,1
99112,6
99112,8
99112,16
99114,7
99117,5
99122,5
99122,11
99130,5
99130,11
99145,8
99145,16
99149,8
99191,11
99415,5
99437,5
99437,11
99574,8
99636,5
99636,8
99638,5
99638,8
99721,11
99721,16
99728,1
99728,6
99728,8
99728,16
99813,1
99813,3
99813,13
99853,5
99853,14
99910,1
99910,6
99910,16
99917,8
99992,16
100068,5
100083,5
100106,7
100159,5
100159,6
100159,14
100163,1
100163,9
100163,11
100194,5
100226,5
100226,8
100277,8
100277,14
100302,8
100302,9
100302,14
100304,5
100304,6
100304,16
100306,6
100306,11
100306,16
100326,1
100326,5
100326,6
100326,16
100383,6
100383,8
100383,16
100397,6
100397,8
100397,13
100487,8
100487,9
100487,14
100498,1
100498,16
100507,5
100556,7
100579,1
100579,16
100611,2
100611,3
100611,5
100714,8
100714,14
100737,1
100810,11
100810,16
100843,5
100843,8
100882,1
100882,2
100882,5
100882,9
100906,1
100906,11
100906,13
100906,16
101025,1
101025,2
101025,8
101025,9
101070,8
101072,5
101076,1
101076,2
101076,16
101088,3
101088,13
101112,2
101112,9
101283,7
101360,6
101360,16
101362,1
101362,16
101415,8
101423,1
101423,3
101423,16
101525,6
101525,8
101529,5
101529,9
101529,16
101531,6
101531,8
101577,1
101577,2
101612,5
101612,8
101612,14
101739,11
101741,6
101741,13
101741,16
101765,5
101765,14
101864,1
101864,2
101864,13
101884,2
101884,8
101884,16
101895,8
101962,8
101973,8
101973,16
102007,1
102007,2
102007,3
102007,9
102025,11
102033,1
102033,5
102033,6
102058,1
102058,2
102058,3
102058,9
102066,11
102066,13
102066,16
102070,5
102070,11
102070,13
102070,16
102084,1
102084,3
102084,9
102123,1
102123,5
102125,6
102125,7
102165,5
102165,8
102165,14
102194,8
102217,5
102278,6
102278,16
102378,5
102378,8
102407,8
102407,14
102445,1
102445,2
102481,5
102590,7
102590,9
102602,5
102602,8
102666,5
102684,6
102684,8
102684,16
102686,5
102716,1
102716,6
102716,16
102720,2
102720,3
102720,9
102735,1
102735,2
102742,7
102747,5
102749,1
102749,8
102760,6
102760,8
102800,5
102800,8
102802,11
102802,16
102819,8
102819,14
102823,7
102852,7
102880,1
102880,2
102903,6
102903,16
102984,5
102984,11
102984,16
102993,5
102993,8
103027,5
103042,1
103042,2
103048,5
103048,8
103075,11
103075,16
103085,5
103085,9
103085,11
103107,7
103137,6
103137,8
103141,3
103171,5
103210,1
103210,2
103210,3
103210,9
103219,11
103219,16
103221,5
103221,14
103228,1
103228,2
103235,6
103235,8
103235,14
103245,5
103245,14
103249,1
103249,11
103249,16
103253,1
103253,8
103253,16
103335,3
103335,5
103339,1
103339,8
103339,16
103366,1
103366,16
103372,1
103372,5
103372,6
103384,1
103384,2
103384,18
103449,6
103449,8
103449,13
103449,16
103483,11
103483,16
103502,5
103502,14
103539,5
103539,8
103539,14
103543,5
103543,8
103543,14
103596,1
103596,5
103596,11
103602,5
103606,5
103606,8
103606,14
103609,5
103609,8
103624,8
103655,1
103655,5
103655,9
103685,9
103685,11
103685,16
103688,11
103688,16
103755,3
103772,1
103772,2
103801,5
103801,8
103801,14
103810,1
103810,5
103810,6
103810,16
103819,5
103865,5
103865,8
103883,1
103883,5
103883,6
103980,8
103984,8
104017,1
104069,5
104074,2
104074,9
104076,3
104076,5
104076,9
104078,5
104129,1
104129,8
104141,1
104141,2
104141,3
104141,6
104141,8
104141,9
104211,5
104211,6
104218,5
104241,1
104241,2
104241,6
104243,1
104243,16
104245,2
104245,3
104245,5
104272,7
104283,3
104283,8
104283,14
104303,8
104337,3
104337,5
104339,5
104374,6
104374,8
104419,1
104419,2
104419,3
104419,9
104457,11
104457,13
104457,16
104644,5
104760,1
104760,6
104780,2
104780,3
104841,8
104841,16
104863,5
104863,8
104863,14
104875,5
104879,6
104879,8
104879,16
104906,5
104906,14
104908,11
104908,16
104925,1
104925,5
104925,6
104944,8
105121,14
105121,16
105197,2
105197,8
105211,5
105211,8
105211,14
105246,8
105246,9
105250,8
105254,2
105254,5
105254,8
105254,14
105325,5
105325,11
105351,6
105351,8
105351,16
105355,8
105355,14
105468,3
105468,5
105504,1
105504,8
105504,16
105585,1
105585,6
105585,16
105593,5
105593,6
105593,8
105653,1
105653,16
105720,7
105731,8
105731,11
105746,5
105746,7
105755,6
105755,8
105755,16
105801,5
105801,8
105801,9
105801,11
105801,16
105844,8
105954,1
105954,2
105954,8
106002,1
106002,2
106062,5
106100,8
106144,8
106330,5
106438,8
106441,8
106491,1
106491,8
106491,9
106540,5
106542,8
106642,5
106648,11
106648,13
106648,16
106696,2
106696,3
106696,9
106766,8
106782,5
106782,6
106782,8
106785,1
106785,16
106839,8
106873,1
106873,3
106873,8
106889,7
106916,6
106916,8
106918,2
106918,5
106918,8
106918,9
106920,8
106920,14
106927,1
106927,5
106927,11
107013,8
107069,1
107069,8
107069,17
107141,5
107141,8
107314,1
107314,8
107314,13
107314,16
107338,5
107338,6
107348,5
107406,1
107406,8
107408,5
107408,8
107408,14
107408,17
107410,2
107412,5
107436,11
107436,13
107436,16
107447,5
107447,6
107449,2
107449,5
107462,1
107462,6
107462,16
107565,5
107630,5
107702,5
107723,1
107723,3
107723,9
107771,8
107771,9
107771,14
107846,1
107846,2
107951,5
107951,6
107953,1
107953,3
107962,1
107962,16
107997,8
107997,11
107997,16
107999,1
107999,3
108078,5
108078,8
108078,14
108090,2
108090,3
108090,9
108156,1
108156,5
108188,1
108188,8
108188,16
108190,1
108190,2
108540,8
108601,8
108689,11
108689,16
108715,8
108729,13
108729,16
108795,1
108795,2
108795,3
108795,9
108928,1
108928,8
108928,17
108932,2
108932,3
108932,5
108932,9
108945,1
108945,2
108945,6
108945,16
108949,5
108949,6
109042,2
109042,5
109042,9
109042,11
109161,3
109183,5
109187,8
109187,9
109191,8
109191,9
109191,13
109191,14
109241,1
109241,5
109241,6
109282,7
109295,6
109295,8
109295,16
109313,5
109317,5
109372,5
109372,14
109374,5
109374,8
109383,3
109383,5
109383,8
109383,9
109383,14
109416,5
109483,5
109483,14
109487,2
109487,8
109569,1
109569,8
109569,16
109576,5
109578,1
109578,13
109578,16
109596,3
109596,5
109596,8
109633,3
109633,8
109633,14
109673,1
109673,8
109673,17
109687,7
109723,6
109723,8
109723,16
109846,2
109846,3
109846,5
109848,8
109848,16
109853,5
109853,8
109853,14
109895,5
109897,8
109941,2
109941,3
109941,5
109968,1
109968,5
109968,8
109971,5
109971,14
110102,1
110102,2
110130,5
110281,5
110281,8
110281,14
110286,11
110286,16
110297,2
110297,5
110297,6
110330,8
110350,7
110387,7
110501,1
110501,6
110501,16
110541,1
110541,5
110541,14
110553,1
110553,2
110586,8
110591,11
110603,8
110611,7
110655,2
110655,3
110655,5
110669,5
110669,7
110718,5
110730,8
110730,13
110730,16
110746,1
110746,5
110746,11
110746,16
110771,5
110771,14
110781,1
110781,3
110781,5
110826,1
110826,6
110826,8
110882,8
110882,16
111113,5
111146,2
111146,3
111146,5
111320,5
111360,1
111362,1
111362,2
111364,1
111364,8
111384,6
111384,16
111443,5
111551,11
111551,16
111617,5
111617,14
111622,5
111622,8
111622,14
111659,1
111659,2
111659,9
111659,14
111663,1
111663,5
111663,11
111680,5
111680,14
111732,8
111732,9
111743,5
111743,18
111759,1
111781,1
111781,2
111785,9
111785,11
111785,13
111795,8
111800,5
111800,8
111817,8
111844,1
111913,8
111921,8
111921,14
112006,1
112006,3
112006,5
112070,8
112138,1
112138,5
112138,6
112171,1
112171,6
112171,16
112175,3
112290,8
112303,5
112303,14
112316,8
112326,1
112334,6
112334,7
112370,1
112370,2
112421,5
112421,8
112421,13
112450,5
112454,8
112460,2
112460,3
112460,5
112497,5
112512,3
112512,8
112515,8
112515,11
112552,8
112552,16
112556,8
112556,13
112556,16
112580,5
112580,8
112623,1
112623,8
112623,16
112727,6
112727,11
112727,16
112749,5
112749,8
112749,14
112788,5
112804,8
112818,11
112818,16
112852,1
112852,2
112868,16
112897,1
112897,2
112897,16
112940,8
112940,13
113159,5
113159,11
113159,14
113186,6
113186,13
113186,16
113207,6
113207,7
113225,5
113225,8
113225,14
113252,5
113252,11
113252,16
113275,5
113275,8
113278,1
113278,3
113278,6
113278,16
113280,8
113313,11
113313,13
113313,16
113345,1
113345,9
113348,1
113348,2
113348,5
113350,8
113350,13
113378,8
113394,5
113394,8
113416,1
113416,6
113416,8
113453,5
113532,5
113565,11
113565,16
113573,1
113573,6
113573,16
113604,8
113705,8
113741,16
113780,11
113780,16
113829,5
113829,8
113829,14
113849,6
113849,8
113849,16
113862,8
114028,5
114028,8
114044,11
114060,6
114060,8
114066,7
114066,8
114074,8
114126,7
114180,1
114180,13
114180,16
114184,8
114246,6
114246,8
114246,13
114246,16
114265,5
114265,8
114265,14
114335,5
114335,9
114396,8
114494,16
114554,3
114554,8
114554,9
114601,5
114601,8
114627,3
114627,9
114627,13
114662,1
114662,17
114670,5
114670,11
114678,2
114678,5
114678,8
114713,11
114762,5
114762,14
114795,1
114795,9
114795,11
114818,1
114818,5
114818,16
114847,16
114925,6
114925,8
114925,16
114935,16
115065,2
115065,3
115111,1
115111,3
115111,5
115111,11
115122,5
115122,11
115149,1
115149,16
115170,8
115203,7
115210,1
115210,8
115210,17
115216,8
115216,18
115231,5
115569,6
115569,8
115569,16
115617,1
115617,2
115617,3
115617,5
115664,3
115664,9
115667,7
115680,13
115680,16
115713,8
115727,1
115727,8
115819,3
115828,2
115828,8
115828,14
115877,3
115877,5
116044,5
116044,14
116169,1
116169,2
116207,6
116207,8
116207,16
116411,8
116411,17
116413,5
116413,14
116419,1
116419,5
116419,6
116505,1
116505,5
116529,1
116529,8
116529,17
116668,1
116668,5
116668,11
116718,5
116724,5
116724,8
116724,14
116738,2
116738,5
116738,11
116797,8
116797,16
116797,17
116799,5
116799,8
116799,13
116817,5
116817,8
116823,2
116823,16
116849,5
116849,14
116887,1
116887,2
116887,8
116897,5
116897,8
116897,16
116941,3
116941,5
116963,5
116977,5
116985,5
116985,8
117107,8
117109,5
117109,6
117109,11
117133,1
117133,8
117133,9
117176,8
117176,14
117192,8
117364,7
117364,17
117444,3
117466,1
117466,2
117466,8
117466,16
117511,7
117531,7
117533,7
117545,2
117545,3
117545,5
117572,5
117572,6
117572,14
117590,5
117630,1
117630,5
117646,5
117849,5
117851,2
117851,3
117851,5
117867,1
117867,8
117867,16
117867,17
117877,3
117877,5
117881,8
117887,2
117887,5
117895,1
117895,2
117895,16
117922,3
118082,5
118082,6
118082,9
118082,11
118166,5
118166,8
118166,14
118198,8
118248,8
118248,16
118326,6
118326,8
118326,16
118512,5
118530,5
118572,5
118572,6
118572,16
118696,1
118696,2
118696,9
118700,8
118702,8
118702,17
118706,2
118706,8
118706,16
118784,7
118814,5
118814,14
118834,5
118834,8
118862,5
118862,8
118880,11
118880,14
118888,5
118888,7
118894,3
118894,5
118894,9
118894,13
118896,8
118900,8
118924,5
118924,8
118924,14
118930,5
118985,8
118997,5
118997,9
119068,5
119068,8
119141,1
119141,5
119153,5
119155,2
119155,5
119155,9
119167,16
119655,3
119655,5
119714,5
119828,7
119964,5
120130,3
120130,9
120130,14
120138,5
120138,8
120466,1
120466,6
120625,8
120635,1
120635,16
120637,5
120761,1
120761,8
120761,13
120761,18
120807,5
120813,5
120827,5
120827,8
120827,13
120827,16
120919,1
120919,8
121007,2
121007,5
121097,8
121099,2
121099,3
121099,5
121129,5
121169,8
121169,14
121231,11
121231,13
121253,11
121253,16
121338,5
121342,5
121372,8
121374,5
121469,11
121469,13
121469,16
121715,5
121781,3
121781,5
122092,5
122246,5
122490,1
122490,8
122490,16
122627,5
122627,18
122882,1
122882,2
122884,11
122884,16
122886,1
122886,2
122888,1
122888,2
122888,8
122890,1
122890,2
122890,9
122892,1
122892,2
122896,1
122896,2
122896,9
122898,1
122898,2
122900,1
122900,2
122902,1
122902,2
122906,1
122906,2
122912,1
122912,2
122916,1
122916,5
122918,1
122918,2
122920,1
122920,2
122922,5
122924,1
122924,9
122932,5
122932,8
122932,14
123310,1
123545,8
123553,1
123553,2
123553,8
123553,9
123947,8
124273,5
124273,7
124404,2
124404,3
124404,5
124484,5
124484,8
124851,2
124851,9
124851,14
124853,3
124853,7
124859,6
124859,8
124859,16
125221,11
125221,18
125914,2
125914,5
125916,8
125916,14
125916,16
125970,5
125970,9
125974,2
125974,5
125974,9
126088,3
126088,5
126090,2
126090,3
126090,13
126142,2
126142,9
126142,14
126420,1
126426,8
126482,3
126482,9
126577,3
126577,5
126577,9
126921,2
126921,3
126921,5
127052,5
127096,16
127098,5
127108,8
127108,14
127114,7
127116,8
127130,8
127132,8
127132,16
127134,2
127134,5
127134,8
127136,6
127136,8
127152,7
127164,7
127172,7
127180,8
127184,8
127194,5
127194,8
127198,5
127198,6
127198,8
127212,8
127212,16
127298,5
127298,8
127298,9
127319,16
127323,1
127323,2
127323,16
128087,5
128087,18
128089,5
128097,5
128197,5
128197,14
128360,8
128360,13
128360,18
128366,5
128366,7
128512,8
128512,13
128512,14
128520,5
128542,1
128542,5
128542,11
128592,16
128594,5
128594,8
128594,14
128620,6
128620,14
128620,16
128695,8
128695,16
128736,8
128736,14
128832,7
128838,8
128838,11
128838,13
128838,14
128842,9
128852,5
128900,7
128902,7
128908,5
128908,8
128908,14
128968,3
128968,5
128975,5
128991,3
128991,5
129011,5
129229,1
129229,2
129229,8
129250,1
129250,5
129313,5
129333,11
129333,16
129354,5
129354,6
129354,14
129397,1
129397,9
129428,5
129428,8
129514,5
129657,1
129659,8
129737,5
129779,1
129779,3
129779,6
129937,1
129937,6
129937,16
130050,11
130052,11
130052,16
130073,8
130073,9
130073,14
130083,1
130083,6
130083,8
130083,13
130083,16
130087,5
130087,8
130087,9
130444,8
130444,9
130444,14
130450,1
130450,2
130450,9
130452,5
130452,8
130482,6
130482,16
130490,1
130490,16
130498,5
130518,1
130518,2
130518,3
130518,5
130518,9
130518,11
130520,3
130520,5
130520,9
130576,2
130576,8
130578,1
130578,6
130578,8
130686,5
130686,11
130840,11
130840,14
130970,5
130970,7
130976,8
130978,5
130978,14
131013,5
131023,7
131098,3
131098,5
131104,5
131104,6
131130,3
131130,5
131237,5
131439,5
131439,13
131439,16
131480,1
131480,6
131480,11
131480,16
131578,3
131578,8
131610,5
131610,9
131656,2
131656,3
131656,5
131714,1
131714,2
131739,1
131739,2
131739,3
131739,6
131749,5
131796,8
131826,5
131920,5
131920,8
131934,5
132046,2
132046,13
132153,5
132153,6
132153,8
132157,1
132157,5
132335,8
132362,1
132362,3
132362,16
132422,8
132422,11
132422,14
132424,8
132424,14
132454,5
132454,6
132454,8
132488,5
132488,14
132496,5
132496,8
132584,5
132618,1
132618,8
132660,5
132660,14
132796,1
132796,8
132796,16
132800,5
132800,8
132888,5
133115,7
133195,1
133195,6
133195,16
133217,5
133217,6
133365,8
133365,16
133377,11
133377,16
133419,5
133545,5
133645,8
133645,14
133712,5
133712,14
133716,5
133771,5
133771,8
133771,14
133780,5
133780,8
133782,8
133782,11
133798,1
133798,5
133802,2
133802,8
133802,14
133802,16
133802,18
133832,2
133832,11
133867,1
133867,2
133867,5
133867,14
133879,5
134019,1
134019,2
134019,3
134019,9
134021,5
134021,14
134041,5
134041,8
134041,14
134095,3
134095,8
134095,14
134109,5
134130,2
134130,8
134158,8
134158,16
134170,1
134170,5
134170,9
134184,5
134214,5
134214,8
134214,14
134246,1
134246,6
134246,13
134246,16
134248,3
134248,8
134326,3
134326,8
134334,5
134368,1
134368,5
134368,6
134393,5
134393,14
134515,2
134515,6
134515,8
134524,7
134528,5
134528,8
134528,14
134775,1
134775,2
134775,9
134783,5
134783,8
134796,7
134808,5
134847,5
134847,9
134849,5
134853,2
134853,3
134853,5
134853,8
134859,7
134861,5
134881,8
135137,1
135137,5
135143,2
135143,9
135198,5
135198,8
135216,2
135288,6
135288,8
135288,13
135436,2
135436,3
135436,5
135456,1
135456,3
135456,6
135456,13
135518,1
135518,16
135532,1
135532,2
135532,9
135534,5
135534,9
135534,11
135536,1
135536,2
135536,9
135567,1
135567,2
135569,1
135569,2
135777,5
135787,1
135787,7
135803,1
135803,8
135861,5
135861,9
135885,5
135887,2
135887,3
135887,5
135937,5
135937,16
136012,1
136012,16
136016,2
136016,3
136018,6
136018,8
136020,1
136020,2
136020,16
136024,1
136024,3
136024,6
136297,1
136297,3
136297,9
136305,1
136305,5
136305,11
136341,1
136341,3
136341,5
136341,9
136341,13
136353,2
136353,3
136353,5
136353,9
136353,13
136355,3
136355,5
136355,13
136359,3
136359,5
136443,5
136445,5
136449,1
136449,3
136449,6
136469,5
136471,5
136503,2
136503,3
136503,5
136511,5
136540,5
136556,1
136556,3
136556,5
136562,8
136564,8
136564,17
136598,2
136598,5
136602,11
136602,16
136654,8
136654,16
136664,6
136664,8
136664,16
136666,5
136778,5
136778,8
136786,8
136786,16
136816,1
136816,5
136816,8
136834,5
136834,11
136840,5
136840,8
136840,14
136850,6
136850,8
136850,16
136859,1
136859,2
136859,14
136864,1
136864,2
136864,9
136912,2
136958,11
137218,8
137337,7
137345,1
137345,11
137517,8
137517,9
137595,5
137595,8
137857,2
137857,9
138186,6
138186,8
138186,11
138186,16
138204,5
138208,2
138208,8
138210,1
138210,8
138210,16
138210,17
138396,5
138396,8
138546,5
138610,11
138632,1
138632,6
138632,8
138702,3
138702,5
138702,8
138798,5
138835,2
138835,3
138835,5
138966,1
138966,3
139052,6
139052,8
139052,13
139052,16
139157,5
139157,11
139157,16
139385,2
139385,8
139385,18
139415,5
139415,8
139511,5
139511,11
139511,13
139511,16
139640,2
139640,3
139640,5
139642,1
139642,8
139644,1
139644,6
139644,16
139655,11
139655,13
139655,16
139717,1
139717,6
139717,16
139747,5
139747,8
139747,14
139855,3
139855,5
139855,8
139855,14
139857,8
139859,1
139859,3
139859,16
139915,5
139994,5
139994,11
140016,11
140038,5
140110,5
140162,8
140162,14
140174,8
140174,16
140237,8
140247,8
140247,13
140247,16
140265,5
140267,11
140289,5
140289,8
140301,5
140301,8
140301,14
140359,2
140359,8
140359,11
140359,13
140481,3
140481,13
140523,11
140523,16
140525,6
140525,13
140525,16
140541,3
140541,9
140561,5
140627,8
140627,14
140627,17
140711,1
140711,5
140715,8
140725,6
140725,16
140816,5
140816,8
140850,6
140850,13
140850,16
140928,5
140928,8
140956,1
140956,2
141004,8
141004,16
141131,1
141131,5
141131,9
141131,16
141400,1
141400,8
141408,5
141408,11
141422,8
141513,5
141646,5
141646,8
141668,8
141688,6
141688,16
141718,5
141718,11
141749,8
141799,1
141799,5
141799,11
141799,16
141810,5
141810,8
141810,14
141818,5
141818,8
141818,9
141818,14
141820,5
141830,2
141830,5
141836,5
141844,2
141844,5
141844,6
141846,7
141866,6
141866,11
141866,16
141890,8
141890,17
141928,5
141928,11
141994,5
142020,5
142056,1
142056,2
142056,3
142074,6
142074,11
142074,16
142196,5
142196,11
142222,5
142222,8
142366,11
142372,5
142372,8
142420,8
142422,2
142422,5
142422,9
142424,8
142444,5
142444,11
142444,13
142448,2
142448,8
142456,5
142456,9
142488,8
142507,8
142507,16
142509,1
142509,2
142536,8
142550,1
142550,5
142558,5
142598,11
142598,13
142602,5
142831,5
142961,5
142961,6
142961,16
142997,3
142997,5
142997,9
143001,6
143031,5
143031,8
143031,14
143245,2
143245,3
143245,9
143255,13
143255,16
143257,5
143257,8
143257,14
143355,1
143355,2
143355,9
143365,8
143365,16
143385,8
143385,16
143410,1
143410,8
143410,16
143410,17
143458,8
143458,13
143458,16
143472,1
143472,11
143472,16
143511,7
143525,5
143525,8
143525,9
143559,5
143559,6
143559,8
143559,11
143859,5
143859,6
143859,8
143859,13
143896,7
143969,5
144210,7
144222,5
144262,5
144262,14
144352,1
144352,6
144352,8
144352,18
144478,5
144478,8
144522,1
144522,2
144522,8
144522,9
144606,5
144606,6
144606,8
144620,2
144620,5
144620,11
144714,8
144714,16
144716,5
144716,17
144976,8
144976,11
144976,18
145080,3
145080,11
145080,13
145150,5
145150,8
145283,7
145418,8
145491,5
145491,6
145745,6
145745,8
145839,8
145935,3
145935,5
145951,1
145951,16
145994,5
145994,14
146028,2
146028,6
146028,13
146210,5
146244,5
146244,8
146244,14
146309,1
146309,2
146309,3
146309,8
146309,9
146662,2
146662,3
146662,5
146682,7
146688,6
146688,13
146688,16
146730,1
146730,6
146730,8
146730,16
146986,5
147002,8
147002,14
147142,5
147196,5
147196,14
147250,7
147282,5
147282,14
147286,2
147286,6
147286,13
147300,2
147300,6
147300,13
147326,2
147326,6
147326,13
147372,2
147372,8
147374,8
147376,8
147378,9
147378,13
147378,16
147380,2
147380,9
147380,13
147382,8
147382,13
147382,16
147410,5
147410,8
147410,17
147657,1
147657,8
147657,11
147662,8
147936,5
147936,8
148166,7
148172,1
148172,2
148238,5
148424,5
148424,6
148424,8
148482,8
148592,5
148626,5
148626,8
148632,5
148652,1
148652,2
148652,5
148652,18
148667,5
148671,11
148671,16
148709,1
148709,2
148709,16
148775,1
148775,2
148775,5
148775,8
148775,9
148881,3
148881,8
148888,1
148888,2
148888,5
148978,1
148978,3
148978,9
148978,11
148978,13
148982,11
149011,5
149011,8
149011,9
149011,11
149011,16
149144,1
149144,8
149144,11
149146,1
149146,8
149146,11
149330,3
149334,8
149334,16
149350,5
149350,11
149352,5
149354,5
149380,14
149406,1
149406,2
149406,3
149406,5
149508,5
149508,9
149508,11
149508,14
149566,5
149566,14
149590,1
149590,6
149590,16
149612,1
149612,8
149612,16
149830,5
149830,11
149830,14
149830,16
149902,1
149902,16
150254,8
150254,11
150254,16
150401,1
150401,6
150401,16
150554,2
150554,5
150554,9
150596,5
150596,8
150604,5
150696,7
150993,1
150993,5
151311,5
151311,8
151315,1
151315,5
151317,5
151317,8
151317,14
151455,2
151455,5
151455,8
151479,1
151479,9
151501,6
151501,8
151501,13
151501,16
151653,5
151653,8
151653,9
151687,1
151687,2
151687,8
151687,13
151695,8
151695,16
151739,5
151745,11
151759,7
151769,3
151777,1
151777,8
151777,16
151781,1
151781,3
151781,6
151781,16
152065,2
152065,8
152071,8
152077,8
152077,11
152077,16
152079,1
152079,16
152081,2
152081,3
152081,5
152083,5
152083,8
152083,17
152085,8
152085,16
152105,5
152105,17
152270,8
152372,9
152372,11
152372,16
152591,1
152591,8
152658,5
152711,7
152711,16
152970,2
152970,5
152970,8
153070,6
153070,8
153070,11
153070,13
153236,1
153236,3
153236,5
153236,8
153236,9
153386,5
153386,9
153408,5
153408,8
153408,9
154065,5
154065,17
154358,7
154975,5
154975,7
155064,11
155168,5
155288,8
155288,16
155288,17
155358,1
155358,2
155358,16
155509,5
155509,6
155509,14
155589,5
155659,5
155659,8
155743,5
155743,14
155774,8
156025,3
156025,5
156371,5
156387,5
156387,8
156387,14
156553,3
156553,5
156553,8
156605,5
156605,8
156605,14
156607,1
156607,2
156607,8
156609,5
156675,13
156706,1
156706,5
156706,6
156706,8
156706,13
156706,16
156726,11
156726,16
156781,5
156783,5
157108,5
157108,18
157110,5
157110,6
157122,8
157172,1
157172,9
157200,8
157200,16
157270,5
157270,8
157296,2
157296,3
157312,5
157340,2
157340,3
157340,5
157369,5
157369,8
157407,1
157407,6
157407,8
157407,16
157432,1
157432,6
157432,16
157699,6
157699,8
157699,16
157775,6
157775,8
157865,1
157865,2
157865,3
158022,5
158022,6
158027,8
158035,1
158035,3
158238,1
158238,5
158238,6
158254,5
158388,7
158398,5
158398,8
158402,1
158528,8
158528,11
158528,16
158721,1
158721,5
158721,6
158721,16
158783,8
158783,14
158783,16
158813,2
158813,9
158830,2
158830,9
158842,7
158872,2
158872,3
158872,5
158872,9
158874,1
158874,8
158882,5
158882,8
158882,14
158956,1
158956,11
158956,16
158966,2
158966,8
158972,5
158972,8
159061,11
159061,13
159069,5
159077,5
159077,8
159093,6
159093,16
159161,5
159193,5
159193,8
159193,14
159441,1
159441,2
159441,5
159510,11
159690,1
159690,2
159690,5
159717,5
159717,8
159755,5
159779,5
159779,9
159779,14
159811,3
159811,8
159811,9
159849,5
159858,11
159976,8
160080,1
160080,5
160080,9
160271,1
160271,5
160289,6
160289,7
160341,1
160341,16
160400,8
160422,8
160422,17
160440,16
160527,1
160527,6
160527,8
160563,1
160563,2
160563,9
160565,1
160565,11
160565,16
160567,5
160569,2
160569,3
160569,5
160571,11
160573,2
160573,9
160644,8
160644,14
160684,1
160684,6
160684,16
160718,3
160730,14
160730,16
160836,6
160836,8
160848,3
160848,8
160848,9
160954,2
160954,6
160954,13
160978,11
160980,8
161008,8
161008,14
161024,5
161032,3
161032,11
161044,16
161127,6
161127,8
161127,16
161131,5
161131,6
161131,8
161290,1
161290,6
161290,16
161354,1
161354,3
161354,6
161354,8
161582,6
161582,8
161582,18
161594,1
161594,3
161634,6
161634,11
161634,16
161830,6
161830,8
161830,11
161830,16
161918,5
161922,5
161922,8
161966,8
161966,16
162082,1
162082,2
162082,11
162082,16
162344,5
162350,1
162350,2
162350,18
162414,8
162478,1
162478,5
162478,6
162578,2
162578,3
162590,5
162590,8
162590,14
162598,1
162598,8
162600,2
162600,8
162600,9
162600,16
162602,6
162602,13
162602,16
162606,6
162606,8
162606,16
162828,6
162828,8
162968,1
162968,3
162968,8
162968,9
162968,13
162982,3
162982,8
163056,1
163056,11
163072,3
163112,6
163112,13
163134,3
163134,8
163134,14
163386,3
163527,5
163527,7
163639,1
163639,3
163645,8
163645,17
163653,5
163925,3
163937,11
163937,16
163981,11
163981,16
163985,16
164179,8
164179,13
164200,2
164200,3
164200,5
164226,1
164226,2
164226,5
164226,9
164226,16
164280,8
164280,9
164367,1
164367,11
164375,5
164375,14
164540,6
164540,7
164655,7
164707,5
164707,8
164753,5
164753,14
164881,1
164881,9
164881,16
164909,5
164909,8
164909,14
164917,7
165101,1
165101,13
165101,16
165103,1
165103,5
165139,5
165139,8
165343,5
165343,9
165343,11
165347,1
165347,6
165347,8
165347,16
165483,5
165489,3
165489,8
165489,17
165549,8
165635,8
165635,11
165635,16
165639,5
165645,5
165645,6
165645,13
165671,7
165959,3
165959,5
165959,9
165969,7
166015,5
166024,8
166183,2
166183,3
166203,8
166203,9
166203,14
166461,2
166461,3
166461,5
166492,5
166526,2
166526,8
166526,14
166528,1
166528,2
166534,11
166534,16
166558,1
166558,9
166558,11
166558,16
166568,6
166568,8
166568,16
166635,8
166635,14
166643,8
166705,8
166946,8
167036,3
167036,5
167064,7
167296,8
167370,1
167370,2
167538,3
167634,5
167706,7
167732,8
167746,1
167746,3
167746,5
167772,3
167772,5
167790,5
167790,8
167854,5
167854,7
168026,1
168026,2
168090,3
168090,9
168090,13
168144,5
168174,5
168218,3
168218,9
168218,13
168248,1
168248,6
168248,16
168250,11
168250,13
168250,16
168252,1
168252,8
168254,1
168254,2
168254,9
168266,5
168266,6
168266,8
168326,5
168326,8
168326,14
168358,16
168366,9
168366,14
168418,3
168418,5
168492,8
168492,14
168608,8
168612,1
168612,8
168632,5
168712,8
168712,14
168846,5
169180,8
169180,16
169670,11
169670,13
169904,1
169912,5
169958,8
169958,13
169982,1
169982,2
169984,11
169992,1
169992,6
169992,13
170289,1
170289,11
170297,1
170297,2
170297,3
170357,5
170399,1
170399,5
170399,6
170401,5
170401,8
170411,5
170551,5
170551,6
170551,11
170597,3
170697,5
170697,8
170777,3
170777,5
170813,1
170813,5
170813,6
170817,1
170817,5
170827,1
170827,2
170827,9
170827,11
170827,16
170837,5
170837,9
170875,1
170875,6
170875,16
170907,7
170937,5
170939,1
170939,3
170939,5
170957,7
170993,5
170993,6
170993,8
171023,8
171251,7
171631,5
171631,7
171695,5
171695,7
171701,8
171751,5
171751,8
171759,8
171763,1
171763,6
171765,2
171765,8
171811,5
171811,17
171867,5
171867,8
171917,8
171917,13
171917,16
172013,8
172215,5
172229,1
172229,5
172229,6
172229,13
172229,14
172229,16
172233,8
172233,14
172253,5
172253,14
172321,5
172461,7
172547,1
172547,2
172547,3
172547,5
172577,3
172577,5
172577,9
172583,3
172585,2
172585,3
172587,3
172589,3
172591,6
172591,8
172637,1
172637,2
172637,3
172637,5
172793,2
172793,3
172793,9
172825,2
172825,3
172875,3
172875,6
172887,3
173145,8
173145,17
173197,8
173205,5
173205,8
173209,5
173209,8
173209,17
173235,7
173253,5
173291,1
173291,2
173307,1
173307,11
173307,13
173317,7
173351,3
173351,9
173619,5
173751,16
173925,1
173925,13
173925,16
173941,1
173941,16
173963,5
174045,5
174055,1
174055,8
174055,17
174141,6
174141,7
174141,8
174479,11
174479,13
174479,16
174551,5
174681,5
174727,6
174727,8
174727,16
174737,5
174815,5
174815,6
174909,1
174909,5
174909,6
174909,8
175197,1
175197,9
175387,2
175387,3
175397,3
175431,3
175431,5
175435,5
175435,8
175569,6
175569,8
175569,13
175569,16
175577,5
175585,6
175585,8
175585,16
175661,1
175661,5
175661,6
175661,16
175705,5
175743,5
175781,5
176101,1
176101,2
176101,5
176101,6
176371,8
176389,2
176389,3
176389,5
176413,8
176415,5
176415,8
176419,8
176419,11
176579,11
176579,16
176601,8
176621,3
176621,5
176751,5
176751,6
176751,8
176805,5
176805,8
176935,1
176935,16
177185,5
177285,1
177285,2
177285,3
177285,9
177593,6
177593,8
177615,5
177615,8
177763,6
177763,8
177763,13
177765,2
177765,3
177939,3
177939,5
177939,9
177939,14
178061,5
178061,8
178111,3
178111,8
178111,9
178111,14
178129,7
178323,7
178613,7
178615,5
178615,8
178615,14
178827,2
178827,5
179053,1
179053,8
179053,16
179073,5
179073,14
179119,5
179119,8
179133,3
179133,8
179211,5
179401,1
179401,2
179401,5
179401,9
179427,5
179491,1
179491,5
179491,11
179511,1
179511,9
179511,13
179709,8
179709,14
179749,11
179749,16
179813,8
179815,6
179815,8
179815,16
179817,8
179953,5
180031,8
180031,9
180031,14
180045,6
180045,8
180095,8
180231,5
180263,7
180265,5
180265,7
180265,8
180297,5
180297,8
180497,8
180777,7
180985,8
180987,2
180987,3
180987,5
181065,5
181139,5
181315,8
181315,14
181413,7
181659,5
181719,8
182293,3
182293,5
182297,3
182297,5
182299,3
182299,5
182639,3
182715,11
182731,7
182793,8
182793,14
182823,1
182823,9
182823,16
183011,1
183011,13
183011,16
183197,5
183199,7
183295,11
183295,16
183317,5
183317,8
183611,5
183611,6
183611,13
183635,1
183635,2
183635,16
183897,2
183897,3
183897,5
183911,5
184053,1
184245,7
184349,5
184349,8
184349,14
184471,1
184471,2
184471,9
184641,1
184641,2
184641,9
184721,8
184791,5
184931,1
184931,6
184931,8
184931,16
184987,2
184987,9
185029,8
185029,11
185031,2
185031,8
185033,8
185033,9
185435,1
185435,5
185473,5
185585,1
185585,2
185585,9
186587,1
186587,2
187031,2
187031,16
187541,1
187541,2
187541,3
187593,1
187593,2
187593,5
187595,1
187595,2
187717,7
188189,5
188189,9
188301,1
188301,2
188675,6
188675,8
188675,16
188751,5
188751,14
188797,1
188797,5
188833,2
188833,5
189043,5
189043,8
189111,7
189333,1
189333,2
189547,1
189713,5
189713,6
189713,8
190183,1
190183,2
190183,8
190207,8
190207,14
190209,5
190215,8
190219,3
190219,5
190219,8
190219,9
190221,7
191005,1
191005,5
193565,1
193565,3
193567,3
193567,8
193571,5
193571,8
193573,3
193573,5
193581,1
193581,3
193581,5
193581,9
193581,13
193583,2
193583,3
193583,8
193583,9
193583,14
193585,8
193587,1
193587,3
193587,5
193587,13
193609,7
