media_content_id,runtime,trailerKey,videoUrl
1,81,CxwTLktovTU,https://vidsrc.to/embed/movie/862
2,104,veszTagaXik,https://vidsrc.to/embed/movie/8844
3,101,rEnOoWs3FuA,https://vidsrc.to/embed/movie/15602
4,127,j9xml1CxgXI,https://vidsrc.to/embed/movie/31357
5,106,yCg8WNQwe0A,https://vidsrc.to/embed/movie/11862
6,170,14oNcFxiVaQ,https://vidsrc.to/embed/movie/949
7,127,iEqPw_QP28c,https://vidsrc.to/embed/movie/11860
8,97,-C-xXZyX2zU,https://vidsrc.to/embed/movie/45325
9,111,tEL21KB9rT4,https://vidsrc.to/embed/movie/9091
10,130,Ym5EIygd89M,https://vidsrc.to/embed/movie/710
11,113,5E3VG3LL1Mo,https://vidsrc.to/embed/movie/9087
12,88,ctsxTvTQUZI,https://vidsrc.to/embed/movie/12110
13,78,GKH3bVyBDsg,https://vidsrc.to/embed/movie/21032
14,192,dO2LWKpeyI8,https://vidsrc.to/embed/movie/10858
15,124,WFn7VVN3Wvk,https://vidsrc.to/embed/movie/1408
16,179,zFUKn_75m1o,https://vidsrc.to/embed/movie/524
17,136,5unqnd-CGz4,https://vidsrc.to/embed/movie/4584
18,98,S_Pd2pGkq54,https://vidsrc.to/embed/movie/5
19,90,DfqPjRMsRP0,https://vidsrc.to/embed/movie/9273
20,110,5Odo80-WFgM,https://vidsrc.to/embed/movie/11517
21,105,fvBx0x9IJnk,https://vidsrc.to/embed/movie/8012
22,124,7RaBcFSABEM,https://vidsrc.to/embed/movie/1710
23,132,XCuD8Q_Y10Q,https://vidsrc.to/embed/movie/9691
24,112,lGp4WXcVEno,https://vidsrc.to/embed/movie/12665
25,111,PW_piBbb_lc,https://vidsrc.to/embed/movie/451
26,123,WIIjya_5Oro,https://vidsrc.to/embed/movie/16420
27,102,RQLVzTtt2Ws,https://vidsrc.to/embed/movie/9263
28,104,u4T5dl1isp8,https://vidsrc.to/embed/movie/17015
29,112,F-F3Fz6DadE,https://vidsrc.to/embed/movie/902
30,108,xgIHRczRE1Q,https://vidsrc.to/embed/movie/37557
31,99,gA-5nLQCmW8,https://vidsrc.to/embed/movie/9909
32,129,Xwh1xBzsc1Q,https://vidsrc.to/embed/movie/63
34,92,tVxeoUtVF0o,https://vidsrc.to/embed/movie/9598
36,122,CB89rktO_Ws,https://vidsrc.to/embed/movie/687
38,101,yh1OH4NnLWQ,https://vidsrc.to/embed/movie/33689
39,97,KeGqX4GVBZE,https://vidsrc.to/embed/movie/9603
40,106,1nejmbo5c9A,https://vidsrc.to/embed/movie/34615
41,104,k20svFhRI44,https://vidsrc.to/embed/movie/31174
42,119,NEFBEBSEzzE,https://vidsrc.to/embed/movie/11443
43,117,CvsAuHYBgEQ,https://vidsrc.to/embed/movie/35196
44,101,a1P1j6MP920,https://vidsrc.to/embed/movie/9312
45,106,snYvuUvm1Ec,https://vidsrc.to/embed/movie/577
46,116,,https://vidsrc.to/embed/movie/11861
47,127,KPOuJGkpblk,https://vidsrc.to/embed/movie/807
48,81,mf0JmiI7NXY,https://vidsrc.to/embed/movie/10530
49,96,D55Evh2HII0,https://vidsrc.to/embed/movie/8391
50,106,jM3jrHGAsIE,https://vidsrc.to/embed/movie/629
52,95,6hsIc9reo7k,https://vidsrc.to/embed/movie/11448
53,112,3Fd6ZlgOFqs,https://vidsrc.to/embed/movie/49133
54,100,KzkCfQaYE-E,https://vidsrc.to/embed/movie/26441
55,115,LfM1kP34Dz8,https://vidsrc.to/embed/movie/97406
57,103,,https://vidsrc.to/embed/movie/9089
58,114,SgbbmwHpoAA,https://vidsrc.to/embed/movie/11010
60,96,kQVketPgcuE,https://vidsrc.to/embed/movie/11359
61,101,jY56N6irNCk,https://vidsrc.to/embed/movie/17182
62,143,1nsHT-9kFtE,https://vidsrc.to/embed/movie/2054
63,89,bD2wZ6DqdjQ,https://vidsrc.to/embed/movie/10607
64,96,cN2omT-8oRs,https://vidsrc.to/embed/movie/19760
65,95,4xD1ujNkZXs,https://vidsrc.to/embed/movie/9536
66,92,0U1vomY6kUg,https://vidsrc.to/embed/movie/11525
68,95,,https://vidsrc.to/embed/movie/4482
69,91,umvFBoLOOgo,https://vidsrc.to/embed/movie/10634
70,108,y-J9bBvO5dk,https://vidsrc.to/embed/movie/755
71,91,,https://vidsrc.to/embed/movie/11859
72,96,g9ul_89gqI4,https://vidsrc.to/embed/movie/28387
73,175,,https://vidsrc.to/embed/movie/48750
74,87,GJ6-ymSjShg,https://vidsrc.to/embed/movie/20927
75,90,WnnQd7lItOg,https://vidsrc.to/embed/movie/36929
76,108,qrgAvr0TIr4,https://vidsrc.to/embed/movie/9102
77,70,CrsD97bF48g,https://vidsrc.to/embed/movie/124626
78,111,kDdwRURSEzI,https://vidsrc.to/embed/movie/27526
79,118,Awng-jZnkoY,https://vidsrc.to/embed/movie/9623
80,85,bltXpgXuUp8,https://vidsrc.to/embed/movie/46785
81,116,i1o_PO3ridY,https://vidsrc.to/embed/movie/400
82,102,3n1O-sKecdA,https://vidsrc.to/embed/movie/880
83,115,,https://vidsrc.to/embed/movie/146599
85,118,,https://vidsrc.to/embed/movie/8447
86,129,bQiKlj2qI5c,https://vidsrc.to/embed/movie/10534
87,88,,https://vidsrc.to/embed/movie/17414
88,86,BRgCb1QjOv4,https://vidsrc.to/embed/movie/13997
89,89,PVT1iXco8bc,https://vidsrc.to/embed/movie/2086
92,108,qgHHBYzgL-s,https://vidsrc.to/embed/movie/9095
93,102,2qzFuLGeVGI,https://vidsrc.to/embed/movie/12158
94,112,GKZMinpfljI,https://vidsrc.to/embed/movie/9283
95,108,xkHKzQMBJb4,https://vidsrc.to/embed/movie/9208
96,99,E1b5iSgd43I,https://vidsrc.to/embed/movie/40154
97,98,FKwcXt3JIaU,https://vidsrc.to/embed/movie/406
99,106,oA7M9qSJKrE,https://vidsrc.to/embed/movie/63076
100,111,QgEObrHE_2k,https://vidsrc.to/embed/movie/11062
101,91,JJPQ-NnjZR0,https://vidsrc.to/embed/movie/13685
102,96,CAECDKr2g5M,https://vidsrc.to/embed/movie/47475
103,116,5RLDDt6Jpes,https://vidsrc.to/embed/movie/2045
104,92,VJFdK0Owxlc,https://vidsrc.to/embed/movie/9614
105,135,ZoJJkAQV0Bg,https://vidsrc.to/embed/movie/688
106,104,,https://vidsrc.to/embed/movie/11907
107,99,-37gsH0ideE,https://vidsrc.to/embed/movie/10874
108,95,,https://vidsrc.to/embed/movie/89333
110,178,WtO3CsleMDg,https://vidsrc.to/embed/movie/197
111,114,zdqCqDSTVNI,https://vidsrc.to/embed/movie/103
112,106,8PT49TzAV7I,https://vidsrc.to/embed/movie/33542
113,108,SAmbXIWzRYo,https://vidsrc.to/embed/movie/43566
116,117,HFMnh-n7U7w,https://vidsrc.to/embed/movie/51352
117,99,Xw6F07ChJzQ,https://vidsrc.to/embed/movie/16934
118,92,mok43U9zy4s,https://vidsrc.to/embed/movie/10324
119,113,9uBpp-qIIp8,https://vidsrc.to/embed/movie/78406
121,93,hynI6orlOOA,https://vidsrc.to/embed/movie/32119
122,117,xCr5RlXidhg,https://vidsrc.to/embed/movie/11066
123,103,P9Mxf_6pVA0,https://vidsrc.to/embed/movie/11104
125,93,Pc6p72O4p44,https://vidsrc.to/embed/movie/2074
126,95,XiiyFFZjq0Y,https://vidsrc.to/embed/movie/27793
128,87,,https://vidsrc.to/embed/movie/290157
129,95,dxLCt31D7fA,https://vidsrc.to/embed/movie/110972
132,95,UHLNId3k-dQ,https://vidsrc.to/embed/movie/11863
135,92,lTyxmVou27w,https://vidsrc.to/embed/movie/9101
137,86,,https://vidsrc.to/embed/movie/5757
140,119,6Y28HLt-fEg,https://vidsrc.to/embed/movie/9302
141,119,Y46JSmjcpeM,https://vidsrc.to/embed/movie/11000
144,98,WPsbUcvKzxQ,https://vidsrc.to/embed/movie/16388
145,119,OLYENHi4IIc,https://vidsrc.to/embed/movie/9737
146,84,Uwnm9QAwhzE,https://vidsrc.to/embed/movie/30765
147,102,Jg78DNeKM1o,https://vidsrc.to/embed/movie/10474
148,113,HPBkA3GuvcY,https://vidsrc.to/embed/movie/22279
149,105,RvwXIhOqTvQ,https://vidsrc.to/embed/movie/30157
150,140,B1KJ9XeZuxA,https://vidsrc.to/embed/movie/568
151,139,p76fH8_a32Y,https://vidsrc.to/embed/movie/11780
152,82,pgydfbvmwr0,https://vidsrc.to/embed/movie/34996
153,121,suOgRZflPtk,https://vidsrc.to/embed/movie/414
154,100,gC1lO7lqMuw,https://vidsrc.to/embed/movie/649
155,100,Ow_yBFgyUvQ,https://vidsrc.to/embed/movie/1873
156,83,72ue1Jqy01E,https://vidsrc.to/embed/movie/5894
157,91,kI5SEOdN7Fc,https://vidsrc.to/embed/movie/1775
158,100,kRX7PPqbKaQ,https://vidsrc.to/embed/movie/8839
159,128,YsFUoioGePc,https://vidsrc.to/embed/movie/20649
160,109,QpdbdpOqLuY,https://vidsrc.to/embed/movie/10329
161,116,7_7Khp85YVA,https://vidsrc.to/embed/movie/8963
162,121,67uWAtFmjYI,https://vidsrc.to/embed/movie/26564
163,104,nJb0yXRHdi4,https://vidsrc.to/embed/movie/8068
164,102,7bWekMNDfT8,https://vidsrc.to/embed/movie/8512
165,128,aRQetHOPpKA,https://vidsrc.to/embed/movie/1572
166,83,PZM-vG8DcRc,https://vidsrc.to/embed/movie/13552
168,134,zO1_r6slUlk,https://vidsrc.to/embed/movie/6520
169,95,SFnK1abzS9E,https://vidsrc.to/embed/movie/9073
170,105,vsjK7AVmsL8,https://vidsrc.to/embed/movie/10428
171,92,xGQRgOJ2bV0,https://vidsrc.to/embed/movie/17447
172,97,PDzjBr1c4qs,https://vidsrc.to/embed/movie/9886
173,96,43-BefmjMFg,https://vidsrc.to/embed/movie/9482
174,88,bdKOtQlUS6s,https://vidsrc.to/embed/movie/19326
175,91,U9a5tZSKDOU,https://vidsrc.to/embed/movie/9344
176,90,QjoJjWvKiUY,https://vidsrc.to/embed/movie/9071
177,109,U_czotvi8FQ,https://vidsrc.to/embed/movie/8973
178,100,_1cjHboN8Mw,https://vidsrc.to/embed/movie/15730
179,95,OS4XqN-LaO4,https://vidsrc.to/embed/movie/47608
180,95,XpshU8YDYjw,https://vidsrc.to/embed/movie/2293
181,96,Gb5MGWPAiGg,https://vidsrc.to/embed/movie/9070
183,95,O70KkzyBXKs,https://vidsrc.to/embed/movie/48787
184,93,RR3RjPOCPFo,https://vidsrc.to/embed/movie/34574
185,114,46qKHq7REI4,https://vidsrc.to/embed/movie/1642
186,103,dVmOU8HPf_E,https://vidsrc.to/embed/movie/11472
187,94,9y-TvmzQ8qA,https://vidsrc.to/embed/movie/36196
188,98,okN79Z_uw9Y,https://vidsrc.to/embed/movie/11980
189,91,5Eeu9pX4Gwo,https://vidsrc.to/embed/movie/58372
190,119,Qe_UmLAFuHE,https://vidsrc.to/embed/movie/32646
191,135,wzoFrXEdC74,https://vidsrc.to/embed/movie/10533
193,131,kDJdLxpdU40,https://vidsrc.to/embed/movie/10802
194,112,3v8r-ec4V2M,https://vidsrc.to/embed/movie/10149
195,106,x1wNnEaYfYM,https://vidsrc.to/embed/movie/18402
196,108,ECe9Yqltw_w,https://vidsrc.to/embed/movie/9348
198,145,t3vX5XRpV9c,https://vidsrc.to/embed/movie/281
199,93,7H-fl3njp5s,https://vidsrc.to/embed/movie/5967
201,115,hQR4_rT0qB4,https://vidsrc.to/embed/movie/47939
202,111,8eZpsPixVuU,https://vidsrc.to/embed/movie/36834
203,108,sH0zihZWIK0,https://vidsrc.to/embed/movie/9090
204,99,LorQZ4TfbTQ,https://vidsrc.to/embed/movie/3512
205,93,sth8EmI2y6g,https://vidsrc.to/embed/movie/52856
206,73,qNmJKsGylaY,https://vidsrc.to/embed/movie/77350
207,103,CCJLFg1nOao,https://vidsrc.to/embed/movie/9560
208,135,-GQZMdNtHNU,https://vidsrc.to/embed/movie/9804
209,89,1ezPwSoXdX0,https://vidsrc.to/embed/movie/31611
210,98,vsLUneCKuO8,https://vidsrc.to/embed/movie/65796
211,97,yhKQH-ZLtrM,https://vidsrc.to/embed/movie/49805
212,90,ZkzvOmPOpYI,https://vidsrc.to/embed/movie/26258
213,135,1gPzpr08hFk,https://vidsrc.to/embed/movie/50797
214,113,wHBQ4VsQaic,https://vidsrc.to/embed/movie/19155
215,101,jGvcbSabADM,https://vidsrc.to/embed/movie/76
216,90,WMNX2dP6RNY,https://vidsrc.to/embed/movie/11017
217,90,,https://vidsrc.to/embed/movie/37141
218,115,2rXXJpdwGnI,https://vidsrc.to/embed/movie/9382
219,97,AKq57Gr_i9E,https://vidsrc.to/embed/movie/6715
220,90,zDRCp-nJEaI,https://vidsrc.to/embed/movie/18256
222,103,,https://vidsrc.to/embed/movie/22625
223,92,f8yqQkABBjY,https://vidsrc.to/embed/movie/2292
224,97,AteQZ7q6rtA,https://vidsrc.to/embed/movie/1909
225,128,_UtApAxpjJ0,https://vidsrc.to/embed/movie/8984
227,101,nPShJKV8Xgg,https://vidsrc.to/embed/movie/4954
228,103,4wNfb1lh7oE,https://vidsrc.to/embed/movie/62488
229,103,MxR1pHaMpcY,https://vidsrc.to/embed/movie/10531
230,132,ljzkxYq-lQ8,https://vidsrc.to/embed/movie/11929
231,107,QXMkxujaq7Y,https://vidsrc.to/embed/movie/8467
232,123,l7pKpO8NErU,https://vidsrc.to/embed/movie/10451
233,103,mEhf9tAdT5I,https://vidsrc.to/embed/movie/20156
234,114,Yxa7yLhYDg8,https://vidsrc.to/embed/movie/18395
235,127,xPyqcdjBf_U,https://vidsrc.to/embed/movie/522
236,111,ZOY63ebD1b0,https://vidsrc.to/embed/movie/397
237,101,98Z2-q8rlZk,https://vidsrc.to/embed/movie/10525
238,81,fHbI2fohgeI,https://vidsrc.to/embed/movie/27985
239,78,_IY7_iCuINo,https://vidsrc.to/embed/movie/15789
240,103,oZaWqjppCsg,https://vidsrc.to/embed/movie/27303
241,96,ozYFLnuBVFU,https://vidsrc.to/embed/movie/21183
242,111,Ql9AAmfj1sM,https://vidsrc.to/embed/movie/10954
243,90,RSTZl1bENrc,https://vidsrc.to/embed/movie/47867
246,174,AglLHi4_0MM,https://vidsrc.to/embed/movie/14275
247,109,_bIUDcnHDlg,https://vidsrc.to/embed/movie/1024
248,109,ImjGBHRDW7c,https://vidsrc.to/embed/movie/17207
249,121,e2ql5wODeMY,https://vidsrc.to/embed/movie/13701
250,97,Soy3uGvZd9k,https://vidsrc.to/embed/movie/14819
251,110,ZaQMk2id9fw,https://vidsrc.to/embed/movie/32631
252,100,1lF2BkLl0yQ,https://vidsrc.to/embed/movie/11777
253,123,qmFYu8x46VY,https://vidsrc.to/embed/movie/628
254,139,oTpFci6HNgA,https://vidsrc.to/embed/movie/87729
255,82,Jl7b3E4kbeY,https://vidsrc.to/embed/movie/18713
256,110,aNfsJuv0bJU,https://vidsrc.to/embed/movie/6280
257,102,tZlr2PbTiow,https://vidsrc.to/embed/movie/9061
258,89,yLtmLy1Vzkc,https://vidsrc.to/embed/movie/37108
259,101,EeOtkhiScMI,https://vidsrc.to/embed/movie/6071
260,121,XsS1yE2f-hE,https://vidsrc.to/embed/movie/11
261,115,sET83nlk1NU,https://vidsrc.to/embed/movie/9587
262,97,Q3WJrWZ_npg,https://vidsrc.to/embed/movie/19101
263,101,REPoYxk2W7w,https://vidsrc.to/embed/movie/49980
265,105,EkvgSTJkKGI,https://vidsrc.to/embed/movie/18183
266,133,w5320WqSVPQ,https://vidsrc.to/embed/movie/4476
267,95,bv4fMbrfrWM,https://vidsrc.to/embed/movie/11008
269,92,,https://vidsrc.to/embed/movie/32325
270,108,-NoM6EQIaF0,https://vidsrc.to/embed/movie/43742
271,106,-ZXnvEun0sc,https://vidsrc.to/embed/movie/28313
272,107,0pdNMKZXJ28,https://vidsrc.to/embed/movie/11318
273,123,mMe7NdrpxEI,https://vidsrc.to/embed/movie/3036
274,96,JcW2p8nyrng,https://vidsrc.to/embed/movie/40490
275,97,dwBG2CXDXcc,https://vidsrc.to/embed/movie/24070
276,108,,https://vidsrc.to/embed/movie/8986
277,114,yiypbCFV7Ao,https://vidsrc.to/embed/movie/10510
278,95,H-FofBXlWKA,https://vidsrc.to/embed/movie/17402
279,128,V2mQUID4Wx8,https://vidsrc.to/embed/movie/38722
280,122,8X9HG1W-23Y,https://vidsrc.to/embed/movie/8438
281,110,Zh4nKGloiHk,https://vidsrc.to/embed/movie/11593
282,112,n1Zay9SOYxA,https://vidsrc.to/embed/movie/1945
283,98,6wEM9KYgMx4,https://vidsrc.to/embed/movie/39310
284,88,AcJamsBwsPM,https://vidsrc.to/embed/movie/109560
285,89,,https://vidsrc.to/embed/movie/56428
287,100,,https://vidsrc.to/embed/movie/131957
288,119,Quh24cn7-E8,https://vidsrc.to/embed/movie/241
289,115,zLrqyfkXt_A,https://vidsrc.to/embed/movie/9058
290,99,N0-Q3ChKcfE,https://vidsrc.to/embed/movie/527
291,106,cWeLiFAycR4,https://vidsrc.to/embed/movie/18220
292,129,AgZ5goJibn0,https://vidsrc.to/embed/movie/6950
293,111,DD-6bmOY__g,https://vidsrc.to/embed/movie/101
294,113,irBhYcQ50Tc,https://vidsrc.to/embed/movie/63020
295,94,ZPWFsnqJeNk,https://vidsrc.to/embed/movie/2307
296,154,tGpTpVyI_OQ,https://vidsrc.to/embed/movie/680
298,105,,https://vidsrc.to/embed/movie/25296
299,98,mxlZ8hB5Q40,https://vidsrc.to/embed/movie/40156
300,133,bj-m3Ddmn0E,https://vidsrc.to/embed/movie/11450
301,94,,https://vidsrc.to/embed/movie/30304
302,138,HIBfX5D1Um4,https://vidsrc.to/embed/movie/10452
303,107,Lo9cGqmHXhg,https://vidsrc.to/embed/movie/12106
304,108,eEvt88iMQME,https://vidsrc.to/embed/movie/161495
305,133,ENrpGFroUbw,https://vidsrc.to/embed/movie/3586
306,100,1fQQBbcfL5E,https://vidsrc.to/embed/movie/110
307,98,kQjJoRl3bLc,https://vidsrc.to/embed/movie/108
308,92,mfw46ZiSScw,https://vidsrc.to/embed/movie/109
310,85,,https://vidsrc.to/embed/movie/36357
311,90,qbk4CFE1IP0,https://vidsrc.to/embed/movie/92769
312,95,P2bCdymB7do,https://vidsrc.to/embed/movie/28033
313,89,sm6Jtm9gICk,https://vidsrc.to/embed/movie/22586
314,103,fWoyGukz1ag,https://vidsrc.to/embed/movie/14334
315,110,SS75LoRrmMg,https://vidsrc.to/embed/movie/2636
316,121,JubhSGaSJXo,https://vidsrc.to/embed/movie/2164
317,97,aCc7bTJ8FCM,https://vidsrc.to/embed/movie/11395
318,142,PLl99DlL6b4,https://vidsrc.to/embed/movie/278
319,93,xKrfUAho5as,https://vidsrc.to/embed/movie/9905
320,96,IzZSguDxGsk,https://vidsrc.to/embed/movie/87078
321,108,qWv7dKxWhz4,https://vidsrc.to/embed/movie/12527
322,93,UH9OLQh46FY,https://vidsrc.to/embed/movie/20306
324,100,JW7E011rHfg,https://vidsrc.to/embed/movie/36614
325,91,0xa74mYgSnI,https://vidsrc.to/embed/movie/27993
326,133,GAZUbjttUPc,https://vidsrc.to/embed/movie/31439
327,104,a9UXppnnTgk,https://vidsrc.to/embed/movie/9067
328,93,2cT5Cg8H7ec,https://vidsrc.to/embed/movie/9059
329,118,IcSgqjqOOIM,https://vidsrc.to/embed/movie/193
330,98,dOO-A59c4C0,https://vidsrc.to/embed/movie/25066
331,115,8O2PybIWgIE,https://vidsrc.to/embed/movie/46797
332,99,oDabkjic1mM,https://vidsrc.to/embed/movie/12122
333,98,A2Albcpyaiw,https://vidsrc.to/embed/movie/11381
334,120,hJxvpLrp4yA,https://vidsrc.to/embed/movie/32636
335,99,8IGoUeVzBbk,https://vidsrc.to/embed/movie/36141
336,88,,https://vidsrc.to/embed/movie/95963
337,118,wpSGFets1oM,https://vidsrc.to/embed/movie/1587
338,106,45riYi75C8w,https://vidsrc.to/embed/movie/9271
339,103,nsJxyUvkB_E,https://vidsrc.to/embed/movie/2064
340,126,BzB_Qkl2Gec,https://vidsrc.to/embed/movie/19855
341,87,oNTA_A3llwg,https://vidsrc.to/embed/movie/60855
342,106,JJVWXHRDqec,https://vidsrc.to/embed/movie/236
343,94,FGG_TKydPsM,https://vidsrc.to/embed/movie/48287
344,86,Cqg3QmUKTks,https://vidsrc.to/embed/movie/3049
345,103,VFmwVI-5lfU,https://vidsrc.to/embed/movie/2759
346,100,5hbfyo8alXg,https://vidsrc.to/embed/movie/12635
347,139,R3EMSHqkbfI,https://vidsrc.to/embed/movie/10497
348,98,DSPx3Bcvau0,https://vidsrc.to/embed/movie/11382
349,141,JjsN_yJJ3vw,https://vidsrc.to/embed/movie/9331
350,119,qo7Lqyt5HDg,https://vidsrc.to/embed/movie/10731
351,115,SvbCmpo-luk,https://vidsrc.to/embed/movie/10464
352,114,KnYl1TfWD-U,https://vidsrc.to/embed/movie/34152
353,102,Ltzov6nhud0,https://vidsrc.to/embed/movie/9495
354,128,zZFiH0SQpiY,https://vidsrc.to/embed/movie/29973
355,91,a-uN0rHF7Ig,https://vidsrc.to/embed/movie/888
356,142,Mj9IA9tTfio,https://vidsrc.to/embed/movie/13
357,117,tvdlnbfaJ3E,https://vidsrc.to/embed/movie/712
358,128,R9CZErJ9idU,https://vidsrc.to/embed/movie/16295
359,104,k_znxl0qA5I,https://vidsrc.to/embed/movie/48992
360,123,j8RuhldReRo,https://vidsrc.to/embed/movie/10879
361,101,hpIeqy8VRJU,https://vidsrc.to/embed/movie/10660
362,111,L8LC-wPUdqE,https://vidsrc.to/embed/movie/10714
363,188,91607Aqn-mo,https://vidsrc.to/embed/movie/41647
364,89,UgjEj5mXLlk,https://vidsrc.to/embed/movie/8587
365,123,x0he3DnxGbM,https://vidsrc.to/embed/movie/1689
366,112,9dLQYxBYGTQ,https://vidsrc.to/embed/movie/11596
367,101,uPrUiKgQVQk,https://vidsrc.to/embed/movie/854
368,127,mQ69CVbCiow,https://vidsrc.to/embed/movie/9359
369,125,LYuj2PAP-jA,https://vidsrc.to/embed/movie/23333
370,83,Cstx7RLWE2o,https://vidsrc.to/embed/movie/36593
371,112,8kXXBY_qtcI,https://vidsrc.to/embed/movie/12280
372,98,xDYGo0UgIVM,https://vidsrc.to/embed/movie/2788
373,98,1kP0yuB0W-o,https://vidsrc.to/embed/movie/10427
374,94,ZSO1gBHGgH0,https://vidsrc.to/embed/movie/11011
376,111,WbGD81wUgC0,https://vidsrc.to/embed/movie/8987
377,116,3q_4xiR3VJQ,https://vidsrc.to/embed/movie/1637
378,99,TzDlsj1XzsY,https://vidsrc.to/embed/movie/15128
379,98,7OPLHgw54h4,https://vidsrc.to/embed/movie/8831
380,141,Qw4hz62r-Kk,https://vidsrc.to/embed/movie/36955
381,126,3vQK49vzmBI,https://vidsrc.to/embed/movie/10449
382,125,,https://vidsrc.to/embed/movie/10395
383,191,3deAQVbaqlY,https://vidsrc.to/embed/movie/12160
384,108,tf6dFhAfTuE,https://vidsrc.to/embed/movie/40480
385,99,,https://vidsrc.to/embed/movie/52038
386,96,CLQ_dlkA6sU,https://vidsrc.to/embed/movie/29444
387,100,-kRfPEO_5aY,https://vidsrc.to/embed/movie/26352
388,91,,https://vidsrc.to/embed/movie/39953
389,110,O8kU6FhOBBY,https://vidsrc.to/embed/movie/41580
390,83,gLTnzo-nd8Q,https://vidsrc.to/embed/movie/315
391,119,xzeTvIWxhek,https://vidsrc.to/embed/movie/22067
393,102,HsTKoGcFS78,https://vidsrc.to/embed/movie/11667
405,99,eW_HzYMNOng,https://vidsrc.to/embed/movie/8011
406,97,,https://vidsrc.to/embed/movie/171857
407,95,qs1qo46GfWs,https://vidsrc.to/embed/movie/2654
408,105,,https://vidsrc.to/embed/movie/18069
409,96,sEsCXWD7-Cc,https://vidsrc.to/embed/movie/19092
410,94,Bb2FTulPpOA,https://vidsrc.to/embed/movie/2758
412,138,I3Mx8OSlNYM,https://vidsrc.to/embed/movie/10436
413,92,y6rFEdy4hrk,https://vidsrc.to/embed/movie/13595
414,107,gMckymETP1I,https://vidsrc.to/embed/movie/46094
415,109,DPcFwi6lLm8,https://vidsrc.to/embed/movie/9409
416,99,CvSpONjcX2o,https://vidsrc.to/embed/movie/11853
417,100,qJGU08RaoNU,https://vidsrc.to/embed/movie/16771
418,122,zOLyXi3uY84,https://vidsrc.to/embed/movie/46924
419,93,Sy0tjb-Gjqw,https://vidsrc.to/embed/movie/11041
420,105,XH3VbQMv-Nk,https://vidsrc.to/embed/movie/306
421,88,Vu73Mwht-Kw,https://vidsrc.to/embed/movie/14522
422,106,azibdrz8l3c,https://vidsrc.to/embed/movie/26203
423,121,f3N-e9BLZFo,https://vidsrc.to/embed/movie/178
424,108,3FC5zdcct9s,https://vidsrc.to/embed/movie/19819
425,101,G33WnfZ9YCU,https://vidsrc.to/embed/movie/57834
426,87,8Ox5QYDvyWw,https://vidsrc.to/embed/movie/4722
427,107,QgsUUFYLSoQ,https://vidsrc.to/embed/movie/18215
428,121,v77Dj4FhIA8,https://vidsrc.to/embed/movie/1607
429,80,cmBq41nVrXs,https://vidsrc.to/embed/movie/26391
430,90,Ci-QG4w1Tz0,https://vidsrc.to/embed/movie/117553
431,144,nYBHVf108J0,https://vidsrc.to/embed/movie/6075
432,116,qByUG0k-K-c,https://vidsrc.to/embed/movie/11310
433,107,tBOd_AiVa-8,https://vidsrc.to/embed/movie/18658
434,113,2j18n9shdw8,https://vidsrc.to/embed/movie/9350
435,87,_Q8CpaejCk8,https://vidsrc.to/embed/movie/9612
436,121,09rrVrDZJYU,https://vidsrc.to/embed/movie/2124
437,93,WtEYTu8vxoA,https://vidsrc.to/embed/movie/26261
438,107,McAPp0LAfOw,https://vidsrc.to/embed/movie/19176
440,110,ynC1hITFIzQ,https://vidsrc.to/embed/movie/11566
441,102,uzDPw5N8d_0,https://vidsrc.to/embed/movie/9571
442,115,JdXYTDqeXe4,https://vidsrc.to/embed/movie/9739
444,96,K_Q1VTuna-w,https://vidsrc.to/embed/movie/34444
445,90,9ykW-780bHs,https://vidsrc.to/embed/movie/26141
446,171,FFiHfDBt9lE,https://vidsrc.to/embed/movie/10997
448,122,nnsdUVp06Dc,https://vidsrc.to/embed/movie/10443
449,88,usSS517OlSI,https://vidsrc.to/embed/movie/20239
450,103,DZ7Fm26YJjs,https://vidsrc.to/embed/movie/16297
451,126,1SbacB2W1l8,https://vidsrc.to/embed/movie/18551
452,101,BAsNqcro3EE,https://vidsrc.to/embed/movie/25440
453,94,doB6Oa1Iyic,https://vidsrc.to/embed/movie/9024
454,154,-ViGnnpsNKg,https://vidsrc.to/embed/movie/37233
455,112,PQZES1EtZ2w,https://vidsrc.to/embed/movie/1634
456,114,R1wenNfrjI8,https://vidsrc.to/embed/movie/13815
457,131,OlYsVq6FpuU,https://vidsrc.to/embed/movie/5503
458,115,v4alqybzcic,https://vidsrc.to/embed/movie/35588
459,115,lXK8xBQEzJ4,https://vidsrc.to/embed/movie/2087
460,109,idx2k39SU5M,https://vidsrc.to/embed/movie/41579
461,83,qnWt4aMBE6E,https://vidsrc.to/embed/movie/18620
464,97,-pzx4IeYYFg,https://vidsrc.to/embed/movie/2019
466,88,Rida8js49Uo,https://vidsrc.to/embed/movie/9255
467,95,,https://vidsrc.to/embed/movie/26271
468,91,1UWT0dMrYOM,https://vidsrc.to/embed/movie/10612
469,140,XGjmJSPzEfw,https://vidsrc.to/embed/movie/2259
470,94,Rh7eZVsqNqk,https://vidsrc.to/embed/movie/16097
471,111,2o5yi6hFg4Q,https://vidsrc.to/embed/movie/11934
472,115,j-V5nw8KI08,https://vidsrc.to/embed/movie/106143
473,91,D8WQ8sgWaVU,https://vidsrc.to/embed/movie/12475
474,128,Oc-4t7LI68M,https://vidsrc.to/embed/movie/9386
475,133,aF-JdPpQNoo,https://vidsrc.to/embed/movie/7984
476,110,A0QhbZ7k9jI,https://vidsrc.to/embed/movie/59930
477,118,4YMzT2Uelts,https://vidsrc.to/embed/movie/15765
478,112,zLckjRbfUlE,https://vidsrc.to/embed/movie/31643
479,109,TPqsPcT-gVQ,https://vidsrc.to/embed/movie/6
480,127,bx46tthKXmc,https://vidsrc.to/embed/movie/329
481,118,2ut7heVeMnM,https://vidsrc.to/embed/movie/10909
482,96,u_4mhnd-098,https://vidsrc.to/embed/movie/507
484,94,VkwPGVUHg9E,https://vidsrc.to/embed/movie/29918
485,131,OJw8o49CNZI,https://vidsrc.to/embed/movie/9593
486,91,niJhC06sv1g,https://vidsrc.to/embed/movie/42580
487,98,,https://vidsrc.to/embed/movie/22317
488,101,fgANS15AN4I,https://vidsrc.to/embed/movie/1413
489,111,dPPN93A3RRs,https://vidsrc.to/embed/movie/12121
490,107,n6Yeb5i1blY,https://vidsrc.to/embed/movie/2246
491,115,YWyo45AArP8,https://vidsrc.to/embed/movie/10502
492,104,kOQuEcmYoZI,https://vidsrc.to/embed/movie/10440
493,97,woJQ9XPpVVY,https://vidsrc.to/embed/movie/9516
494,132,hY4EfSHyIyA,https://vidsrc.to/embed/movie/2320
495,105,w-o8EKjXJPQ,https://vidsrc.to/embed/movie/5879
496,91,QgxLAcCO55k,https://vidsrc.to/embed/movie/83718
497,111,rbSN4Lv_N4g,https://vidsrc.to/embed/movie/11971
499,98,dD1VJZSZcF8,https://vidsrc.to/embed/movie/31911
500,125,NBZ2ioWBxD8,https://vidsrc.to/embed/movie/788
501,131,TdKPbyvS0qc,https://vidsrc.to/embed/movie/21450
502,107,eDchGHJdRVs,https://vidsrc.to/embed/movie/11231
504,118,J_1OWBKKSbw,https://vidsrc.to/embed/movie/10447
505,87,zInygRFVbxA,https://vidsrc.to/embed/movie/31586
506,94,MorOaD61KUI,https://vidsrc.to/embed/movie/9300
507,138,_Qm-UhA3b4g,https://vidsrc.to/embed/movie/9559
508,126,qf49UApA88s,https://vidsrc.to/embed/movie/9800
509,120,61ooIf1QDZo,https://vidsrc.to/embed/movie/713
510,109,XkI_0pJlLl0,https://vidsrc.to/embed/movie/8291
511,112,dBOwtSdtAYg,https://vidsrc.to/embed/movie/18133
512,109,rU6ghNfsQSI,https://vidsrc.to/embed/movie/25557
513,108,ftyAK30wfBk,https://vidsrc.to/embed/movie/22588
514,97,_26ROmuSyTQ,https://vidsrc.to/embed/movie/10872
515,134,jALmEb72beg,https://vidsrc.to/embed/movie/1245
516,128,HU7DpT-s2VA,https://vidsrc.to/embed/movie/11858
517,129,4gPr_qix-po,https://vidsrc.to/embed/movie/7007
518,118,DX5eHMZuuro,https://vidsrc.to/embed/movie/10467
519,105,VWBo9-YtSQs,https://vidsrc.to/embed/movie/5550
520,104,rL_aElj93ws,https://vidsrc.to/embed/movie/8005
521,100,XuPs8dWiXZw,https://vidsrc.to/embed/movie/2088
522,94,Tu2JLPh4A40,https://vidsrc.to/embed/movie/10412
523,114,4G5MY_T-CBY,https://vidsrc.to/embed/movie/47889
524,114,7YKYFz-0a1E,https://vidsrc.to/embed/movie/14534
526,126,,https://vidsrc.to/embed/movie/41878
527,195,v0RB-3sWbBA,https://vidsrc.to/embed/movie/424
528,101,rX9q4A65jHg,https://vidsrc.to/embed/movie/35233
529,110,hOTc4D0uQNk,https://vidsrc.to/embed/movie/14291
531,101,1zeqqhA5Z3A,https://vidsrc.to/embed/movie/11236
532,94,Ut9GvlhB9f4,https://vidsrc.to/embed/movie/11592
533,108,l0lbmUaooSw,https://vidsrc.to/embed/movie/8850
534,131,-zfkmfRX4X4,https://vidsrc.to/embed/movie/10445
535,188,ePyhGz9_RCI,https://vidsrc.to/embed/movie/695
536,106,e7bD5BNqfwY,https://vidsrc.to/embed/movie/43535
537,98,KX4hfaiL640,https://vidsrc.to/embed/movie/12519
538,112,IBO1Sr14eQQ,https://vidsrc.to/embed/movie/23210
539,105,2bnxHgO59A4,https://vidsrc.to/embed/movie/858
540,107,qvMMd47Yox0,https://vidsrc.to/embed/movie/867
541,118,qoEyZoOTtss,https://vidsrc.to/embed/movie/78
542,95,8pnnGZUe14g,https://vidsrc.to/embed/movie/13203
543,93,nGlyUmq9wE4,https://vidsrc.to/embed/movie/10442
544,102,5PbX4LXD6Es,https://vidsrc.to/embed/movie/11074
546,105,GE7zdN-Qzvw,https://vidsrc.to/embed/movie/9607
547,96,SzsAue_mm0g,https://vidsrc.to/embed/movie/17585
548,102,cMzjb5OeYng,https://vidsrc.to/embed/movie/9057
549,93,,https://vidsrc.to/embed/movie/20967
550,93,u1KIeJaW3kI,https://vidsrc.to/embed/movie/10635
551,76,IoYahD_xNR0,https://vidsrc.to/embed/movie/9479
552,105,FMy1TFRF8Lk,https://vidsrc.to/embed/movie/10057
553,130,XTWYKf5hXIg,https://vidsrc.to/embed/movie/11969
555,121,6uoPeUa7Gkc,https://vidsrc.to/embed/movie/319
556,96,gOVn50rHV0g,https://vidsrc.to/embed/movie/26408
558,75,ZFDV5lsFOpk,https://vidsrc.to/embed/movie/15139
562,88,5U0QG3L6XsE,https://vidsrc.to/embed/movie/11446
563,160,chCnbs7UMSk,https://vidsrc.to/embed/movie/51980
564,102,ubV1jwg9Ce0,https://vidsrc.to/embed/movie/24405
567,117,z5bmEnGrA4s,https://vidsrc.to/embed/movie/8223
568,100,_ZjYlCGAz3c,https://vidsrc.to/embed/movie/14587
569,119,sP0Nz4IrRwU,https://vidsrc.to/embed/movie/31504
573,93,,https://vidsrc.to/embed/movie/23637
574,106,zCxlFPnsEU4,https://vidsrc.to/embed/movie/17600
575,82,FgyCE8VsGKM,https://vidsrc.to/embed/movie/10897
577,94,,https://vidsrc.to/embed/movie/21352
579,96,kd4eDke73oI,https://vidsrc.to/embed/movie/68806
580,97,iXBGg5sDRyQ,https://vidsrc.to/embed/movie/37345
581,102,JL_vrb4-6_0,https://vidsrc.to/embed/movie/32562
583,101,Qujgo5C09rM,https://vidsrc.to/embed/movie/25403
585,89,zMicH5Mt7_s,https://vidsrc.to/embed/movie/9066
586,103,sptc2IcHnc4,https://vidsrc.to/embed/movie/771
587,127,S5chCgGiTsw,https://vidsrc.to/embed/movie/251
588,91,mq05scD6PUs,https://vidsrc.to/embed/movie/812
589,137,CRRlbK5w8AE,https://vidsrc.to/embed/movie/280
590,181,N4gr-uXUg1M,https://vidsrc.to/embed/movie/581
592,126,ygK7sAavO0c,https://vidsrc.to/embed/movie/268
593,119,6iB21hsprAQ,https://vidsrc.to/embed/movie/274
594,83,P4YE-s_8L1Q,https://vidsrc.to/embed/movie/408
595,84,0QwuPbbT_zk,https://vidsrc.to/embed/movie/10020
596,88,_xHYzf_rdGU,https://vidsrc.to/embed/movie/10895
597,120,2EBAVoN8L_U,https://vidsrc.to/embed/movie/114
599,145,kdy0t_8mQBw,https://vidsrc.to/embed/movie/576
600,101,B3AqG25J_Vo,https://vidsrc.to/embed/movie/15477
602,60,,https://vidsrc.to/embed/movie/124472
605,108,BJjj_v33mTs,https://vidsrc.to/embed/movie/7300
606,95,jpInUUDkZwo,https://vidsrc.to/embed/movie/10824
608,98,aoOZDiswNaw,https://vidsrc.to/embed/movie/275
609,89,sSfkkYgv_3o,https://vidsrc.to/embed/movie/25059
610,90,-Fvzpl5wTPo,https://vidsrc.to/embed/movie/11827
611,86,NoU_IizY9GM,https://vidsrc.to/embed/movie/8766
612,97,2Qq2LmclTw8,https://vidsrc.to/embed/movie/23570
613,113,jKvO2TYPuTw,https://vidsrc.to/embed/movie/47333
615,115,,https://vidsrc.to/embed/movie/51242
616,78,h6M_OJ41NfA,https://vidsrc.to/embed/movie/10112
617,106,Zg7qqTOgT1M,https://vidsrc.to/embed/movie/4307
618,118,ajGpyRSKgKw,https://vidsrc.to/embed/movie/46029
619,94,InqDF8ImCgU,https://vidsrc.to/embed/movie/32308
626,108,pKo_j8OuWAQ,https://vidsrc.to/embed/movie/28121
627,92,jNPSHydODoI,https://vidsrc.to/embed/movie/12520
628,130,dUzCu3LntU8,https://vidsrc.to/embed/movie/1592
631,82,yPkqreV3siY,https://vidsrc.to/embed/movie/19042
632,109,ZbZnyGT4P7o,https://vidsrc.to/embed/movie/38884
633,80,,https://vidsrc.to/embed/movie/47449
634,92,dY7gsUL9Xkk,https://vidsrc.to/embed/movie/36259
635,109,,https://vidsrc.to/embed/movie/41852
636,88,OultAtx3ptc,https://vidsrc.to/embed/movie/40926
637,90,3mHbLYzdqVE,https://vidsrc.to/embed/movie/9099
638,110,_fQLwQ0Yhj8,https://vidsrc.to/embed/movie/2021
639,108,yGxWoppTujU,https://vidsrc.to/embed/movie/61752
640,107,c9jTjZ89HVc,https://vidsrc.to/embed/movie/10988
645,106,,https://vidsrc.to/embed/movie/12652
647,116,qCkmk14stW8,https://vidsrc.to/embed/movie/10684
648,111,L8Pbjh4EZRk,https://vidsrc.to/embed/movie/954
649,85,a5l6MbXu6AQ,https://vidsrc.to/embed/movie/68445
650,123,Ac1GR0lO3hg,https://vidsrc.to/embed/movie/18989
653,103,7MSLlD8lQ5k,https://vidsrc.to/embed/movie/8840
656,100,_iuDUSj5jaI,https://vidsrc.to/embed/movie/11107
661,79,7OKQVzOO-DM,https://vidsrc.to/embed/movie/10539
662,97,p2AlffKozbg,https://vidsrc.to/embed/movie/10543
663,88,FIXQBdYjAWI,https://vidsrc.to/embed/movie/18414
665,170,rYTvmLvLchs,https://vidsrc.to/embed/movie/11902
667,90,RV42hof83ws,https://vidsrc.to/embed/movie/25087
668,125,mgv68E_o6VM,https://vidsrc.to/embed/movie/5801
670,105,mgv68E_o6VM,https://vidsrc.to/embed/movie/896
671,73,,https://vidsrc.to/embed/movie/3065
673,87,v98aXG562h4,https://vidsrc.to/embed/movie/2300
674,98,ZKakq5NgoxA,https://vidsrc.to/embed/movie/8069
678,25,,https://vidsrc.to/embed/movie/27768
679,109,--GgszWGqIw,https://vidsrc.to/embed/movie/221917
680,99,CzaATgGHmy0,https://vidsrc.to/embed/movie/8072
685,110,R1OitcQJi5I,https://vidsrc.to/embed/movie/33245
688,107,mHd7O6YeHIU,https://vidsrc.to/embed/movie/27281
691,105,WPLODs_yJGE,https://vidsrc.to/embed/movie/40001
692,94,,https://vidsrc.to/embed/movie/29621
694,114,IpUI3NRsjk8,https://vidsrc.to/embed/movie/20762
695,94,,https://vidsrc.to/embed/movie/37144
697,99,LoVRGgufV2w,https://vidsrc.to/embed/movie/12656
698,99,Gg9c-WnK6sM,https://vidsrc.to/embed/movie/38867
700,90,,https://vidsrc.to/embed/movie/25969
703,86,7zkoiOq2Urw,https://vidsrc.to/embed/movie/43634
704,95,EaCbSlAsQoE,https://vidsrc.to/embed/movie/9103
706,99,MjsvTIlTdvg,https://vidsrc.to/embed/movie/29649
707,107,4KQ4kqppxSs,https://vidsrc.to/embed/movie/10990
708,93,6nFJcAt-ktU,https://vidsrc.to/embed/movie/8866
709,74,r42b0bRF9v0,https://vidsrc.to/embed/movie/12233
710,91,SnQFSfapPl8,https://vidsrc.to/embed/movie/23449
711,95,YQRbTNN-jNE,https://vidsrc.to/embed/movie/36355
714,122,FEHMWguT--U,https://vidsrc.to/embed/movie/922
715,135,,https://vidsrc.to/embed/movie/11876
718,107,,https://vidsrc.to/embed/movie/11687
719,117,SH2XDPI5664,https://vidsrc.to/embed/movie/9304
720,75,,https://vidsrc.to/embed/movie/503475
722,112,,https://vidsrc.to/embed/movie/73183
724,101,SxEqB--5ToI,https://vidsrc.to/embed/movie/9100
725,91,WnyftZZ880s,https://vidsrc.to/embed/movie/20759
726,103,_aLZr3oBk9E,https://vidsrc.to/embed/movie/46063
728,95,6P_1oFBbKZ4,https://vidsrc.to/embed/movie/32513
731,132,hwuRDxzitek,https://vidsrc.to/embed/movie/36915
733,137,a3qcNyjj9ZQ,https://vidsrc.to/embed/movie/9802
735,103,I6o0TJNC77I,https://vidsrc.to/embed/movie/21588
736,113,beHzfQPaTaw,https://vidsrc.to/embed/movie/664
737,98,8bNMwKRVbWA,https://vidsrc.to/embed/movie/11867
741,83,rU6Matng9MU,https://vidsrc.to/embed/movie/9323
742,92,jN4NcET1R-k,https://vidsrc.to/embed/movie/10280
743,81,q7eXHlWfulI,https://vidsrc.to/embed/movie/10535
745,30,36GfaI0_B8E,https://vidsrc.to/embed/movie/532
747,94,,https://vidsrc.to/embed/movie/16299
748,115,U6d_OZHCDb0,https://vidsrc.to/embed/movie/10547
750,95,Ja3n2Mxf21s,https://vidsrc.to/embed/movie/935
757,100,j8zg_25-SYA,https://vidsrc.to/embed/movie/40751
759,83,GgfiK3hjxYI,https://vidsrc.to/embed/movie/85778
760,134,3usU25Z9ICE,https://vidsrc.to/embed/movie/11101
761,100,oY7R0lHSw3U,https://vidsrc.to/embed/movie/9826
762,115,ujvOdC3-JGw,https://vidsrc.to/embed/movie/9879
764,105,,https://vidsrc.to/embed/movie/22621
765,113,R2tCAybRzpY,https://vidsrc.to/embed/movie/7095
766,103,qAQRCcQlXXE,https://vidsrc.to/embed/movie/26890
773,91,KuPxols8FwU,https://vidsrc.to/embed/movie/77771
775,121,7FJuSlLlmSk,https://vidsrc.to/embed/movie/41225
778,94,bKrbNruyFVE,https://vidsrc.to/embed/movie/627
779,113,haQ3SOYIoi8,https://vidsrc.to/embed/movie/32872
780,145,qHH7VxJJ2k8,https://vidsrc.to/embed/movie/602
781,116,SStzlZz6lxc,https://vidsrc.to/embed/movie/14553
782,116,OJhwzOqqdqU,https://vidsrc.to/embed/movie/9566
783,91,HUGraD-rxjk,https://vidsrc.to/embed/movie/10545
784,96,rhhI_qYOacw,https://vidsrc.to/embed/movie/9894
785,114,1DsveTPI4aM,https://vidsrc.to/embed/movie/11543
786,115,GZNhdAuUhpA,https://vidsrc.to/embed/movie/9268
788,95,FFVbS0qm0TI,https://vidsrc.to/embed/movie/9327
790,82,is58u1Y1z7o,https://vidsrc.to/embed/movie/81949
795,102,gGRJkaxndzg,https://vidsrc.to/embed/movie/44535
798,115,tRWIfCpxNK4,https://vidsrc.to/embed/movie/11228
799,110,zmQxM32PWRM,https://vidsrc.to/embed/movie/10779
800,135,UffK-IHM1B0,https://vidsrc.to/embed/movie/26748
801,101,,https://vidsrc.to/embed/movie/38223
802,123,apduYg2VqTI,https://vidsrc.to/embed/movie/9294
803,86,ohAd27SbH6E,https://vidsrc.to/embed/movie/49963
804,96,mIvoJ2_8X5I,https://vidsrc.to/embed/movie/11363
805,149,701GQjY6PaI,https://vidsrc.to/embed/movie/1645
806,88,ZsWPpq_AqDA,https://vidsrc.to/embed/movie/31546
808,109,iKpgVlwF5vY,https://vidsrc.to/embed/movie/36344
809,98,unkjtd50Nmk,https://vidsrc.to/embed/movie/18550
810,94,fFVaxa1UKNg,https://vidsrc.to/embed/movie/11511
813,93,BjM_ln1NBu8,https://vidsrc.to/embed/movie/34170
818,90,BKkq5Iqujuw,https://vidsrc.to/embed/movie/12606
823,86,dBK-cedrRt8,https://vidsrc.to/embed/movie/4837
824,139,,https://vidsrc.to/embed/movie/12632
828,95,XgeK_nCwwhg,https://vidsrc.to/embed/movie/18975
829,81,oTPMCFJW1gQ,https://vidsrc.to/embed/movie/11962
830,102,5YBmnlAeijk,https://vidsrc.to/embed/movie/2925
832,121,fIo43xs25DQ,https://vidsrc.to/embed/movie/3595
833,86,R4ZUi1mEbG0,https://vidsrc.to/embed/movie/9308
835,102,SQ-CopNrehU,https://vidsrc.to/embed/movie/18555
836,107,bV5HVS-pdvY,https://vidsrc.to/embed/movie/12123
837,98,c2DK0o-uEnU,https://vidsrc.to/embed/movie/10830
838,121,Qqt3MYX2i0I,https://vidsrc.to/embed/movie/3573
839,84,ptt-3fC3bcU,https://vidsrc.to/embed/movie/10546
840,108,RQYNVWQe9no,https://vidsrc.to/embed/movie/18862
841,84,CEjrg-L8lvs,https://vidsrc.to/embed/movie/31417
842,87,WGe7kfi0lZA,https://vidsrc.to/embed/movie/9431
848,117,SKKdkqnAX4o,https://vidsrc.to/embed/movie/47907
849,101,EMvoxhtPXXA,https://vidsrc.to/embed/movie/10061
851,107,8zIsTrrYeQU,https://vidsrc.to/embed/movie/549
852,135,jUa0g5yr8z8,https://vidsrc.to/embed/movie/10478
858,175,Ew9ngL1GZvs,https://vidsrc.to/embed/movie/238
861,95,7grXAiYDX3c,https://vidsrc.to/embed/movie/11134
866,105,ToCMwdOaWh4,https://vidsrc.to/embed/movie/9303
867,89,,https://vidsrc.to/embed/movie/23945
869,116,H9PFVthayBE,https://vidsrc.to/embed/movie/22479
870,94,Fiw6M7hmJ6A,https://vidsrc.to/embed/movie/9054
875,83,,https://vidsrc.to/embed/movie/410921
876,101,uN1T-L17B1A,https://vidsrc.to/embed/movie/38955
879,110,bFbvUDpRBuo,https://vidsrc.to/embed/movie/11015
880,96,lJP3cb2RcII,https://vidsrc.to/embed/movie/9306
881,101,_t7ubr0jBII,https://vidsrc.to/embed/movie/12559
882,94,,https://vidsrc.to/embed/movie/58770
885,110,UtTdKGJMLxA,https://vidsrc.to/embed/movie/3587
886,84,yfzAGAQvsz8,https://vidsrc.to/embed/movie/10723
888,70,aStODvSPBPI,https://vidsrc.to/embed/movie/19004
889,87,,https://vidsrc.to/embed/movie/101230
891,88,YZbc4LCDPsk,https://vidsrc.to/embed/movie/10987
892,134,DGEoGFdjXi8,https://vidsrc.to/embed/movie/44705
893,114,KYbXUWw61ug,https://vidsrc.to/embed/movie/20318
896,115,L3On9Zj0Xnw,https://vidsrc.to/embed/movie/26933
897,170,-B3MQoKQ_vI,https://vidsrc.to/embed/movie/27854
898,113,EQ9tK-XHZrg,https://vidsrc.to/embed/movie/981
899,103,lSE8sl2-PZg,https://vidsrc.to/embed/movie/872
900,113,1XMXAleA1eQ,https://vidsrc.to/embed/movie/2769
901,103,aY2EHAgqr6k,https://vidsrc.to/embed/movie/13320
902,115,KlZ4fYqjGJI,https://vidsrc.to/embed/movie/164
903,128,UHhsEYDg8GI,https://vidsrc.to/embed/movie/426
904,112,iZOTTxwzyMU,https://vidsrc.to/embed/movie/567
905,105,FUAxNS_31So,https://vidsrc.to/embed/movie/3078
906,114,pnGdlnH2BDY,https://vidsrc.to/embed/movie/13528
907,105,g2y-2pjq4Bk,https://vidsrc.to/embed/movie/28288
908,137,cPNiwc3ogIo,https://vidsrc.to/embed/movie/213
909,126,ekDkUUPSWuY,https://vidsrc.to/embed/movie/284
910,123,97TYs2YXbJw,https://vidsrc.to/embed/movie/239
911,113,OpuGXAlvDZs,https://vidsrc.to/embed/movie/4808
912,102,MF7JH_54d8c,https://vidsrc.to/embed/movie/289
913,100,Yv-BPuqhW9U,https://vidsrc.to/embed/movie/963
914,170,ZJBM6qs22sE,https://vidsrc.to/embed/movie/11113
915,113,AOZuxReeNTk,https://vidsrc.to/embed/movie/6620
916,119,2vm2FdHg7Io,https://vidsrc.to/embed/movie/804
917,93,VKR9LFKI0to,https://vidsrc.to/embed/movie/26531
918,114,dLNa7mp0wWo,https://vidsrc.to/embed/movie/909
919,102,b_A2twyZevo,https://vidsrc.to/embed/movie/630
920,233,fgdCVxmPMVE,https://vidsrc.to/embed/movie/770
921,92,JqQWY8T5nok,https://vidsrc.to/embed/movie/31044
922,110,ZQWqIA1-kvA,https://vidsrc.to/embed/movie/599
923,119,fAcLNMkzfTE,https://vidsrc.to/embed/movie/15
924,149,kR2r-A9H3Kg,https://vidsrc.to/embed/movie/62
926,139,MILphnfj2mo,https://vidsrc.to/embed/movie/705
927,133,I8WsqaN4izs,https://vidsrc.to/embed/movie/22490
928,130,cJok8CPtHRw,https://vidsrc.to/embed/movie/223
929,120,zXbQ7CRaAao,https://vidsrc.to/embed/movie/25670
930,103,H8f4UOtLf5Q,https://vidsrc.to/embed/movie/303
931,111,HIBaGIUbXqI,https://vidsrc.to/embed/movie/4174
932,111,1qFSl4DiKXA,https://vidsrc.to/embed/movie/8356
933,106,YIc5SDKEC6g,https://vidsrc.to/embed/movie/381
934,92,7EMQgVqta_M,https://vidsrc.to/embed/movie/20758
935,112,rgvJPU8t6kE,https://vidsrc.to/embed/movie/29376
936,110,OhCCG5qSC1I,https://vidsrc.to/embed/movie/1859
937,130,LY7cdC6INIg,https://vidsrc.to/embed/movie/18299
938,115,,https://vidsrc.to/embed/movie/17281
940,102,dwzLBwPLB_E,https://vidsrc.to/embed/movie/10907
941,94,,https://vidsrc.to/embed/movie/32093
942,88,KgGtRJY516E,https://vidsrc.to/embed/movie/1939
943,105,n-X00-BoG9o,https://vidsrc.to/embed/movie/22292
944,132,BQ7g3HOGENs,https://vidsrc.to/embed/movie/3598
945,99,FZUwE1n5zsE,https://vidsrc.to/embed/movie/3080
946,99,DM4PxOf3OxY,https://vidsrc.to/embed/movie/198
947,95,6zkZd9GkxWc,https://vidsrc.to/embed/movie/13562
948,201,nzR5GkkvorA,https://vidsrc.to/embed/movie/1712
949,115,Yi_wwgJOEwk,https://vidsrc.to/embed/movie/220
950,91,F2vlPkv0tQU,https://vidsrc.to/embed/movie/3529
951,92,FKghQCbQOwY,https://vidsrc.to/embed/movie/3085
952,182,vjiCO8k6Jhg,https://vidsrc.to/embed/movie/2897
953,131,iLR3gZrU2Xo,https://vidsrc.to/embed/movie/1585
954,130,bXoF7w6IWAc,https://vidsrc.to/embed/movie/3083
955,102,F25nzu6hh0Q,https://vidsrc.to/embed/movie/900
956,120,yvrFt_1bR6g,https://vidsrc.to/embed/movie/43795
959,83,VE3sLaSTR0s,https://vidsrc.to/embed/movie/43905
961,102,OMmxSELuP-8,https://vidsrc.to/embed/movie/23114
963,101,t3ehZvLL2UE,https://vidsrc.to/embed/movie/40206
965,86,EjPwRiJ1Yxw,https://vidsrc.to/embed/movie/260
968,96,DIuI6T48Sj0,https://vidsrc.to/embed/movie/10331
969,105,sFVu74-A6kI,https://vidsrc.to/embed/movie/488
970,95,y6X_KEGaG-A,https://vidsrc.to/embed/movie/22733
971,108,SGvJZLJi9sU,https://vidsrc.to/embed/movie/261
973,123,9j3gdbdnoEk,https://vidsrc.to/embed/movie/32574
976,89,KT1RIeg5WL0,https://vidsrc.to/embed/movie/22649
979,83,7uGVPYDtrQo,https://vidsrc.to/embed/movie/125587
981,95,D313rsokyXg,https://vidsrc.to/embed/movie/52855
982,114,bhBzakdSfeU,https://vidsrc.to/embed/movie/39940
984,99,,https://vidsrc.to/embed/movie/85328
986,107,2mpxfPxPM6A,https://vidsrc.to/embed/movie/11076
987,103,,https://vidsrc.to/embed/movie/63945
988,116,nOhOiFpZJ78,https://vidsrc.to/embed/movie/58985
990,100,ssvDmR3K7UA,https://vidsrc.to/embed/movie/10861
991,132,2jErbT03WXc,https://vidsrc.to/embed/movie/1770
993,119,_FHMeXqC1po,https://vidsrc.to/embed/movie/2033
994,109,lQQhoYLsoHI,https://vidsrc.to/embed/movie/18203
996,101,Rz4pQWEtEhg,https://vidsrc.to/embed/movie/9333
998,123,bKB2KclDMTY,https://vidsrc.to/embed/movie/9400
999,104,umjwm08s104,https://vidsrc.to/embed/movie/9401
1003,118,dUppiay4Fs0,https://vidsrc.to/embed/movie/11306
1004,92,zJQNS57EpVo,https://vidsrc.to/embed/movie/9625
1005,104,CFSmoKm6c5A,https://vidsrc.to/embed/movie/10680
1006,113,9Qu4LuSdbTo,https://vidsrc.to/embed/movie/6346
1007,100,GnS0_UTEayY,https://vidsrc.to/embed/movie/18660
1008,93,AFN_1Ju7Hak,https://vidsrc.to/embed/movie/35115
1009,97,nswae1s320k,https://vidsrc.to/embed/movie/14821
1010,108,gn3gK27HIsw,https://vidsrc.to/embed/movie/14136
1011,88,swDEaCgluWQ,https://vidsrc.to/embed/movie/10869
1012,84,ctter6jvD4Y,https://vidsrc.to/embed/movie/22660
1013,129,E0HVZHMGXsM,https://vidsrc.to/embed/movie/19186
1014,134,XVtLP5tfpCA,https://vidsrc.to/embed/movie/31102
1015,84,GyONxFhfuuQ,https://vidsrc.to/embed/movie/6878
1016,104,TiJOBf9WKBA,https://vidsrc.to/embed/movie/15944
1017,126,O3qehNT3KjY,https://vidsrc.to/embed/movie/18444
1018,116,QfqVYCRdtdc,https://vidsrc.to/embed/movie/20723
1019,127,BdHWQOhs1x4,https://vidsrc.to/embed/movie/173
1020,98,wLlmymHRNZg,https://vidsrc.to/embed/movie/864
1021,103,wok7pG9_vX8,https://vidsrc.to/embed/movie/24795
1022,74,rPTMApBFfcI,https://vidsrc.to/embed/movie/11224
1023,25,,https://vidsrc.to/embed/movie/81310
1024,71,fS_Xklf08EY,https://vidsrc.to/embed/movie/15947
1025,79,UI57RCDMgVM,https://vidsrc.to/embed/movie/9078
1027,143,DJSsMR5NUuc,https://vidsrc.to/embed/movie/8367
1028,139,H54Ft85U2RA,https://vidsrc.to/embed/movie/433
1029,64,GPY-g86tcS4,https://vidsrc.to/embed/movie/11360
1030,128,9xI2NouriHI,https://vidsrc.to/embed/movie/11114
1031,117,yo9vrPpWI7k,https://vidsrc.to/embed/movie/12335
1032,75,JY2rHymtNvc,https://vidsrc.to/embed/movie/12092
1033,82,hbuIeTHh4To,https://vidsrc.to/embed/movie/10948
1034,102,pCii3NPBDlQ,https://vidsrc.to/embed/movie/11229
1035,174,Q7wZClqWm_o,https://vidsrc.to/embed/movie/15121
1036,132,TotSHi0ViUc,https://vidsrc.to/embed/movie/562
1037,108,zzwPuJklv4w,https://vidsrc.to/embed/movie/10163
1040,95,,https://vidsrc.to/embed/movie/47199
1041,142,V1e9ovKQViw,https://vidsrc.to/embed/movie/11159
1042,108,WeZ-DD01tNc,https://vidsrc.to/embed/movie/9591
1043,93,XxeSLgMObIM,https://vidsrc.to/embed/movie/30500
1046,92,YeGBkXoOe6Q,https://vidsrc.to/embed/movie/10938
1047,121,dYpVQraaTZ4,https://vidsrc.to/embed/movie/11412
1049,109,jGsiY-2CkPU,https://vidsrc.to/embed/movie/10586
1050,112,nVgdtcNwIGQ,https://vidsrc.to/embed/movie/42314
1051,95,xZutAd7RQKU,https://vidsrc.to/embed/movie/27845
1053,101,eZB90dRD79w,https://vidsrc.to/embed/movie/23223
1054,122,A104gXyW1Ts,https://vidsrc.to/embed/movie/49471
1055,103,U2CNeff1Q5M,https://vidsrc.to/embed/movie/38153
1056,123,tVpgRZURgsA,https://vidsrc.to/embed/movie/25147
1057,101,w0PN_ZvESJ4,https://vidsrc.to/embed/movie/9716
1059,120,oO4jqwpt25k,https://vidsrc.to/embed/movie/454
1060,96,SoNOlh_zCf8,https://vidsrc.to/embed/movie/10218
1061,147,rNaMAgf4ErE,https://vidsrc.to/embed/movie/819
1064,81,9GOQF17VO24,https://vidsrc.to/embed/movie/11238
1066,109,mWlDVSlv-2s,https://vidsrc.to/embed/movie/31530
1068,86,Qf_tJx9SwMk,https://vidsrc.to/embed/movie/28120
1073,100,2WKPKnggJqk,https://vidsrc.to/embed/movie/252
1076,100,ICFDe3223MQ,https://vidsrc.to/embed/movie/16372
1077,87,PcaXIWYDo-4,https://vidsrc.to/embed/movie/11561
1078,82,8tO1xhgYvUM,https://vidsrc.to/embed/movie/11302
1079,109,0WTwVpEEMps,https://vidsrc.to/embed/movie/623
1080,94,tK4Qb51ftd4,https://vidsrc.to/embed/movie/583
1081,134,t8hi31nDDEc,https://vidsrc.to/embed/movie/12614
1082,110,9RTIQWXzexU,https://vidsrc.to/embed/movie/21711
1083,160,9biklE2wA6M,https://vidsrc.to/embed/movie/11575
1084,111,dJsnF6Of2G4,https://vidsrc.to/embed/movie/475
1085,86,_NrRGsTQyKY,https://vidsrc.to/embed/movie/11331
1086,105,kR_NZuW28XE,https://vidsrc.to/embed/movie/521
1088,100,IJlyeKCn3PQ,https://vidsrc.to/embed/movie/88
1089,99,2KLZ4fSXtgI,https://vidsrc.to/embed/movie/500
1090,120,R8weLPF4qBQ,https://vidsrc.to/embed/movie/792
1091,98,nt4qeydCH3Y,https://vidsrc.to/embed/movie/8491
1092,128,HL-eEzcSU3w,https://vidsrc.to/embed/movie/402
1093,140,qJu9nfVCQmk,https://vidsrc.to/embed/movie/10537
1094,112,ov9tdqv8Cw8,https://vidsrc.to/embed/movie/11386
1095,100,_VrekKSuFto,https://vidsrc.to/embed/movie/9504
1096,151,STPJVf6wqCk,https://vidsrc.to/embed/movie/15764
1097,115,NsvdZ_z56c0,https://vidsrc.to/embed/movie/601
1099,69,iWa9EVeUqhA,https://vidsrc.to/embed/movie/25842
1100,107,RU2tNPd8zJA,https://vidsrc.to/embed/movie/2119
1101,110,Klc__shdj88,https://vidsrc.to/embed/movie/744
1103,111,HWHH5TwEwtI,https://vidsrc.to/embed/movie/221
1104,125,U3CXLHLFvyM,https://vidsrc.to/embed/movie/702
1105,85,ywnphO7d2xk,https://vidsrc.to/embed/movie/25750
1111,80,76R2EKEnoJQ,https://vidsrc.to/embed/movie/9305
1112,92,70mmikY8rd0,https://vidsrc.to/embed/movie/37616
1114,99,uRgBedsCOWk,https://vidsrc.to/embed/movie/21612
1116,90,gOU5irEzdVM,https://vidsrc.to/embed/movie/102461
1117,118,Q0qrryCHlZo,https://vidsrc.to/embed/movie/36998
1119,90,_IguspdTqfQ,https://vidsrc.to/embed/movie/116844
1120,130,D-xx4otY3GA,https://vidsrc.to/embed/movie/1630
1121,100,r2fPHLVu7Z8,https://vidsrc.to/embed/movie/26626
1123,105,,https://vidsrc.to/embed/movie/124837
1124,109,whi7V5qkJwQ,https://vidsrc.to/embed/movie/11816
1125,113,a1AMga5GaEQ,https://vidsrc.to/embed/movie/11843
1126,99,YEd3SYVZ36E,https://vidsrc.to/embed/movie/10379
1127,140,7cCVYAcIIAo,https://vidsrc.to/embed/movie/2756
1128,90,XU-47N87G9M,https://vidsrc.to/embed/movie/790
1129,99,bqT09APfNKI,https://vidsrc.to/embed/movie/1103
1130,91,24l2CKEo3Bg,https://vidsrc.to/embed/movie/11298
1131,122,rDJXPiyvQfg,https://vidsrc.to/embed/movie/4480
1132,115,BxScSXKXwPc,https://vidsrc.to/embed/movie/4481
1135,110,xdCrMdDRENA,https://vidsrc.to/embed/movie/10765
1136,91,4b52A3sKz-I,https://vidsrc.to/embed/movie/762
1137,80,_ZsZTZh981Q,https://vidsrc.to/embed/movie/44497
1140,112,vblgJ-8eY9o,https://vidsrc.to/embed/movie/99479
1144,86,,https://vidsrc.to/embed/movie/124829
1147,89,uBauogNmRqY,https://vidsrc.to/embed/movie/10548
1148,30,4dOESXuTH2U,https://vidsrc.to/embed/movie/531
1150,107,0AN8bS3bvlM,https://vidsrc.to/embed/movie/4483
1151,97,UyW46Pbsp9k,https://vidsrc.to/embed/movie/18919
1156,84,,https://vidsrc.to/embed/movie/61461
1161,162,NTKLqhT-tTo,https://vidsrc.to/embed/movie/659
1162,154,hvBsk_jJ7j0,https://vidsrc.to/embed/movie/30892
1163,128,,https://vidsrc.to/embed/movie/86369
1167,112,n-p13le_NhE,https://vidsrc.to/embed/movie/38554
1170,90,,https://vidsrc.to/embed/movie/36555
1171,102,yRpWaJRyVQo,https://vidsrc.to/embed/movie/10608
1172,124,JMyVSD6OvO8,https://vidsrc.to/embed/movie/11216
1173,124,gxpQomMfvIM,https://vidsrc.to/embed/movie/7452
1175,99,GVL5_I4CvTc,https://vidsrc.to/embed/movie/892
1176,98,_baGBH7_G4U,https://vidsrc.to/embed/movie/1600
1177,95,1-HsRAM2Ink,https://vidsrc.to/embed/movie/26561
1178,88,FESvZ0HG2p4,https://vidsrc.to/embed/movie/975
1179,110,Y-aSj4uiR90,https://vidsrc.to/embed/movie/18129
1180,104,,https://vidsrc.to/embed/movie/54405
1183,162,Xk_LRcOFT0c,https://vidsrc.to/embed/movie/409
1184,96,Q3WJvaEjAlU,https://vidsrc.to/embed/movie/38251
1185,103,xj7yME23Hes,https://vidsrc.to/embed/movie/10161
1186,101,6BMZrfINaUk,https://vidsrc.to/embed/movie/1412
1187,135,,https://vidsrc.to/embed/movie/41768
1188,94,PLwfNOrIqSs,https://vidsrc.to/embed/movie/10409
1189,103,MzZROKde8Nc,https://vidsrc.to/embed/movie/14285
1190,102,HIlLD2PFldU,https://vidsrc.to/embed/movie/2469
1191,119,CtYp9YKhUZ8,https://vidsrc.to/embed/movie/10174
1192,78,9SqvD1-0odY,https://vidsrc.to/embed/movie/31225
1193,133,F4da9uRIg8c,https://vidsrc.to/embed/movie/510
1194,86,zpvv81988v0,https://vidsrc.to/embed/movie/11455
1196,124,vU6L3jXt2r8,https://vidsrc.to/embed/movie/1891
1197,99,ltpgBg-duQE,https://vidsrc.to/embed/movie/2493
1198,115,0xQSIdSRlAk,https://vidsrc.to/embed/movie/85
1199,143,A_7ATU9dslE,https://vidsrc.to/embed/movie/68
1200,137,8OxirbuHsBA,https://vidsrc.to/embed/movie/679
1201,161,WCnRSl24FPA,https://vidsrc.to/embed/movie/429
1202,108,PCJ2gzSeTdE,https://vidsrc.to/embed/movie/13446
1203,97,TEN-2uTi2c0,https://vidsrc.to/embed/movie/389
1204,228,KR1yTI8zFJk,https://vidsrc.to/embed/movie/947
1206,137,T54uZPI4Z8A,https://vidsrc.to/embed/movie/185
1207,129,4-CrrtYjrbM,https://vidsrc.to/embed/movie/595
1208,147,9l-ViOOFH-s,https://vidsrc.to/embed/movie/28
1209,166,Yw-Av9BpC-w,https://vidsrc.to/embed/movie/335
1210,132,MAW1E3JIQZE,https://vidsrc.to/embed/movie/1892
1211,128,0iAzYofuItM,https://vidsrc.to/embed/movie/144
1212,105,Y7nwySBGqCo,https://vidsrc.to/embed/movie/1092
1213,145,PTBRNXGQR9Q,https://vidsrc.to/embed/movie/769
1214,117,bM01Al2SWx4,https://vidsrc.to/embed/movie/348
1215,81,UHZQEtG8xYo,https://vidsrc.to/embed/movie/766
1216,168,i9t6ptHpUIA,https://vidsrc.to/embed/movie/175
1217,160,29ukiH4_GvQ,https://vidsrc.to/embed/movie/11645
1218,110,bdLwJ2-zxDA,https://vidsrc.to/embed/movie/10835
1219,109,D90QhegiVvo,https://vidsrc.to/embed/movie/539
1220,133,zaCGMiFRJEA,https://vidsrc.to/embed/movie/525
1221,202,7pfqivkYUlE,https://vidsrc.to/embed/movie/240
1222,117,n2i917l5RFc,https://vidsrc.to/embed/movie/600
1223,24,ablYsAGtuSM,https://vidsrc.to/embed/movie/530
1224,137,tksPrKi5wUg,https://vidsrc.to/embed/movie/10705
1225,160,pNnugovJdzM,https://vidsrc.to/embed/movie/279
1226,129,T-n873zZvMo,https://vidsrc.to/embed/movie/3109
1227,229,lFw062jAYR0,https://vidsrc.to/embed/movie/311
1228,129,G5RHRg6zEhY,https://vidsrc.to/embed/movie/1578
1230,93,H19okah-uCw,https://vidsrc.to/embed/movie/703
1231,193,G6dFmkvEKGE,https://vidsrc.to/embed/movie/9549
1232,162,nFLQEuQuNKM,https://vidsrc.to/embed/movie/1398
1233,150,KhNnU4h1Q50,https://vidsrc.to/embed/movie/387
1234,129,_nAIb_J9T5M,https://vidsrc.to/embed/movie/9277
1235,92,FYBlob_d2t8,https://vidsrc.to/embed/movie/343
1236,106,pIgv4Tvx3V0,https://vidsrc.to/embed/movie/37291
1237,96,vZucwtdSvJ8,https://vidsrc.to/embed/movie/490
1238,111,VCFhg6Q6gXU,https://vidsrc.to/embed/movie/11235
1240,108,nGrW-OR2uDk,https://vidsrc.to/embed/movie/218
1241,103,Ytg1JFrI2AA,https://vidsrc.to/embed/movie/763
1242,122,-OS-OE1EcHI,https://vidsrc.to/embed/movie/9665
1243,117,,https://vidsrc.to/embed/movie/18971
1244,96,J5c93q3gU3w,https://vidsrc.to/embed/movie/696
1245,115,R1kRUyVeEOg,https://vidsrc.to/embed/movie/379
1246,129,s_jsDreXFZU,https://vidsrc.to/embed/movie/207
1247,106,KVNFaxJspMQ,https://vidsrc.to/embed/movie/37247
1248,111,wuSCUVqaDZw,https://vidsrc.to/embed/movie/1480
1249,117,Gh8RoDMUUsA,https://vidsrc.to/embed/movie/9322
1250,162,B0FkqP8ipNY,https://vidsrc.to/embed/movie/826
1251,139,yruJBocWfn4,https://vidsrc.to/embed/movie/422
1252,130,RKdXf-fiBcw,https://vidsrc.to/embed/movie/829
1253,92,sU_wBld7FPo,https://vidsrc.to/embed/movie/828
1254,126,1DwXNmorsa0,https://vidsrc.to/embed/movie/3090
1255,91,7IHwKJOZZ6U,https://vidsrc.to/embed/movie/9964
1256,68,MSMTkUYyKYU,https://vidsrc.to/embed/movie/3063
1257,97,NdSavg_i_lw,https://vidsrc.to/embed/movie/13667
1258,144,FZQvIJxG9Xs,https://vidsrc.to/embed/movie/694
1259,89,2rBenGsz23E,https://vidsrc.to/embed/movie/235
1260,110,DdR07aN3uoc,https://vidsrc.to/embed/movie/832
1261,84,s7WNgzilRBw,https://vidsrc.to/embed/movie/765
1262,173,8No6XGbvr0w,https://vidsrc.to/embed/movie/5925
1263,183,g7q1SjVdsNk,https://vidsrc.to/embed/movie/11778
1264,117,VCwqnPFzUBk,https://vidsrc.to/embed/movie/4485
1265,101,_ADlbEQG_VA,https://vidsrc.to/embed/movie/137
1266,130,amE57OniG9Y,https://vidsrc.to/embed/movie/33
1267,126,tgCyowLRfvA,https://vidsrc.to/embed/movie/982
1268,102,uo-km-qfJe8,https://vidsrc.to/embed/movie/8428
1269,118,7TsXVrLV9gg,https://vidsrc.to/embed/movie/212
1270,116,ez6WQ7IX72U,https://vidsrc.to/embed/movie/105
1271,130,vxDDX2V9LrQ,https://vidsrc.to/embed/movie/1633
1272,172,bLXzqSmxGaM,https://vidsrc.to/embed/movie/11202
1273,106,IeFU1PJ-APQ,https://vidsrc.to/embed/movie/1554
1274,124,Jq4ER-P6NCQ,https://vidsrc.to/embed/movie/149
1275,116,Bky9VbKcyIk,https://vidsrc.to/embed/movie/8009
1276,127,cxKUupk0kbY,https://vidsrc.to/embed/movie/903
1277,137,fJyaXzAmYPs,https://vidsrc.to/embed/movie/11673
1278,106,jAyNV6UZqOg,https://vidsrc.to/embed/movie/3034
1279,129,F1m6GlPyOSU,https://vidsrc.to/embed/movie/339
1280,125,L0ATH3N1gsM,https://vidsrc.to/embed/movie/10404
1281,125,i1C6qZVeFtA,https://vidsrc.to/embed/movie/914
1282,124,eD8U083gQmY,https://vidsrc.to/embed/movie/756
1283,85,vFRm6xPDLFc,https://vidsrc.to/embed/movie/288
1284,114,n-K49CUaeto,https://vidsrc.to/embed/movie/910
1285,103,WE3_uwJC4NQ,https://vidsrc.to/embed/movie/2640
1286,103,9uicvPZSKIM,https://vidsrc.to/embed/movie/16633
1287,212,f2y1gDeZ230,https://vidsrc.to/embed/movie/665
1288,82,_9leMez8sQ8,https://vidsrc.to/embed/movie/11031
1289,86,BRItSHelLr4,https://vidsrc.to/embed/movie/11314
1290,95,pe-fpKAhjsk,https://vidsrc.to/embed/movie/15143
1291,127,GRfckj3ETh0,https://vidsrc.to/embed/movie/89
1292,130,jOTeqjbWoC0,https://vidsrc.to/embed/movie/10322
1293,192,vziq3CA_C30,https://vidsrc.to/embed/movie/783
1295,171,UyxFXH0kzmE,https://vidsrc.to/embed/movie/10644
1296,117,PW6W3EsfZaE,https://vidsrc.to/embed/movie/11257
1297,106,xuv7SIVNkx8,https://vidsrc.to/embed/movie/14370
1298,95,T3BBEX_pyQA,https://vidsrc.to/embed/movie/12104
1299,142,h8SsQmmI10o,https://vidsrc.to/embed/movie/625
1300,102,QSqlvZy339s,https://vidsrc.to/embed/movie/8816
1301,98,dU8g84K2M3Q,https://vidsrc.to/embed/movie/830
1302,105,-jUOGhUqGdk,https://vidsrc.to/embed/movie/2323
1303,129,LO5-TI2eXRI,https://vidsrc.to/embed/movie/983
1304,111,YdJW2UxvSFQ,https://vidsrc.to/embed/movie/642
1305,145,Nmvte2r7Z8c,https://vidsrc.to/embed/movie/655
1306,158,7BCqJpMThEw,https://vidsrc.to/embed/movie/10341
1307,96,TQpG579MsQ4,https://vidsrc.to/embed/movie/639
1310,84,,https://vidsrc.to/embed/movie/30180
1312,115,qQDqP5kRRQE,https://vidsrc.to/embed/movie/41801
1318,90,e5MWplVDWu8,https://vidsrc.to/embed/movie/18762
1320,114,e45rAwndek8,https://vidsrc.to/embed/movie/8077
1321,97,EM9quAtFUH4,https://vidsrc.to/embed/movie/814
1322,94,q5JVXldytgU,https://vidsrc.to/embed/movie/41671
1323,93,6SOBXnEY-Cc,https://vidsrc.to/embed/movie/27214
1324,96,,https://vidsrc.to/embed/movie/52263
1325,92,5PmJj5-DvHs,https://vidsrc.to/embed/movie/33519
1326,104,n-1wwxK2wIs,https://vidsrc.to/embed/movie/16235
1327,118,f1NHTILX0QE,https://vidsrc.to/embed/movie/11449
1328,91,zU2FxPsw9Sw,https://vidsrc.to/embed/movie/41848
1329,103,xFu_QCZVqcg,https://vidsrc.to/embed/movie/25944
1330,88,tjT58KaVI3s,https://vidsrc.to/embed/movie/24913
1331,113,qGcbsm37jb8,https://vidsrc.to/embed/movie/49126
1332,114,KKlqc5LUGMA,https://vidsrc.to/embed/movie/32076
1333,119,lCxR7dlavwg,https://vidsrc.to/embed/movie/571
1334,82,1dBGk6xFBT8,https://vidsrc.to/embed/movie/8851
1335,92,LaKYBzvScUc,https://vidsrc.to/embed/movie/37843
1336,88,3iuSPLth6PY,https://vidsrc.to/embed/movie/32146
1337,78,CM2ZwiLzR30,https://vidsrc.to/embed/movie/30346
1339,128,xD6JMxOGBLQ,https://vidsrc.to/embed/movie/6114
1340,75,gJoE3AIHTjU,https://vidsrc.to/embed/movie/229
1341,116,JKjYZibnOfA,https://vidsrc.to/embed/movie/13549
1342,100,CeLZMhkFTuU,https://vidsrc.to/embed/movie/9529
1343,128,mPsOIhZJug4,https://vidsrc.to/embed/movie/1598
1344,106,lej6ZDMieD4,https://vidsrc.to/embed/movie/11349
1345,98,zbdIXI1s3aU,https://vidsrc.to/embed/movie/7340
1346,118,VKMFlipKWs8,https://vidsrc.to/embed/movie/6217
1347,91,CBcVZcornjI,https://vidsrc.to/embed/movie/377
1348,89,npxhdRMYHy0,https://vidsrc.to/embed/movie/653
1349,97,bHsSwdx2NCI,https://vidsrc.to/embed/movie/28198
1350,111,mgjVPPVtnII,https://vidsrc.to/embed/movie/794
1351,101,4EYz-SCVgpQ,https://vidsrc.to/embed/movie/31640
1352,97,eB76XiTiMBA,https://vidsrc.to/embed/movie/8744
1353,126,FOslHESIipg,https://vidsrc.to/embed/movie/25189
1354,159,dPmWixRLFPQ,https://vidsrc.to/embed/movie/145
1355,102,-08FkMkgM4w,https://vidsrc.to/embed/movie/2212
1356,111,NEz4Guub9_U,https://vidsrc.to/embed/movie/199
1357,105,NaF9JIhPgdU,https://vidsrc.to/embed/movie/7863
1358,135,DfnPrMypS8U,https://vidsrc.to/embed/movie/12498
1359,89,04CWFXHYMGk,https://vidsrc.to/embed/movie/9279
1361,150,Tfj_bVIwyeA,https://vidsrc.to/embed/movie/17204
1363,123,kYIFhk4lutY,https://vidsrc.to/embed/movie/21539
1365,102,IICdZuA97hY,https://vidsrc.to/embed/movie/12709
1366,123,4OBffF0s3Hc,https://vidsrc.to/embed/movie/20539
1367,103,mom8X7zk7PE,https://vidsrc.to/embed/movie/11674
1370,124,IoZCfS5290M,https://vidsrc.to/embed/movie/1573
1371,131,zrXvBaFFu80,https://vidsrc.to/embed/movie/152
1372,110,tUQtoL6LpMU,https://vidsrc.to/embed/movie/174
1373,106,6dxp_4bB2sA,https://vidsrc.to/embed/movie/172
1374,113,F3DTwSHn1jM,https://vidsrc.to/embed/movie/154
1375,105,KN1MnTZZ9Q8,https://vidsrc.to/embed/movie/157
1376,118,4IJVV2sjPT8,https://vidsrc.to/embed/movie/168
1377,126,ZCaE6AIk0DM,https://vidsrc.to/embed/movie/364
1378,107,2OAF9_lUryk,https://vidsrc.to/embed/movie/11967
1379,104,,https://vidsrc.to/embed/movie/9086
1380,110,THd96gHV7Tg,https://vidsrc.to/embed/movie/621
1381,115,bIWUWksk8Ns,https://vidsrc.to/embed/movie/9037
1382,93,eb2-ojUuEQ8,https://vidsrc.to/embed/movie/10173
1385,102,yvBwrhI8fR8,https://vidsrc.to/embed/movie/8845
1387,124,N9hzLQUGr34,https://vidsrc.to/embed/movie/578
1388,117,2-KIByGsyaI,https://vidsrc.to/embed/movie/579
1389,98,,https://vidsrc.to/embed/movie/17692
1390,101,B8NNXi4-yxQ,https://vidsrc.to/embed/movie/17795
1391,106,kTxmxlxg90E,https://vidsrc.to/embed/movie/75
1392,104,oIb4KbnMQ38,https://vidsrc.to/embed/movie/13891
1393,139,x1V_WduwrE8,https://vidsrc.to/embed/movie/9390
1394,94,OjWu8i6eMZo,https://vidsrc.to/embed/movie/378
1395,112,ajetxCpdwbY,https://vidsrc.to/embed/movie/10896
1396,125,VNy4zC-wy_M,https://vidsrc.to/embed/movie/2322
1397,97,,https://vidsrc.to/embed/movie/41240
1398,113,S757V8461_4,https://vidsrc.to/embed/movie/26949
1399,98,XjnTcV6aJvA,https://vidsrc.to/embed/movie/9819
1401,130,,https://vidsrc.to/embed/movie/31908
1405,81,RzYWKWtRmzQ,https://vidsrc.to/embed/movie/3179
1406,112,2yTdbrL6MvM,https://vidsrc.to/embed/movie/1802
1407,112,U0LETmDvuXc,https://vidsrc.to/embed/movie/4232
1408,112,c9TED2yeoRo,https://vidsrc.to/embed/movie/9361
1409,105,Tw1jwFTDrSU,https://vidsrc.to/embed/movie/2928
1411,242,05zTajDCXLc,https://vidsrc.to/embed/movie/10549
1412,112,,https://vidsrc.to/embed/movie/58102
1413,106,bHvOeMRgPuw,https://vidsrc.to/embed/movie/18451
1414,104,n3ZObZ52yxw,https://vidsrc.to/embed/movie/27265
1415,117,,https://vidsrc.to/embed/movie/49935
1416,135,jXzJXj2x0Rk,https://vidsrc.to/embed/movie/8818
1417,144,kAkTcfZus8s,https://vidsrc.to/embed/movie/36758
1419,95,_E_LnRqTla8,https://vidsrc.to/embed/movie/36040
1422,107,VKa2-Uy6-L4,https://vidsrc.to/embed/movie/9415
1423,113,,https://vidsrc.to/embed/movie/55146
1425,93,fU9zV8gdEUw,https://vidsrc.to/embed/movie/12145
1426,98,,https://vidsrc.to/embed/movie/42424
1427,100,arr-4RGgJvU,https://vidsrc.to/embed/movie/34314
1428,105,rx9wZfaxIfQ,https://vidsrc.to/embed/movie/2892
1429,107,xzDpV491_EE,https://vidsrc.to/embed/movie/9404
1430,95,,https://vidsrc.to/embed/movie/85242
1431,88,XSwpv54VgK8,https://vidsrc.to/embed/movie/9622
1432,117,6bumn8hGuOQ,https://vidsrc.to/embed/movie/8860
1437,101,mBzAFD3kF3w,https://vidsrc.to/embed/movie/14832
1438,108,Qq06-T0hnLM,https://vidsrc.to/embed/movie/9619
1439,105,Z8MBl2oi7dg,https://vidsrc.to/embed/movie/40506
1440,96,vemvP58rEWs,https://vidsrc.to/embed/movie/31000
1441,98,oPjBb1qeiK4,https://vidsrc.to/embed/movie/4104
1442,106,FmtqzdHOECc,https://vidsrc.to/embed/movie/26306
1445,108,K_MLWXe3PCc,https://vidsrc.to/embed/movie/14908
1446,105,TJ7XTi9S_Ag,https://vidsrc.to/embed/movie/784
1447,91,Blp_G4F8gdY,https://vidsrc.to/embed/movie/12489
1449,84,DE_KdBT-xVU,https://vidsrc.to/embed/movie/16448
1453,105,mI6p6BHQHL4,https://vidsrc.to/embed/movie/17894
1454,121,sHxxbcI8g6A,https://vidsrc.to/embed/movie/28059
1456,82,p6mRIElGyE8,https://vidsrc.to/embed/movie/17949
1457,109,hLKa24D1KUk,https://vidsrc.to/embed/movie/1968
1458,96,-MT3V4eY42s,https://vidsrc.to/embed/movie/61563
1459,121,_Q6KGpmhAn4,https://vidsrc.to/embed/movie/66
1460,89,mAroIlS6CD4,https://vidsrc.to/embed/movie/20735
1461,93,U5jQU0gsuaE,https://vidsrc.to/embed/movie/11419
1464,134,TJGd5CUfar8,https://vidsrc.to/embed/movie/638
1465,142,veXzhAxlvxw,https://vidsrc.to/embed/movie/25624
1466,127,TDWkpydv51k,https://vidsrc.to/embed/movie/9366
1468,79,wdaNdRAOlJU,https://vidsrc.to/embed/movie/21915
1473,90,Iz3LHk12Gx4,https://vidsrc.to/embed/movie/19952
1474,105,7tpZNBnqZqU,https://vidsrc.to/embed/movie/9446
1475,113,y_52xXLw0jc,https://vidsrc.to/embed/movie/28005
1476,109,5nsz-xaT0Ls,https://vidsrc.to/embed/movie/9403
1477,109,xNMoQ_Cqt4E,https://vidsrc.to/embed/movie/27322
1479,116,qkscr4gDcP8,https://vidsrc.to/embed/movie/10003
1480,121,sr7svnup0Dk,https://vidsrc.to/embed/movie/9311
1483,100,9dIC-lDgpZU,https://vidsrc.to/embed/movie/884
1484,87,HBZ3iVspjd8,https://vidsrc.to/embed/movie/49806
1485,86,odPUipiGYek,https://vidsrc.to/embed/movie/1624
1487,127,RzePZay7fbQ,https://vidsrc.to/embed/movie/16052
1488,107,6IBlMoVIC9A,https://vidsrc.to/embed/movie/4477
1489,75,d5Hd4dfFB-Q,https://vidsrc.to/embed/movie/24662
1490,90,cHPpnwYVV8s,https://vidsrc.to/embed/movie/18423
1493,78,I8YVXMfc0ug,https://vidsrc.to/embed/movie/76996
1495,99,NA8LYE7afBM,https://vidsrc.to/embed/movie/6499
1496,108,my7icJ-mfmc,https://vidsrc.to/embed/movie/50512
1497,93,-LBlDqsUaGI,https://vidsrc.to/embed/movie/9405
1498,110,0ThSqKNO-zQ,https://vidsrc.to/embed/movie/12723
1499,90,ZkjWyIdIBJo,https://vidsrc.to/embed/movie/9360
1500,107,RL1oWnFyyZ8,https://vidsrc.to/embed/movie/9434
1502,78,AakbRH_71gE,https://vidsrc.to/embed/movie/21626
1503,95,nDDpEBmlCew,https://vidsrc.to/embed/movie/13982
1507,122,d_m6IhkTwxM,https://vidsrc.to/embed/movie/77223
1513,92,SBsOzaI0NSM,https://vidsrc.to/embed/movie/9611
1514,130,zJV9dRGG05k,https://vidsrc.to/embed/movie/47694
1515,104,M320q7FEjQY,https://vidsrc.to/embed/movie/10357
1516,101,VYtklkIQOqQ,https://vidsrc.to/embed/movie/9977
1517,89,9HGy-c4_xFg,https://vidsrc.to/embed/movie/816
1518,93,wm4YfqVbABk,https://vidsrc.to/embed/movie/2163
1519,92,_RzinWFTgpo,https://vidsrc.to/embed/movie/124680
1526,99,fBwwYHSogdE,https://vidsrc.to/embed/movie/12499
1527,126,5Sg2RkdkSvk,https://vidsrc.to/embed/movie/18
1529,83,Yp3ZYlFShk0,https://vidsrc.to/embed/movie/1811
1533,115,,https://vidsrc.to/embed/movie/105045
1537,136,46HQAq2te-M,https://vidsrc.to/embed/movie/11239
1541,100,-O6rOQvo_HM,https://vidsrc.to/embed/movie/2058
1542,107,SXJvg9vpg40,https://vidsrc.to/embed/movie/9450
1544,129,vtfwgaHD5_w,https://vidsrc.to/embed/movie/330
1545,97,sgXbG12kJXI,https://vidsrc.to/embed/movie/38523
1546,99,f2E7ArARdaE,https://vidsrc.to/embed/movie/16375
1547,93,Y7fGNsgCcHc,https://vidsrc.to/embed/movie/33660
1549,100,4WuEkA0ns-w,https://vidsrc.to/embed/movie/45671
1550,98,4DMkNYxCyKA,https://vidsrc.to/embed/movie/17770
1551,84,WMvW_-N9FUM,https://vidsrc.to/embed/movie/15170
1552,116,Olvpk5BXWCI,https://vidsrc.to/embed/movie/1701
1554,126,z4I75Rvb0zo,https://vidsrc.to/embed/movie/26422
1556,125,tRAxg_8HAsc,https://vidsrc.to/embed/movie/1639
1562,125,Zc7sjDHW2KY,https://vidsrc.to/embed/movie/415
1564,98,,https://vidsrc.to/embed/movie/65889
1565,92,eMNKYXlSjeE,https://vidsrc.to/embed/movie/11103
1566,93,mXRDoJqg5Oo,https://vidsrc.to/embed/movie/11970
1569,105,7gRQFgdtAXs,https://vidsrc.to/embed/movie/8874
1571,91,,https://vidsrc.to/embed/movie/11956
1572,103,y-zc8r3F_QY,https://vidsrc.to/embed/movie/266
1573,139,rWdYTPF8s8I,https://vidsrc.to/embed/movie/754
1574,93,xElVlr2sRak,https://vidsrc.to/embed/movie/37567
1580,98,HYUd7AOw_lk,https://vidsrc.to/embed/movie/607
1581,106,,https://vidsrc.to/embed/movie/18080
1582,106,0lj0nw7X9y8,https://vidsrc.to/embed/movie/38225
1583,89,cVYQN5Al1ck,https://vidsrc.to/embed/movie/17834
1584,150,s3hcz8OCd-Q,https://vidsrc.to/embed/movie/686
1585,101,U-QL4Gi1Ey0,https://vidsrc.to/embed/movie/65046
1586,125,FDrXl6WOPZA,https://vidsrc.to/embed/movie/4421
1587,130,mwLBes2Gr8E,https://vidsrc.to/embed/movie/9387
1588,92,PP9VGoP8xnI,https://vidsrc.to/embed/movie/10603
1589,104,DWLFW9iAr-E,https://vidsrc.to/embed/movie/2142
1590,96,akirNvE4EKQ,https://vidsrc.to/embed/movie/8413
1591,96,Yh8Eg0icV6U,https://vidsrc.to/embed/movie/10336
1592,98,NNZZDcARCFY,https://vidsrc.to/embed/movie/20737
1593,105,yAzzi9CJOZU,https://vidsrc.to/embed/movie/9413
1594,97,5kvfCm-rVpQ,https://vidsrc.to/embed/movie/14585
1596,87,xxil12x9uuU,https://vidsrc.to/embed/movie/49462
1597,135,gOoEZT_C7gA,https://vidsrc.to/embed/movie/8834
1598,100,a7kbnZzwGko,https://vidsrc.to/embed/movie/9458
1599,97,-bAWWmLfkWo,https://vidsrc.to/embed/movie/8854
1600,100,fDRO_SlFnZ4,https://vidsrc.to/embed/movie/38295
1601,130,zpK6JPgTzxs,https://vidsrc.to/embed/movie/22073
1602,84,38tlgTpTrQM,https://vidsrc.to/embed/movie/37244
1603,105,LL-GB11uyTI,https://vidsrc.to/embed/movie/4961
1604,97,FQjAVpz4k-U,https://vidsrc.to/embed/movie/9416
1605,101,GhX7-V-ShiQ,https://vidsrc.to/embed/movie/26180
1606,95,Qlondt_U4w4,https://vidsrc.to/embed/movie/17832
1608,124,FItgZOuaPVY,https://vidsrc.to/embed/movie/9772
1609,119,c5Su5PMMN7w,https://vidsrc.to/embed/movie/6072
1610,135,NSiAsQMBSRA,https://vidsrc.to/embed/movie/1669
1611,104,t2Xnv2nV0lI,https://vidsrc.to/embed/movie/468
1612,86,,https://vidsrc.to/embed/movie/32519
1613,86,,https://vidsrc.to/embed/movie/108401
1614,90,K0cFaWzjeos,https://vidsrc.to/embed/movie/10806
1615,117,8vx9hmri6H0,https://vidsrc.to/embed/movie/9433
1616,124,QG8O3Cr9kEs,https://vidsrc.to/embed/movie/6623
1617,138,QeIoelqDzsA,https://vidsrc.to/embed/movie/2118
1619,136,m9a_7WFcPlI,https://vidsrc.to/embed/movie/978
1620,115,X9oG87OLjyw,https://vidsrc.to/embed/movie/9437
1621,114,nsxjqvBhBWk,https://vidsrc.to/embed/movie/29461
1623,90,dbbUSeXxc_A,https://vidsrc.to/embed/movie/10351
1624,105,eGH5iZZxFBg,https://vidsrc.to/embed/movie/66588
1625,129,9KXxG-KjfUc,https://vidsrc.to/embed/movie/2649
1626,104,67aF_v-At-k,https://vidsrc.to/embed/movie/14289
1627,125,uidcyKDkFWU,https://vidsrc.to/embed/movie/10155
1629,97,,https://vidsrc.to/embed/movie/20457
1631,119,rD0MQC41xk0,https://vidsrc.to/embed/movie/18355
1633,112,ORI2PFOePYM,https://vidsrc.to/embed/movie/55306
1635,113,GALtpiBSG3I,https://vidsrc.to/embed/movie/68924
1639,114,2PwIAmcrr3E,https://vidsrc.to/embed/movie/2255
1641,91,d6bjW9OwSQc,https://vidsrc.to/embed/movie/9427
1642,98,SBk7n3doCsY,https://vidsrc.to/embed/movie/172545
1643,105,DsnOyuU2o6A,https://vidsrc.to/embed/movie/17589
1644,102,rEnCEM48QaY,https://vidsrc.to/embed/movie/3597
1645,144,etrZJJC4ox8,https://vidsrc.to/embed/movie/1813
1646,95,CJWolzZRQx4,https://vidsrc.to/embed/movie/36797
1647,94,k0GfYWswQ3Q,https://vidsrc.to/embed/movie/12628
1648,85,48-M7MfrYMc,https://vidsrc.to/embed/movie/33344
1649,83,,https://vidsrc.to/embed/movie/25099
1650,115,K3i253Glu20,https://vidsrc.to/embed/movie/45019
1652,106,CoJicHPkPa8,https://vidsrc.to/embed/movie/62422
1653,107,NIIZ2P-fiyI,https://vidsrc.to/embed/movie/782
1654,99,Pu6qgclh_KE,https://vidsrc.to/embed/movie/29911
1655,96,HynK3ZkjtcE,https://vidsrc.to/embed/movie/9827
1656,113,R1y35-dlbvU,https://vidsrc.to/embed/movie/1959
1658,103,0AU-Mz0vK9E,https://vidsrc.to/embed/movie/8067
1659,86,XumaKYDG9dM,https://vidsrc.to/embed/movie/125052
1660,108,6mXU9qVFRpM,https://vidsrc.to/embed/movie/45153
1661,118,8mfhtbEDDoU,https://vidsrc.to/embed/movie/10871
1662,111,A7c7M6Cs5JY,https://vidsrc.to/embed/movie/14398
1663,106,sKHwEoCIYqA,https://vidsrc.to/embed/movie/10890
1665,89,-jCq13TtzRY,https://vidsrc.to/embed/movie/1281
1667,114,UB6XsDKKz1s,https://vidsrc.to/embed/movie/9770
1670,103,IOmm1OD2ArQ,https://vidsrc.to/embed/movie/14905
1671,106,,https://vidsrc.to/embed/movie/14583
1672,135,Odb3LrbvS_0,https://vidsrc.to/embed/movie/11975
1673,156,YN7pcEa83dU,https://vidsrc.to/embed/movie/4995
1674,112,dMie2KoPVkc,https://vidsrc.to/embed/movie/9281
1675,108,xReR33oKcDw,https://vidsrc.to/embed/movie/45928
1676,129,zPYuV_jGk7M,https://vidsrc.to/embed/movie/563
1677,107,NnqNzGt9BiQ,https://vidsrc.to/embed/movie/61337
1678,139,TNiWeqvrFz8,https://vidsrc.to/embed/movie/19931
1679,95,rsGr2_8jez0,https://vidsrc.to/embed/movie/31535
1680,99,Da-Mizk86AE,https://vidsrc.to/embed/movie/10215
1681,95,dimVCTUBJEA,https://vidsrc.to/embed/movie/9823
1682,103,N1VlDVRiFrk,https://vidsrc.to/embed/movie/37165
1683,102,a03XaApFiz4,https://vidsrc.to/embed/movie/45609
1684,97,p6Iv7r-aRWs,https://vidsrc.to/embed/movie/38904
1685,88,,https://vidsrc.to/embed/movie/45565
1686,122,0nlfKbMIh4g,https://vidsrc.to/embed/movie/9407
1687,124,_3UCCtpFET8,https://vidsrc.to/embed/movie/4824
1688,94,1vC1Ju__0R8,https://vidsrc.to/embed/movie/9444
1689,94,-YAhpfcdx0U,https://vidsrc.to/embed/movie/9414
1690,109,vu1tVYGsJ1Q,https://vidsrc.to/embed/movie/8078
1693,155,pMNArpFZXk0,https://vidsrc.to/embed/movie/11831
1694,134,nkL2wYSydN4,https://vidsrc.to/embed/movie/2895
1695,98,,https://vidsrc.to/embed/movie/39177
1696,105,GA0CCzh3x_g,https://vidsrc.to/embed/movie/19601
1699,110,mdvtR8Hup4E,https://vidsrc.to/embed/movie/22797
1701,96,WwXOol3hRUg,https://vidsrc.to/embed/movie/2639
1702,93,dl4r6JK6vgY,https://vidsrc.to/embed/movie/9574
1703,115,J9kBohmnmWM,https://vidsrc.to/embed/movie/10371
1704,127,_X0XUBOcsxI,https://vidsrc.to/embed/movie/489
1707,102,PP--dDh4axI,https://vidsrc.to/embed/movie/9714
1711,155,78sBVWigwB0,https://vidsrc.to/embed/movie/8197
1713,98,zgjUMHGjO0k,https://vidsrc.to/embed/movie/6283
1717,120,C-j2TLBmTBY,https://vidsrc.to/embed/movie/4233
1718,94,,https://vidsrc.to/embed/movie/191874
1719,112,F7w-dPZI_LY,https://vidsrc.to/embed/movie/10217
1721,194,wO44qBPBG4c,https://vidsrc.to/embed/movie/597
1722,119,QP1FMpIo-uQ,https://vidsrc.to/embed/movie/714
1726,178,V43K5yFn5GM,https://vidsrc.to/embed/movie/9922
1727,169,W_1dKoCQlxY,https://vidsrc.to/embed/movie/547
1729,154,pH4HX76YHi0,https://vidsrc.to/embed/movie/184
1730,134,TW2USm6wTSA,https://vidsrc.to/embed/movie/9746
1731,87,h4CChNuUxYA,https://vidsrc.to/embed/movie/9438
1732,117,GiwMMziJdqg,https://vidsrc.to/embed/movie/115
1733,114,TzXKj2X1TKI,https://vidsrc.to/embed/movie/26941
1734,88,gyRURX2h7G4,https://vidsrc.to/embed/movie/27103
1735,111,Sy0hc1_4yiI,https://vidsrc.to/embed/movie/9410
1739,93,,https://vidsrc.to/embed/movie/32302
1746,93,A6pM-4m7xQ0,https://vidsrc.to/embed/movie/12538
1747,97,steA_PZPkc8,https://vidsrc.to/embed/movie/586
1748,101,30mmoegSQCs,https://vidsrc.to/embed/movie/2666
1752,97,FOPWoK-tpYU,https://vidsrc.to/embed/movie/11258
1753,82,0v3Azrz5bJs,https://vidsrc.to/embed/movie/9490
1754,124,scNpvW3ZFqg,https://vidsrc.to/embed/movie/9411
1755,109,vi4FsOzFZEs,https://vidsrc.to/embed/movie/25719
1757,98,uxaT19BlH0M,https://vidsrc.to/embed/movie/11220
1759,110,,https://vidsrc.to/embed/movie/21253
1760,92,sCRRl8602Hk,https://vidsrc.to/embed/movie/6116
1762,106,,https://vidsrc.to/embed/movie/9457
1767,104,ZP12lveblKo,https://vidsrc.to/embed/movie/39424
1769,87,,https://vidsrc.to/embed/movie/11702
1770,94,SLfl0RiOvEM,https://vidsrc.to/embed/movie/2923
1771,93,0eRH4obQa3A,https://vidsrc.to/embed/movie/12238
1772,123,jtOdLDXCfyM,https://vidsrc.to/embed/movie/11568
1777,97,8yjOXMTa6vA,https://vidsrc.to/embed/movie/11003
1779,134,REFrh4OJ8a0,https://vidsrc.to/embed/movie/10153
1783,114,kBZJ2F88Ywc,https://vidsrc.to/embed/movie/30949
1784,139,t2d89afgtqg,https://vidsrc.to/embed/movie/2898
1785,103,bt94pENFmjc,https://vidsrc.to/embed/movie/9558
1791,94,yPt0jp1o9jU,https://vidsrc.to/embed/movie/26269
1792,131,LUBfs3WtSXU,https://vidsrc.to/embed/movie/11808
1793,106,,https://vidsrc.to/embed/movie/6970
1794,93,,https://vidsrc.to/embed/movie/47452
1797,44,-zO1tJPxcnU,https://vidsrc.to/embed/movie/21736
1798,95,BmtVg6zxADw,https://vidsrc.to/embed/movie/17941
1799,106,zGR8t4rSMUU,https://vidsrc.to/embed/movie/10668
1801,132,gnNt7l2nA_o,https://vidsrc.to/embed/movie/9313
1804,122,,https://vidsrc.to/embed/movie/42807
1805,108,RbnGi43LqI4,https://vidsrc.to/embed/movie/617
1806,91,AGV8nB_EEAU,https://vidsrc.to/embed/movie/36568
1807,97,u4CMadHVDKs,https://vidsrc.to/embed/movie/37272
1809,103,PwTWtAE3ylY,https://vidsrc.to/embed/movie/5910
1810,143,llEsfNtE4iQ,https://vidsrc.to/embed/movie/9440
1812,88,Mf0cPAJ27hs,https://vidsrc.to/embed/movie/32911
1816,84,TOEUpyMZl94,https://vidsrc.to/embed/movie/32456
1821,111,gPKp-jE93VU,https://vidsrc.to/embed/movie/17127
1824,102,00MGwq1eNNQ,https://vidsrc.to/embed/movie/17133
1825,104,,https://vidsrc.to/embed/movie/19848
1826,76,,https://vidsrc.to/embed/movie/17644
1827,91,,https://vidsrc.to/embed/movie/1774
1829,99,t8NYCGnEP3g,https://vidsrc.to/embed/movie/30265
1831,130,X19rPM4_ZfA,https://vidsrc.to/embed/movie/2157
1833,111,jkAGQJZFEmg,https://vidsrc.to/embed/movie/8838
1834,110,DPF-5KNmqq4,https://vidsrc.to/embed/movie/29193
1835,114,o_dAOSFvTLI,https://vidsrc.to/embed/movie/795
1836,113,QouayPT1DDY,https://vidsrc.to/embed/movie/16980
1837,97,BSsjfuxlTu0,https://vidsrc.to/embed/movie/27472
1839,103,h5Jb1kYRewk,https://vidsrc.to/embed/movie/47881
1840,136,LnN4t7xJd_s,https://vidsrc.to/embed/movie/9469
1841,114,xSMT-ysb_EU,https://vidsrc.to/embed/movie/12488
1844,103,R2cXd-gB0B0,https://vidsrc.to/embed/movie/267
1845,116,eSH8Y3h5j-g,https://vidsrc.to/embed/movie/16148
1848,87,lgZQ8gyUlwI,https://vidsrc.to/embed/movie/9449
1855,94,_yZ2AKzt4IE,https://vidsrc.to/embed/movie/31220
1856,95,gL_qQunAwNM,https://vidsrc.to/embed/movie/13907
1857,105,fEq5SOQpGsc,https://vidsrc.to/embed/movie/29825
1858,97,PznkKtrh6qo,https://vidsrc.to/embed/movie/10622
1859,99,ukmYdGwVqPg,https://vidsrc.to/embed/movie/30020
1860,122,,https://vidsrc.to/embed/movie/17139
1862,93,zJXdwcKdGf0,https://vidsrc.to/embed/movie/10216
1863,100,o6-wczHGRHk,https://vidsrc.to/embed/movie/9771
1866,91,ge4RlzTujq8,https://vidsrc.to/embed/movie/9448
1867,83,,https://vidsrc.to/embed/movie/38618
1870,97,,https://vidsrc.to/embed/movie/78373
1873,134,JhhsylxYafE,https://vidsrc.to/embed/movie/4415
1875,96,,https://vidsrc.to/embed/movie/55561
1876,121,qpgBb70dnXE,https://vidsrc.to/embed/movie/8656
1881,86,GEQVbSRJrVk,https://vidsrc.to/embed/movie/18937
1882,139,VvB2r7v6vpU,https://vidsrc.to/embed/movie/929
1883,108,VuepO7RGuEU,https://vidsrc.to/embed/movie/9452
1884,118,Rx-EsbhLZLQ,https://vidsrc.to/embed/movie/1878
1885,105,R4ZzqLPvagc,https://vidsrc.to/embed/movie/9844
1887,90,NgHm7-S82SI,https://vidsrc.to/embed/movie/14342
1888,114,nNVbi6tGhrg,https://vidsrc.to/embed/movie/9715
1889,96,cbItn9Laz3c,https://vidsrc.to/embed/movie/26610
1891,93,,https://vidsrc.to/embed/movie/40961
1892,107,aaQ8YI-rX2s,https://vidsrc.to/embed/movie/1965
1893,109,,https://vidsrc.to/embed/movie/312
1894,102,P_cWHAPogMo,https://vidsrc.to/embed/movie/6068
1895,100,qukvN6ieeMY,https://vidsrc.to/embed/movie/15037
1897,101,GOpsWJN_SHM,https://vidsrc.to/embed/movie/37636
1900,88,dqxvZeQsVzY,https://vidsrc.to/embed/movie/21334
1902,87,SidZYXhVgJQ,https://vidsrc.to/embed/movie/32284
1904,137,tmF9RIJVmsw,https://vidsrc.to/embed/movie/37410
1906,105,SOmd9JbQ9lo,https://vidsrc.to/embed/movie/53765
1907,88,2z2KsFZs-8I,https://vidsrc.to/embed/movie/10674
1909,121,NmVHEEogDII,https://vidsrc.to/embed/movie/846
1910,107,vvjMed6Wlug,https://vidsrc.to/embed/movie/12655
1911,85,LWbtxG-jXMY,https://vidsrc.to/embed/movie/3050
1912,123,WE49DjCAZCc,https://vidsrc.to/embed/movie/1389
1913,107,CFtQMzXZZQs,https://vidsrc.to/embed/movie/11020
1914,89,vQhviwp8j38,https://vidsrc.to/embed/movie/20862
1916,110,r7JXNyiPBIQ,https://vidsrc.to/embed/movie/9464
1917,151,pCWKG2HVqRE,https://vidsrc.to/embed/movie/95
1918,127,_qUUsgaHsS8,https://vidsrc.to/embed/movie/944
1919,89,dYqx5vFA6is,https://vidsrc.to/embed/movie/35680
1920,110,YwIt5wagRsg,https://vidsrc.to/embed/movie/11551
1921,84,yRjkQT9xLZs,https://vidsrc.to/embed/movie/473
1922,112,,https://vidsrc.to/embed/movie/102304
1923,120,503D8hOfE_8,https://vidsrc.to/embed/movie/544
1924,78,aiZp2sXkVUg,https://vidsrc.to/embed/movie/10513
1926,101,BuB2HVP-mNU,https://vidsrc.to/embed/movie/65203
1927,133,Qeh3DlBEjAc,https://vidsrc.to/embed/movie/143
1928,123,,https://vidsrc.to/embed/movie/42861
1929,112,QFBKK8uaPww,https://vidsrc.to/embed/movie/33680
1931,132,OcYAmV833D0,https://vidsrc.to/embed/movie/12311
1932,185,h-Rez1xM3yo,https://vidsrc.to/embed/movie/43277
1933,116,bTStzVavGpo,https://vidsrc.to/embed/movie/43278
1934,126,tUJLqOGoAAo,https://vidsrc.to/embed/movie/34106
1936,134,QXXHxxSZZ8A,https://vidsrc.to/embed/movie/27367
1937,126,0cGqBXb3QVQ,https://vidsrc.to/embed/movie/17661
1938,101,eVb2LVcDfTQ,https://vidsrc.to/embed/movie/28580
1939,171,X9lufYAOxes,https://vidsrc.to/embed/movie/887
1940,118,sFeFjUGm81s,https://vidsrc.to/embed/movie/33667
1941,153,LaqzCju2VKs,https://vidsrc.to/embed/movie/23383
1942,109,DivcuGBAHcI,https://vidsrc.to/embed/movie/25430
1944,118,gFqfmJXrgUc,https://vidsrc.to/embed/movie/11426
1945,108,boekTHsOIY8,https://vidsrc.to/embed/movie/654
1946,90,SHWWuBGybJQ,https://vidsrc.to/embed/movie/15919
1947,153,HpKbrpPiExA,https://vidsrc.to/embed/movie/1725
1948,128,C0DDuzX2bjM,https://vidsrc.to/embed/movie/5769
1949,120,uJ8BwjzriU8,https://vidsrc.to/embed/movie/874
1950,109,d15DhX_ltls,https://vidsrc.to/embed/movie/10633
1951,153,PKKLLm715iw,https://vidsrc.to/embed/movie/17917
1952,113,o29GST0Lj28,https://vidsrc.to/embed/movie/3116
1953,104,T76K3RxJY0A,https://vidsrc.to/embed/movie/1051
1954,120,-Hk-LYcavrw,https://vidsrc.to/embed/movie/1366
1955,105,TuDnCnr504A,https://vidsrc.to/embed/movie/12102
1956,124,vtpsjMEGbaE,https://vidsrc.to/embed/movie/16619
1957,123,AawHrbzbuMI,https://vidsrc.to/embed/movie/9443
1958,132,7BToOAoehA0,https://vidsrc.to/embed/movie/11050
1959,161,5RrEv9-ks2Y,https://vidsrc.to/embed/movie/606
1960,163,uJilPHcnnjw,https://vidsrc.to/embed/movie/746
1961,134,wwmctS4nldM,https://vidsrc.to/embed/movie/380
1962,99,p_gi28yWLtM,https://vidsrc.to/embed/movie/403
1963,85,q2hJQ-eBrfo,https://vidsrc.to/embed/movie/11485
1964,114,cB4JB8kECFk,https://vidsrc.to/embed/movie/466
1965,92,NK8ETgSLRpA,https://vidsrc.to/embed/movie/13820
1966,99,_spYUaPcRp4,https://vidsrc.to/embed/movie/15389
1967,101,8bJy0GF2RZ0,https://vidsrc.to/embed/movie/13597
1968,98,OVdr9HiAStI,https://vidsrc.to/embed/movie/2108
1969,87,9iqNVyjwLFA,https://vidsrc.to/embed/movie/10014
1970,96,wizAi-_TzKA,https://vidsrc.to/embed/movie/10072
1971,93,jc-9vF9F_eg,https://vidsrc.to/embed/movie/10131
1972,89,LFm_jiI8RiA,https://vidsrc.to/embed/movie/10160
1973,89,MiyCvEIsNGg,https://vidsrc.to/embed/movie/11284
1974,95,8nYuu5jpWVs,https://vidsrc.to/embed/movie/4488
1975,86,3mNnJuOoI80,https://vidsrc.to/embed/movie/9725
1976,95,SDdBhDJ7wdA,https://vidsrc.to/embed/movie/9728
1977,91,8zcPf9fuDPg,https://vidsrc.to/embed/movie/9730
1978,92,cZ5cMK-3Z_I,https://vidsrc.to/embed/movie/9731
1979,86,4ETsQHtUqcs,https://vidsrc.to/embed/movie/10225
1980,88,7AyRUWJriuY,https://vidsrc.to/embed/movie/10281
1981,100,PkC417SQKao,https://vidsrc.to/embed/movie/10283
1982,91,NT0loXUv-ks,https://vidsrc.to/embed/movie/948
1983,92,W34hF0rsj94,https://vidsrc.to/embed/movie/11281
1984,98,kk8QJdD5ExE,https://vidsrc.to/embed/movie/10676
1985,88,27PbiWvVyUA,https://vidsrc.to/embed/movie/11357
1986,98,ilHM_qpy-zM,https://vidsrc.to/embed/movie/11361
1987,93,ZcDEYTKqLTQ,https://vidsrc.to/embed/movie/36599
1990,93,aebIiQ8qAl8,https://vidsrc.to/embed/movie/41769
1991,87,sjiyV8mtXiU,https://vidsrc.to/embed/movie/10585
1992,84,A1LRR3jLNBs,https://vidsrc.to/embed/movie/11186
1993,90,3No1jTRSvg8,https://vidsrc.to/embed/movie/11187
1994,114,RtKn4rHAMAg,https://vidsrc.to/embed/movie/609
1995,91,k_C1Sa0nOQU,https://vidsrc.to/embed/movie/11133
1996,98,zjXHJ0TaUMI,https://vidsrc.to/embed/movie/10306
1997,122,BU2eYAO31Cc,https://vidsrc.to/embed/movie/9552
1998,118,zmMYylgRe4s,https://vidsrc.to/embed/movie/11586
1999,110,-LGHQo6KvLA,https://vidsrc.to/embed/movie/11587
2000,110,RLu49mRcmYs,https://vidsrc.to/embed/movie/941
2001,114,xGcCI8JWCic,https://vidsrc.to/embed/movie/942
2002,118,qGqEpNGwanc,https://vidsrc.to/embed/movie/943
2003,106,FlGZym-IpZQ,https://vidsrc.to/embed/movie/927
2004,106,fFprlfaMdpQ,https://vidsrc.to/embed/movie/928
2005,114,lYLAGAwcpSQ,https://vidsrc.to/embed/movie/9340
2006,136,abwtRFZx8Rs,https://vidsrc.to/embed/movie/9342
2007,105,sq4hc2KkBXI,https://vidsrc.to/embed/movie/38509
2008,100,72e8RXpnsXc,https://vidsrc.to/embed/movie/60033
2009,97,N_jGOKYHxaQ,https://vidsrc.to/embed/movie/12101
2010,148,ZAvzaOxDt2c,https://vidsrc.to/embed/movie/19
2011,108,MdENmefJRpw,https://vidsrc.to/embed/movie/165
2012,119,DTdBq1fQOBU,https://vidsrc.to/embed/movie/196
2013,117,H_5w-WmSdz0,https://vidsrc.to/embed/movie/551
2014,95,RQXG0wBV6So,https://vidsrc.to/embed/movie/16084
2015,96,QrwqIEIQuoY,https://vidsrc.to/embed/movie/17984
2016,88,kK3z45uaOOE,https://vidsrc.to/embed/movie/22328
2017,106,SQf0Ne3UvPE,https://vidsrc.to/embed/movie/32611
2018,70,-jXX-EYTAis,https://vidsrc.to/embed/movie/3170
2019,207,RsRN65PlaIM,https://vidsrc.to/embed/movie/346
2020,119,i_odB2FsJ4w,https://vidsrc.to/embed/movie/859
2021,136,vH0MLTRLcOw,https://vidsrc.to/embed/movie/841
2022,164,IiJoTT6NDqU,https://vidsrc.to/embed/movie/11051
2023,162,qQR85-nGk2M,https://vidsrc.to/embed/movie/242
2024,100,QuttvF_nf48,https://vidsrc.to/embed/movie/1411
2025,137,ro4ty8zWcko,https://vidsrc.to/embed/movie/9769
2026,84,ipcvwwIoEHo,https://vidsrc.to/embed/movie/9424
2027,84,afiNZtmIKNE,https://vidsrc.to/embed/movie/9835
2028,169,y4SA9yUDgW8,https://vidsrc.to/embed/movie/857
2032,96,OIyiOtRfkzE,https://vidsrc.to/embed/movie/20173
2033,80,WvWVQBdYE40,https://vidsrc.to/embed/movie/10957
2034,98,0FKJNcV9Ym4,https://vidsrc.to/embed/movie/9570
2035,106,0pgOSllKF_0,https://vidsrc.to/embed/movie/16249
2036,93,mf-7OvD6oFQ,https://vidsrc.to/embed/movie/13962
2037,101,v32ce9150hc,https://vidsrc.to/embed/movie/14612
2038,104,iv3yDQ83Jcc,https://vidsrc.to/embed/movie/19378
2040,91,32g-9Jbwlc4,https://vidsrc.to/embed/movie/29228
2041,90,BHbsm86xKS0,https://vidsrc.to/embed/movie/19379
2042,106,OI9PFPLwEcE,https://vidsrc.to/embed/movie/11164
2043,91,0LOpdPUM6Ec,https://vidsrc.to/embed/movie/18887
2044,96,,https://vidsrc.to/embed/movie/40866
2046,90,gVebPEYiq2o,https://vidsrc.to/embed/movie/10122
2048,74,s-v9FiDKyaA,https://vidsrc.to/embed/movie/9994
2050,93,NsKl0dpczJw,https://vidsrc.to/embed/movie/12129
2051,105,p0OtiZ0CMuA,https://vidsrc.to/embed/movie/14140
2052,96,OFm_2RyxXjQ,https://vidsrc.to/embed/movie/10439
2053,89,-agq5R3b43U,https://vidsrc.to/embed/movie/11158
2054,93,_av5kqcMVm4,https://vidsrc.to/embed/movie/9354
2055,90,fRJK8C5smXI,https://vidsrc.to/embed/movie/28736
2056,98,sBVu7oLdd1I,https://vidsrc.to/embed/movie/34774
2057,80,1kHyY7LZlFU,https://vidsrc.to/embed/movie/37969
2058,140,LJ1pS1W0XXg,https://vidsrc.to/embed/movie/9631
2059,128,PMAhVpgzmRU,https://vidsrc.to/embed/movie/9820
2060,103,NpOhBPxdsr0,https://vidsrc.to/embed/movie/14013
2064,91,xPNmHPjkxdk,https://vidsrc.to/embed/movie/1779
2065,82,u9qate1rGAg,https://vidsrc.to/embed/movie/10849
2066,97,tLMHIPMQmsM,https://vidsrc.to/embed/movie/678
2067,200,M1iQ5hQTR5s,https://vidsrc.to/embed/movie/907
2068,188,UCXoXFdNa1o,https://vidsrc.to/embed/movie/5961
2069,108,X2MO1gqdZOs,https://vidsrc.to/embed/movie/47908
2070,92,Bms1Yy355gw,https://vidsrc.to/embed/movie/42121
2071,140,PaHUzy-A05U,https://vidsrc.to/embed/movie/2887
2072,102,cJ7bZpwzNfg,https://vidsrc.to/embed/movie/11974
2073,91,I5Xpi1FHnjw,https://vidsrc.to/embed/movie/20348
2074,118,wC7NPWSyx0I,https://vidsrc.to/embed/movie/26648
2075,145,,https://vidsrc.to/embed/movie/11911
2076,120,rAA6imfqMYQ,https://vidsrc.to/embed/movie/793
2077,101,leaqKfAB12o,https://vidsrc.to/embed/movie/35144
2078,78,qdkU9NmI0jA,https://vidsrc.to/embed/movie/9325
2080,76,x_Fm8--aEm8,https://vidsrc.to/embed/movie/10340
2081,83,J0KsXGZ6y8s,https://vidsrc.to/embed/movie/10144
2082,101,Um_JU7HpSYQ,https://vidsrc.to/embed/movie/10414
2083,90,JXaVI60BFJM,https://vidsrc.to/embed/movie/10437
2084,121,B6GQso7TAXY,https://vidsrc.to/embed/movie/15300
2085,79,d2ALWgaLypE,https://vidsrc.to/embed/movie/12230
2087,77,u9crctwuDLk,https://vidsrc.to/embed/movie/10693
2088,114,npUqfsI_L34,https://vidsrc.to/embed/movie/11335
2089,77,O26Hr4nVR68,https://vidsrc.to/embed/movie/11135
2090,78,bz4vILhWO18,https://vidsrc.to/embed/movie/11319
2091,95,WJ4Tx4Vq_K8,https://vidsrc.to/embed/movie/14822
2092,69,,https://vidsrc.to/embed/movie/15969
2093,109,14EEGw_sdDQ,https://vidsrc.to/embed/movie/13155
2094,108,EWTFiomK4mw,https://vidsrc.to/embed/movie/10249
2095,91,qFn9Tmjj-hY,https://vidsrc.to/embed/movie/15943
2096,75,EGHtRCKx4w4,https://vidsrc.to/embed/movie/10882
2097,95,SHWEGBbhGfA,https://vidsrc.to/embed/movie/24808
2098,100,BJNDjrX0GoQ,https://vidsrc.to/embed/movie/19762
2099,94,jr4mbTK6s2s,https://vidsrc.to/embed/movie/13850
2100,110,uv_77am0ec8,https://vidsrc.to/embed/movie/2619
2102,8,,https://vidsrc.to/embed/movie/53565
2103,98,_SEKFI00-g0,https://vidsrc.to/embed/movie/41841
2104,103,wVkovfR5FCk,https://vidsrc.to/embed/movie/27332
2105,96,INv-OQ1clmw,https://vidsrc.to/embed/movie/97
2106,112,VX7AReML354,https://vidsrc.to/embed/movie/10419
2107,86,xMpeZ1BXEO4,https://vidsrc.to/embed/movie/11675
2108,95,tl9WCvUZVrE,https://vidsrc.to/embed/movie/2107
2109,94,lduFFNqBFPs,https://vidsrc.to/embed/movie/6471
2110,89,OQMbPy1_5h8,https://vidsrc.to/embed/movie/9442
2111,93,P5m_9MmmduM,https://vidsrc.to/embed/movie/11591
2112,134,0PI8VXaQiWs,https://vidsrc.to/embed/movie/13697
2114,91,3ud6PLVjY5Y,https://vidsrc.to/embed/movie/227
2115,118,WBdyLyijZhU,https://vidsrc.to/embed/movie/87
2116,132,wPe6BNPUmI0,https://vidsrc.to/embed/movie/123
2117,113,djx5i7nNZ-Y,https://vidsrc.to/embed/movie/9314
2118,103,qxJp_VQ5VUk,https://vidsrc.to/embed/movie/11336
2119,98,HJud1R7g2Ns,https://vidsrc.to/embed/movie/9980
2120,121,ZCDFTT1S67Y,https://vidsrc.to/embed/movie/10657
2121,93,irQ-hQ6uy_g,https://vidsrc.to/embed/movie/10489
2122,92,sefUZQiWSgo,https://vidsrc.to/embed/movie/10823
2123,84,fhRvSKLbM-0,https://vidsrc.to/embed/movie/11497
2124,100,A6X4VAHdDVg,https://vidsrc.to/embed/movie/2907
2125,121,szP9U0uLl5U,https://vidsrc.to/embed/movie/9454
2126,98,LwNgUdp2otk,https://vidsrc.to/embed/movie/8688
2130,104,fwDjsStvBbA,https://vidsrc.to/embed/movie/23954
2131,93,WDOTDB2cTSg,https://vidsrc.to/embed/movie/12761
2132,131,EOR5mzZyyNw,https://vidsrc.to/embed/movie/396
2133,102,uvG9ZAQh5Ko,https://vidsrc.to/embed/movie/14367
2134,93,y60GlyEawvM,https://vidsrc.to/embed/movie/11814
2135,151,49CmzIRX1k0,https://vidsrc.to/embed/movie/16081
2136,107,1DUkGjWVOlc,https://vidsrc.to/embed/movie/18331
2137,94,QH2vwaiEHRY,https://vidsrc.to/embed/movie/15171
2138,92,T67u55jjMbY,https://vidsrc.to/embed/movie/11837
2139,83,q8skJYBxvNk,https://vidsrc.to/embed/movie/11704
2140,93,P5Dj3jhy7xM,https://vidsrc.to/embed/movie/11639
2141,80,1XC0REIj_F0,https://vidsrc.to/embed/movie/4978
2142,75,klGXjnh3NQo,https://vidsrc.to/embed/movie/10380
2143,94,ybnoJErfDas,https://vidsrc.to/embed/movie/11976
2144,93,FDQu9IiPbOM,https://vidsrc.to/embed/movie/15144
2145,97,mRLQUGq8eE8,https://vidsrc.to/embed/movie/11522
2146,108,dsPFF5xBeMk,https://vidsrc.to/embed/movie/11557
2147,98,vSakccTtj5A,https://vidsrc.to/embed/movie/13853
2148,92,9TSRT-cl-y8,https://vidsrc.to/embed/movie/11415
2149,88,BVxdcvVupBY,https://vidsrc.to/embed/movie/37530
2150,109,HETyBgZtbQo,https://vidsrc.to/embed/movie/8393
2151,98,_USEsg4JtYs,https://vidsrc.to/embed/movie/11937
2152,90,rsl8lFegX1g,https://vidsrc.to/embed/movie/21661
2153,89,-NfKTtTozWg,https://vidsrc.to/embed/movie/9320
2154,124,0eF0BYJM1FY,https://vidsrc.to/embed/movie/33644
2155,91,,https://vidsrc.to/embed/movie/14662
2156,101,,https://vidsrc.to/embed/movie/125124
2159,83,HeM8ZUkZaTQ,https://vidsrc.to/embed/movie/10692
2160,138,pwLKIcB0zDw,https://vidsrc.to/embed/movie/805
2161,101,ToUgsvlsemo,https://vidsrc.to/embed/movie/34584
2162,90,SHMeWhBmXts,https://vidsrc.to/embed/movie/34636
2163,87,zvYKOX5XMpI,https://vidsrc.to/embed/movie/2182
2164,81,8gfwKxX5Lz4,https://vidsrc.to/embed/movie/28070
2165,107,,https://vidsrc.to/embed/movie/77469
2166,109,t58hRl6dLyY,https://vidsrc.to/embed/movie/10278
2167,121,O2Y3FFFIvRI,https://vidsrc.to/embed/movie/36647
2169,96,PZbXDnXEpfk,https://vidsrc.to/embed/movie/14557
2170,87,IvEKtk0TCtI,https://vidsrc.to/embed/movie/9417
2171,96,Q8meZ1qJ3Lk,https://vidsrc.to/embed/movie/41469
2172,97,gWZ-NsM5okY,https://vidsrc.to/embed/movie/19381
2174,92,po1HJbmow0g,https://vidsrc.to/embed/movie/4011
2175,117,KR-kHtqs7vs,https://vidsrc.to/embed/movie/161795
2176,81,mTmEraaEY20,https://vidsrc.to/embed/movie/1580
2177,120,YVazwgLDFvI,https://vidsrc.to/embed/movie/5854
2178,116,As0nPLCMU7g,https://vidsrc.to/embed/movie/573
2179,127,mocX-_VeqRc,https://vidsrc.to/embed/movie/2370
2180,127,KY0onrdb4ZE,https://vidsrc.to/embed/movie/5780
2181,130,zdErt_teseo,https://vidsrc.to/embed/movie/506
2182,105,9RKEUzQe30M,https://vidsrc.to/embed/movie/22527
2183,121,kXXqvoF0iyM,https://vidsrc.to/embed/movie/574
2184,99,171-YyvtCIM,https://vidsrc.to/embed/movie/11219
2185,95,VY2sixen4Iw,https://vidsrc.to/embed/movie/30159
2186,101,PC62NBWBkjM,https://vidsrc.to/embed/movie/845
2187,110,oRvWOz1-ekY,https://vidsrc.to/embed/movie/1978
2188,93,zjrsvTvhe_c,https://vidsrc.to/embed/movie/3682
2190,116,lIlWN0Dxvfw,https://vidsrc.to/embed/movie/46702
2193,126,9KhFp9fqrHc,https://vidsrc.to/embed/movie/847
2194,119,YbzkK06MJjE,https://vidsrc.to/embed/movie/117
2195,82,UGO59S2mabY,https://vidsrc.to/embed/movie/14577
2196,91,,https://vidsrc.to/embed/movie/37498
2201,114,HCKqAc1z72w,https://vidsrc.to/embed/movie/31667
2202,96,O_SGsmN96hk,https://vidsrc.to/embed/movie/13321
2203,107,HHEu5vXUusc,https://vidsrc.to/embed/movie/21734
2204,109,K4ELyvwPTTk,https://vidsrc.to/embed/movie/31997
2205,95,HGfQ87J6xQk,https://vidsrc.to/embed/movie/24197
2206,99,gHpCbrRcBhk,https://vidsrc.to/embed/movie/11462
2207,100,2eKMhAH9IK4,https://vidsrc.to/embed/movie/31995
2208,96,YihbNGUNQmU,https://vidsrc.to/embed/movie/940
2210,77,178s548EjM4,https://vidsrc.to/embed/movie/12684
2211,86,,https://vidsrc.to/embed/movie/2761
2212,76,hxrGvtF-SjE,https://vidsrc.to/embed/movie/8208
2226,116,3aTyC8ck348,https://vidsrc.to/embed/movie/36056
2227,91,BJnoaTzJdLs,https://vidsrc.to/embed/movie/2760
2231,121,cjUgHE3hxyg,https://vidsrc.to/embed/movie/10220
2232,90,HYoTGYT0-I4,https://vidsrc.to/embed/movie/431
2236,114,AGU8cOHxSxo,https://vidsrc.to/embed/movie/22796
2239,110,3rz8zh7tBro,https://vidsrc.to/embed/movie/37916
2240,96,22_0SIwqWWY,https://vidsrc.to/embed/movie/21873
2241,98,C5jZnTC3Tew,https://vidsrc.to/embed/movie/21500
2243,133,WXYq-X3E7Ag,https://vidsrc.to/embed/movie/12626
2244,95,DG9q-D69gx0,https://vidsrc.to/embed/movie/37818
2245,114,va1UqFivi6A,https://vidsrc.to/embed/movie/3525
2247,104,utU7opft6F4,https://vidsrc.to/embed/movie/2321
2248,100,Se_eSeEAoX0,https://vidsrc.to/embed/movie/2028
2249,97,k8ofblxbI08,https://vidsrc.to/embed/movie/16384
2252,117,uOA5UzlIwZM,https://vidsrc.to/embed/movie/10699
2253,122,d_vxkIm9z8k,https://vidsrc.to/embed/movie/11597
2255,95,nR_9zz59vYc,https://vidsrc.to/embed/movie/47947
2256,85,cGnTUz_4EZE,https://vidsrc.to/embed/movie/48311
2257,102,,https://vidsrc.to/embed/movie/44772
2259,100,nSlYxLdAI_I,https://vidsrc.to/embed/movie/14347
2260,109,,https://vidsrc.to/embed/movie/41090
2261,93,araGhvv2IDg,https://vidsrc.to/embed/movie/18282
2262,113,Ouub45fF_MQ,https://vidsrc.to/embed/movie/18169
2263,97,1yxCT_gSky0,https://vidsrc.to/embed/movie/11082
2264,106,bXK5mvyCZSU,https://vidsrc.to/embed/movie/5971
2265,94,DbvIjtP7lxE,https://vidsrc.to/embed/movie/11933
2266,107,7Oz0RRckCRw,https://vidsrc.to/embed/movie/20096
2267,104,gq6N0hzaQWU,https://vidsrc.to/embed/movie/30815
2268,138,uTE592ryZx4,https://vidsrc.to/embed/movie/881
2269,117,Ad98qFf7PTE,https://vidsrc.to/embed/movie/4478
2271,88,,https://vidsrc.to/embed/movie/22318
2272,127,lXJv1BQr1iI,https://vidsrc.to/embed/movie/53113
2273,97,0e2Lbnq_lSM,https://vidsrc.to/embed/movie/2109
2275,91,uYHtoRJjOb4,https://vidsrc.to/embed/movie/24746
2278,122,FHrhOuz_QEk,https://vidsrc.to/embed/movie/8195
2279,100,R4d1_D90BwU,https://vidsrc.to/embed/movie/9877
2280,104,VChKGXLiLYI,https://vidsrc.to/embed/movie/26618
2281,93,,https://vidsrc.to/embed/movie/21132
2282,86,,https://vidsrc.to/embed/movie/11855
2283,138,p8gX5i2sHZQ,https://vidsrc.to/embed/movie/24016
2286,108,hGgyudFVNkU,https://vidsrc.to/embed/movie/3486
2287,94,CugQcmapiwc,https://vidsrc.to/embed/movie/11071
2288,109,l8A_DMMJC_Q,https://vidsrc.to/embed/movie/1091
2289,124,HpDDTS08wPs,https://vidsrc.to/embed/movie/10403
2290,89,ThwMJkiTBDg,https://vidsrc.to/embed/movie/11337
2291,105,S8bBjpUBbro,https://vidsrc.to/embed/movie/162
2292,87,i-MBOAE7Nls,https://vidsrc.to/embed/movie/25723
2294,83,oWWGzCcU7-0,https://vidsrc.to/embed/movie/8916
2295,101,o6NjLhtvW3o,https://vidsrc.to/embed/movie/28134
2296,82,Xvl3qJe9L9g,https://vidsrc.to/embed/movie/9429
2297,113,ahduR16B7K0,https://vidsrc.to/embed/movie/12159
2298,86,8KYGdpYnHAY,https://vidsrc.to/embed/movie/27791
2300,89,fP5FnWZr9_U,https://vidsrc.to/embed/movie/30197
2301,92,1TASJymwQeo,https://vidsrc.to/embed/movie/10156
2302,119,hITJLnyH9Fc,https://vidsrc.to/embed/movie/10377
2303,160,Ty3oclCA-uM,https://vidsrc.to/embed/movie/3121
2304,92,Q2fjwPFPjhg,https://vidsrc.to/embed/movie/4975
2306,114,7e3YGlFWtDs,https://vidsrc.to/embed/movie/9713
2307,90,apfqRGIPuKM,https://vidsrc.to/embed/movie/134368
2310,100,55NnLGNeZ-k,https://vidsrc.to/embed/movie/9821
2311,116,Gyf8QWoL7T0,https://vidsrc.to/embed/movie/4437
2312,119,E0AMKG31wME,https://vidsrc.to/embed/movie/1890
2313,124,kxb_1457gGs,https://vidsrc.to/embed/movie/1955
2314,172,WNz7mV8ob2Q,https://vidsrc.to/embed/movie/39437
2315,89,VNpqr8GfNRg,https://vidsrc.to/embed/movie/11932
2316,104,R7uixLkpjPs,https://vidsrc.to/embed/movie/6435
2318,140,1eOzYczx-Xk,https://vidsrc.to/embed/movie/10683
2320,107,Nqe-VWnwACY,https://vidsrc.to/embed/movie/9445
2321,124,Q-4pnXcqyt0,https://vidsrc.to/embed/movie/2657
2322,99,tuER-MHKbQ4,https://vidsrc.to/embed/movie/9425
2323,76,8HWaHBaqajk,https://vidsrc.to/embed/movie/32326
2324,116,pAYEQP8gx3w,https://vidsrc.to/embed/movie/637
2325,94,v5QitQpqpSU,https://vidsrc.to/embed/movie/8675
2327,93,pFNl7YEAof0,https://vidsrc.to/embed/movie/20701
2328,108,hSfGOdPSvPQ,https://vidsrc.to/embed/movie/9945
2329,119,el6JxnW2Tyg,https://vidsrc.to/embed/movie/73
2330,98,TgA3DvoBVb8,https://vidsrc.to/embed/movie/18603
2331,100,,https://vidsrc.to/embed/movie/46889
2332,96,oJbQd601UaQ,https://vidsrc.to/embed/movie/12888
2333,105,Nn2G6YrvibM,https://vidsrc.to/embed/movie/3033
2334,116,87Rai0X97Fc,https://vidsrc.to/embed/movie/9882
2335,90,vVLvkqfTRVQ,https://vidsrc.to/embed/movie/10663
2336,123,DyGBwrtIamw,https://vidsrc.to/embed/movie/4518
2337,123,mNx-hJ54L70,https://vidsrc.to/embed/movie/1808
2338,100,xx_j5SL93Xs,https://vidsrc.to/embed/movie/3600
2339,86,_78cM5PZtYE,https://vidsrc.to/embed/movie/17037
2340,178,_zIOjl93WrU,https://vidsrc.to/embed/movie/297
2342,92,CAw_HZ4GsFc,https://vidsrc.to/embed/movie/21589
2344,111,nOgYzEV-XFQ,https://vidsrc.to/embed/movie/11893
2346,117,Y9WOMDsMy78,https://vidsrc.to/embed/movie/12223
2347,121,mKGfuZlJD3g,https://vidsrc.to/embed/movie/32081
2348,114,EEHwVIsCG9o,https://vidsrc.to/embed/movie/14924
2349,105,86lXsR5iX2Q,https://vidsrc.to/embed/movie/10002
2350,100,U5_C6IrxLWY,https://vidsrc.to/embed/movie/41817
2351,110,nG91owD7UjM,https://vidsrc.to/embed/movie/19426
2352,105,hHUwAZdQFBg,https://vidsrc.to/embed/movie/12560
2353,132,a3mrRv-1khI,https://vidsrc.to/embed/movie/9798
2354,80,Uw7HDQ5Dnjo,https://vidsrc.to/embed/movie/14444
2355,95,mE35XQFxbeo,https://vidsrc.to/embed/movie/9487
2356,113,CK6x-SSEfzg,https://vidsrc.to/embed/movie/9466
2357,111,qCoqppCsEa8,https://vidsrc.to/embed/movie/666
2358,103,NF18FCr3vuM,https://vidsrc.to/embed/movie/2042
2359,91,vO8mTY3ZIZc,https://vidsrc.to/embed/movie/10162
2360,101,XCqc_JTiNxg,https://vidsrc.to/embed/movie/309
2361,93,vUd_6FF4AtM,https://vidsrc.to/embed/movie/692
2362,71,taoDcurT738,https://vidsrc.to/embed/movie/24018
2363,96,IVONRrcn9TI,https://vidsrc.to/embed/movie/1678
2364,87,33D7GHVwOUE,https://vidsrc.to/embed/movie/39256
2365,97,ljLQZXOUNjw,https://vidsrc.to/embed/movie/1680
2366,104,I8P7RzqOU_M,https://vidsrc.to/embed/movie/244
2367,134,mX_V4R-qK90,https://vidsrc.to/embed/movie/10730
2368,105,C0HvmgZfbl8,https://vidsrc.to/embed/movie/31947
2369,104,ngAdpRVhHzY,https://vidsrc.to/embed/movie/8130
2370,114,WSX09PJj0s4,https://vidsrc.to/embed/movie/11532
2371,98,VYsRIZsd2xI,https://vidsrc.to/embed/movie/9749
2372,95,cX78XXrtOZU,https://vidsrc.to/embed/movie/14628
2373,89,NKVXgPeLAe0,https://vidsrc.to/embed/movie/9626
2374,111,9Ty5vIzKFKU,https://vidsrc.to/embed/movie/13698
2375,91,y3tQsQ_Dpd0,https://vidsrc.to/embed/movie/10466
2376,131,pxQS8iAlr9w,https://vidsrc.to/embed/movie/707
2377,102,B18wv1oAJGc,https://vidsrc.to/embed/movie/11954
2378,97,725QU19eHWI,https://vidsrc.to/embed/movie/9336
2379,87,K_pccyu6ipY,https://vidsrc.to/embed/movie/10157
2380,84,oodRggGr_l0,https://vidsrc.to/embed/movie/12118
2381,88,VMc2efsEFgQ,https://vidsrc.to/embed/movie/10587
2382,90,arQAsNE4fcI,https://vidsrc.to/embed/movie/11825
2383,84,unhfOWzPy9M,https://vidsrc.to/embed/movie/11895
2384,96,mARmXtTkVvY,https://vidsrc.to/embed/movie/9447
2385,93,TgaV1oNx_i4,https://vidsrc.to/embed/movie/12257
2387,100,WUIO3LKZcdI,https://vidsrc.to/embed/movie/10029
2388,94,IsolrGofG6U,https://vidsrc.to/embed/movie/27104
2389,104,p0QkvHCfg7w,https://vidsrc.to/embed/movie/11252
2390,97,AqTaIbDTNnE,https://vidsrc.to/embed/movie/8545
2391,121,Li8aZUd6O9A,https://vidsrc.to/embed/movie/10223
2392,101,ZFoWiUqrhoE,https://vidsrc.to/embed/movie/9745
2393,103,gm2M8oUrEyg,https://vidsrc.to/embed/movie/200
2394,99,gGB1bCrJnL4,https://vidsrc.to/embed/movie/9837
2395,93,846UzdeHI1g,https://vidsrc.to/embed/movie/11545
2396,124,_CxNF4eA6yw,https://vidsrc.to/embed/movie/1934
2398,96,kUwyGo6PQzY,https://vidsrc.to/embed/movie/11881
2399,108,M_P4Bz_go5o,https://vidsrc.to/embed/movie/13764
2400,99,2Gd_naEgqow,https://vidsrc.to/embed/movie/24951
2401,115,lCVgv2Gsc9E,https://vidsrc.to/embed/movie/8879
2402,96,TY8LVqaLHwY,https://vidsrc.to/embed/movie/1369
2403,93,Rl_4vPKDijQ,https://vidsrc.to/embed/movie/1368
2404,102,SMLUwNSVX5Y,https://vidsrc.to/embed/movie/1370
2405,106,K8ZvVDiYc88,https://vidsrc.to/embed/movie/10303
2406,106,DL40GuLfxA8,https://vidsrc.to/embed/movie/9326
2407,117,h77perEoYNY,https://vidsrc.to/embed/movie/10328
2408,116,_refo9m6Pvs,https://vidsrc.to/embed/movie/11285
2409,119,yZrmRBj1r_E,https://vidsrc.to/embed/movie/1367
2410,100,o7vbDPUMWDc,https://vidsrc.to/embed/movie/1371
2411,91,kp1e9ReSD0E,https://vidsrc.to/embed/movie/1374
2412,104,C2_k8p3RQx4,https://vidsrc.to/embed/movie/1375
2413,94,KEXdWfsKZ1k,https://vidsrc.to/embed/movie/15196
2414,109,PVTHS6vyOZw,https://vidsrc.to/embed/movie/11904
2415,88,,https://vidsrc.to/embed/movie/215875
2416,96,fHRECtiZ7E8,https://vidsrc.to/embed/movie/15596
2417,108,k79DDjvl9vE,https://vidsrc.to/embed/movie/13818
2418,118,8evvm4s-C98,https://vidsrc.to/embed/movie/29968
2419,89,a1qutuhHjpY,https://vidsrc.to/embed/movie/44326
2420,127,eEyhvUjCMcI,https://vidsrc.to/embed/movie/1885
2421,113,siRMz-PyjZI,https://vidsrc.to/embed/movie/8856
2422,112,0YFWFJOvjwQ,https://vidsrc.to/embed/movie/10495
2423,97,tLVd4ipC5Lc,https://vidsrc.to/embed/movie/5825
2424,119,AKlhYZ-HqKs,https://vidsrc.to/embed/movie/9489
2425,124,PR6P6KMDUD0,https://vidsrc.to/embed/movie/16885
2427,171,ejm0XvT3rB8,https://vidsrc.to/embed/movie/8741
2428,104,h_T1WhhfjtY,https://vidsrc.to/embed/movie/9276
2429,114,3tPWHp2KZoY,https://vidsrc.to/embed/movie/9822
2430,94,TsWJVnvODvw,https://vidsrc.to/embed/movie/39314
2431,115,lZqGA1ldvYE,https://vidsrc.to/embed/movie/10312
2432,125,QNUu1d7i26g,https://vidsrc.to/embed/movie/9441
2433,115,Y4WOo8IJzVg,https://vidsrc.to/embed/movie/9422
2435,122,DiBVIk7wW4Q,https://vidsrc.to/embed/movie/24525
2436,117,,https://vidsrc.to/embed/movie/10368
2439,114,yBvzSs2qo1c,https://vidsrc.to/embed/movie/31662
2442,121,VoPV-8ZBF-8,https://vidsrc.to/embed/movie/46992
2443,121,DppPtpEbFag,https://vidsrc.to/embed/movie/825
2445,128,yojRQveAnpE,https://vidsrc.to/embed/movie/15556
2446,100,DHHPY9u6RQM,https://vidsrc.to/embed/movie/28902
2447,106,HFTV-phVwAw,https://vidsrc.to/embed/movie/14709
2448,100,ipYSWeV599s,https://vidsrc.to/embed/movie/9423
2450,110,yeU4UlDWfKI,https://vidsrc.to/embed/movie/10658
2451,86,l4mDMM_uFsE,https://vidsrc.to/embed/movie/6917
2453,114,ASRJd1vLFxM,https://vidsrc.to/embed/movie/24086
2454,94,eKjD2OxGhXw,https://vidsrc.to/embed/movie/11815
2455,96,YPhM5T1DViw,https://vidsrc.to/embed/movie/9426
2456,105,8le4x7GmSr8,https://vidsrc.to/embed/movie/10344
2457,107,ZTtq9sEHaGo,https://vidsrc.to/embed/movie/15698
2458,88,lIKR3R2604c,https://vidsrc.to/embed/movie/2620
2459,83,iSxFeBdcqeE,https://vidsrc.to/embed/movie/30497
2460,100,cJi0AOSoKXA,https://vidsrc.to/embed/movie/16337
2462,95,jmyDMs3ec5w,https://vidsrc.to/embed/movie/16780
2463,94,RNscRNPhzmY,https://vidsrc.to/embed/movie/12151
2465,91,EyhKj6WdNIo,https://vidsrc.to/embed/movie/33278
2467,130,BX2u0cxj-KU,https://vidsrc.to/embed/movie/192
2468,105,eWBr7HGnouM,https://vidsrc.to/embed/movie/10945
2469,103,091_NXuANgg,https://vidsrc.to/embed/movie/10013
2470,97,HhmlgCCXaXc,https://vidsrc.to/embed/movie/9671
2471,111,564imYX8G-c,https://vidsrc.to/embed/movie/9396
2472,104,AqFsg6eLvLU,https://vidsrc.to/embed/movie/11038
2473,104,z2zMrjBLwn8,https://vidsrc.to/embed/movie/12278
2474,119,HgLvznCiNUo,https://vidsrc.to/embed/movie/11873
2475,110,yK-ajlxnyOY,https://vidsrc.to/embed/movie/18588
2476,130,AzmKOwtSCkg,https://vidsrc.to/embed/movie/10015
2477,104,7MMshCVkS2E,https://vidsrc.to/embed/movie/12715
2478,103,xgOcejbMuq0,https://vidsrc.to/embed/movie/8388
2481,105,Vog33PwornI,https://vidsrc.to/embed/movie/8129
2482,95,FADiGMfYuBI,https://vidsrc.to/embed/movie/1618
2483,104,hLdHqtURuzA,https://vidsrc.to/embed/movie/10722
2485,95,kI9fYsgduGE,https://vidsrc.to/embed/movie/10314
2488,101,0pOdgj4zKKA,https://vidsrc.to/embed/movie/11167
2490,100,n_aXrHNqQro,https://vidsrc.to/embed/movie/2112
2491,95,,https://vidsrc.to/embed/movie/16172
2492,87,,https://vidsrc.to/embed/movie/111794
2493,126,,https://vidsrc.to/embed/movie/9524
2494,87,Ih74YeYRtHc,https://vidsrc.to/embed/movie/20595
2495,72,LE3AaxGKaEg,https://vidsrc.to/embed/movie/16306
2496,112,hDNR4CxYtls,https://vidsrc.to/embed/movie/11622
2497,131,Wpb616fwYMk,https://vidsrc.to/embed/movie/10207
2498,94,VXZ-b-ZB7Rw,https://vidsrc.to/embed/movie/9849
2500,87,ascDz9SZ-uI,https://vidsrc.to/embed/movie/18892
2501,107,4cmMukCFyd8,https://vidsrc.to/embed/movie/13466
2502,90,3_fG_zLbBeU,https://vidsrc.to/embed/movie/1542
2503,82,,https://vidsrc.to/embed/movie/43978
2504,101,,https://vidsrc.to/embed/movie/15256
2505,123,mjIGbTTw3i8,https://vidsrc.to/embed/movie/8224
2506,130,2WtkWZyPehM,https://vidsrc.to/embed/movie/18417
2511,112,XqLUx8RF0EQ,https://vidsrc.to/embed/movie/1847
2512,130,Lw08P2VDdgM,https://vidsrc.to/embed/movie/42113
2513,103,JMao8sg4DPA,https://vidsrc.to/embed/movie/8913
2514,100,hdn56hGq5O0,https://vidsrc.to/embed/movie/10906
2515,92,bsYaPp3UDCw,https://vidsrc.to/embed/movie/25748
2516,90,37ECsxeTqQU,https://vidsrc.to/embed/movie/25749
2517,110,wMoHFqV3aX8,https://vidsrc.to/embed/movie/8769
2518,106,bE2zds0_9v0,https://vidsrc.to/embed/movie/14742
2520,137,PACKbKt8MOw,https://vidsrc.to/embed/movie/10671
2521,107,h-l3wzkCwiU,https://vidsrc.to/embed/movie/27932
2522,114,lGmVXP_JS6o,https://vidsrc.to/embed/movie/7227
2523,119,naoZObQpamU,https://vidsrc.to/embed/movie/10670
2524,165,nyTqrtZFWeQ,https://vidsrc.to/embed/movie/5919
2525,91,4_f3-h4tGFQ,https://vidsrc.to/embed/movie/33518
2526,107,HHn16y8F2-0,https://vidsrc.to/embed/movie/40160
2527,89,_vezkZIMm74,https://vidsrc.to/embed/movie/2362
2528,118,JPauhZFMXo8,https://vidsrc.to/embed/movie/10803
2529,112,k0-dUM_A-Cg,https://vidsrc.to/embed/movie/871
2530,95,uMuEnNxX1E8,https://vidsrc.to/embed/movie/1685
2531,93,yg_cSD2VnE8,https://vidsrc.to/embed/movie/1705
2532,88,F0TvY2sgZnU,https://vidsrc.to/embed/movie/1688
2533,98,2e1acuBXj4g,https://vidsrc.to/embed/movie/1687
2534,94,F2kYCdgX3zE,https://vidsrc.to/embed/movie/166680
2535,123,yV88FanNJlU,https://vidsrc.to/embed/movie/11123
2537,114,blqnqn5Gmw8,https://vidsrc.to/embed/movie/31638
2538,98,,https://vidsrc.to/embed/movie/113286
2539,103,ZJyv0AYmy4c,https://vidsrc.to/embed/movie/9535
2540,110,g-D9unnCJhY,https://vidsrc.to/embed/movie/9455
2541,97,UzlKsS-IhEo,https://vidsrc.to/embed/movie/796
2542,105,HY7mRdQuUSw,https://vidsrc.to/embed/movie/100
2544,110,0IIMTO9vXtE,https://vidsrc.to/embed/movie/77936
2546,106,mWa7nDm9Wdg,https://vidsrc.to/embed/movie/30943
2548,105,0dhGX76FhLE,https://vidsrc.to/embed/movie/7341
2549,100,,https://vidsrc.to/embed/movie/10350
2550,112,qx_3FPO5bs0,https://vidsrc.to/embed/movie/11772
2551,115,-ZHbu3msmes,https://vidsrc.to/embed/movie/9540
2552,85,UiYWlnCswrk,https://vidsrc.to/embed/movie/31503
2553,77,pIeajPZim3s,https://vidsrc.to/embed/movie/11773
2554,90,9ZYGfxa5IW4,https://vidsrc.to/embed/movie/30202
2555,95,-gDV8LSw4NY,https://vidsrc.to/embed/movie/22345
2557,89,X22CYBExkZQ,https://vidsrc.to/embed/movie/1567
2558,105,gRb5JFHpzew,https://vidsrc.to/embed/movie/1641
2559,87,BD7-hz-qmBM,https://vidsrc.to/embed/movie/47288
2560,101,l7BDiNktrLU,https://vidsrc.to/embed/movie/10212
2561,127,vL3TFv5H794,https://vidsrc.to/embed/movie/10354
2563,111,n_g4qspx3es,https://vidsrc.to/embed/movie/8583
2565,133,YZ80o1SY71o,https://vidsrc.to/embed/movie/16520
2566,76,b23YuMtrNE4,https://vidsrc.to/embed/movie/16508
2567,123,V5ZJtWn8zBY,https://vidsrc.to/embed/movie/11374
2568,92,PacWyC2OyCM,https://vidsrc.to/embed/movie/16379
2570,107,wlb2pESsygo,https://vidsrc.to/embed/movie/28029
2571,136,d0XTFAMmhrE,https://vidsrc.to/embed/movie/603
2572,97,GbWQ_VXek6A,https://vidsrc.to/embed/movie/4951
2573,115,,https://vidsrc.to/embed/movie/65749
2574,90,erByzW27zEM,https://vidsrc.to/embed/movie/8970
2575,113,,https://vidsrc.to/embed/movie/9840
2577,105,,https://vidsrc.to/embed/movie/30950
2579,69,Xc1cMA4UryY,https://vidsrc.to/embed/movie/11660
2580,102,0KTWEFpDOis,https://vidsrc.to/embed/movie/9430
2581,107,xPyMf4ROt3Q,https://vidsrc.to/embed/movie/11355
2582,104,wHkahcQ_4y4,https://vidsrc.to/embed/movie/18764
2583,118,,https://vidsrc.to/embed/movie/9465
2585,112,kkbBoTitGpc,https://vidsrc.to/embed/movie/1414
2586,102,uTSG2qdbCzI,https://vidsrc.to/embed/movie/49981
2587,108,crXNoJ-tMpQ,https://vidsrc.to/embed/movie/6522
2589,103,RbPKyuqQON8,https://vidsrc.to/embed/movie/114719
2590,98,Xmp6Z7nICoU,https://vidsrc.to/embed/movie/10209
2593,112,,https://vidsrc.to/embed/movie/22826
2594,117,1zX8gwWvke8,https://vidsrc.to/embed/movie/1902
2596,97,MsZziQvRWCg,https://vidsrc.to/embed/movie/6396
2597,95,HUNgL4jTPeQ,https://vidsrc.to/embed/movie/39964
2598,124,,https://vidsrc.to/embed/movie/12596
2599,103,uV0SMo8E1lY,https://vidsrc.to/embed/movie/9451
2600,97,DZZJrQc-wtw,https://vidsrc.to/embed/movie/1946
2605,112,LFSpRNtxd8I,https://vidsrc.to/embed/movie/1844
2606,92,HcVrp--9UUc,https://vidsrc.to/embed/movie/6552
2607,111,dsqlriNlXr4,https://vidsrc.to/embed/movie/24584
2609,102,EDwo1XKW0Fs,https://vidsrc.to/embed/movie/25471
2611,104,,https://vidsrc.to/embed/movie/28519
2612,111,KoOr_OoHbv4,https://vidsrc.to/embed/movie/3309
2613,95,XfwpajegCnY,https://vidsrc.to/embed/movie/18462
2614,77,RLMyInUPQ2g,https://vidsrc.to/embed/movie/28941
2615,94,hd2pyxmIPbE,https://vidsrc.to/embed/movie/18252
2616,105,-4rzqSsqaqA,https://vidsrc.to/embed/movie/8592
2617,124,OGOBz4t7OXs,https://vidsrc.to/embed/movie/564
2618,85,ki-Aw9PZFIQ,https://vidsrc.to/embed/movie/13852
2620,119,,https://vidsrc.to/embed/movie/25232
2622,116,0ygOgq_XmmU,https://vidsrc.to/embed/movie/10210
2623,94,,https://vidsrc.to/embed/movie/53862
2624,118,f8K_YxtdzRo,https://vidsrc.to/embed/movie/17962
2625,99,xv4p-H_E1_E,https://vidsrc.to/embed/movie/9460
2628,136,J3kyYFHdRsM,https://vidsrc.to/embed/movie/1893
2629,88,,https://vidsrc.to/embed/movie/31342
2630,93,,https://vidsrc.to/embed/movie/44297
2632,183,,https://vidsrc.to/embed/movie/8785
2633,73,5eLN8ve_Eoc,https://vidsrc.to/embed/movie/15849
2634,88,nTnkLTRR6v8,https://vidsrc.to/embed/movie/18990
2639,128,iFOFM0BvTRc,https://vidsrc.to/embed/movie/15660
2640,144,xXyuUbtpmxE,https://vidsrc.to/embed/movie/1924
2641,127,8FF60gilDng,https://vidsrc.to/embed/movie/8536
2642,125,O6LHQrfGEW4,https://vidsrc.to/embed/movie/9531
2643,90,J3IFSj4ebwU,https://vidsrc.to/embed/movie/11411
2644,74,sSPNLK1wWaU,https://vidsrc.to/embed/movie/138
2648,70,ctoOmIWr2vg,https://vidsrc.to/embed/movie/3035
2651,74,_Kaa88LIwJo,https://vidsrc.to/embed/movie/3076
2652,83,_CDF6AyAwvk,https://vidsrc.to/embed/movie/3079
2654,70,GeKQL7ddgMo,https://vidsrc.to/embed/movie/13666
2655,91,HbnYSLaoCYE,https://vidsrc.to/embed/movie/29794
2656,80,SP_qepDvRV8,https://vidsrc.to/embed/movie/9077
2657,100,ldo_spDyLKc,https://vidsrc.to/embed/movie/36685
2659,80,C-ZsQjDcqAw,https://vidsrc.to/embed/movie/30168
2660,87,vs2lXH1aFZ0,https://vidsrc.to/embed/movie/10785
2661,80,YJY4zGfQ_vo,https://vidsrc.to/embed/movie/19483
2662,85,iISa2VMK7Ts,https://vidsrc.to/embed/movie/8974
2664,80,9SqN8wHry2M,https://vidsrc.to/embed/movie/11549
2665,83,pZbjgp7_v3Y,https://vidsrc.to/embed/movie/18158
2668,91,76debmQRiFw,https://vidsrc.to/embed/movie/17918
2669,98,XPaEECzwUxI,https://vidsrc.to/embed/movie/37305
2670,93,xtzhWW1_H6s,https://vidsrc.to/embed/movie/18784
2671,124,sn-m50RUf_Q,https://vidsrc.to/embed/movie/509
2672,100,UQcOLSaDd1w,https://vidsrc.to/embed/movie/1090
2674,106,,https://vidsrc.to/embed/movie/15059
2676,124,zdSZaTBWQqw,https://vidsrc.to/embed/movie/12117
2677,105,hB_1lw0iVRo,https://vidsrc.to/embed/movie/11779
2681,113,,https://vidsrc.to/embed/movie/13533
2682,126,HSjiCN--ZKs,https://vidsrc.to/embed/movie/62676
2683,95,a9HSJwG4DXo,https://vidsrc.to/embed/movie/817
2686,130,DhqgV4flGdE,https://vidsrc.to/embed/movie/14283
2687,88,JYOMf4SS2oA,https://vidsrc.to/embed/movie/37135
2688,116,k1MQqkCA484,https://vidsrc.to/embed/movie/2275
2690,97,SJS6B8NHegg,https://vidsrc.to/embed/movie/24137
2691,170,jqhbOiF9-8g,https://vidsrc.to/embed/movie/10376
2692,80,ZCYnsUdO6H0,https://vidsrc.to/embed/movie/104
2693,86,T3STZ1aLRO0,https://vidsrc.to/embed/movie/15800
2694,93,J_l5fMb1oxg,https://vidsrc.to/embed/movie/9032
2695,86,ZfWAr3Jg_UY,https://vidsrc.to/embed/movie/13821
2696,80,4FANGIUNbiA,https://vidsrc.to/embed/movie/9421
2697,88,o0xAGZSLYNA,https://vidsrc.to/embed/movie/55955
2698,95,,https://vidsrc.to/embed/movie/67067
2699,109,vlK_P6ppLu0,https://vidsrc.to/embed/movie/6488
2700,81,Tq-C9-QJV30,https://vidsrc.to/embed/movie/9473
2701,106,eukojcMn2js,https://vidsrc.to/embed/movie/8487
2702,142,sPM5TzVBCfo,https://vidsrc.to/embed/movie/10279
2706,95,ACDrQ2p5kAM,https://vidsrc.to/embed/movie/2105
2707,117,tzzT_Iaw0t8,https://vidsrc.to/embed/movie/1073
2708,112,,https://vidsrc.to/embed/movie/10239
2709,88,R94eV8nxvrA,https://vidsrc.to/embed/movie/10208
2710,81,AcTh2YItSaM,https://vidsrc.to/embed/movie/2667
2712,160,0QrLNspLAnY,https://vidsrc.to/embed/movie/345
2713,82,xNP_FyUjysk,https://vidsrc.to/embed/movie/9825
2716,107,aQF9XnP3uKg,https://vidsrc.to/embed/movie/620
2717,108,weIqC-oUGmA,https://vidsrc.to/embed/movie/2978
2718,98,SHTR4O-NwsA,https://vidsrc.to/embed/movie/10490
2719,113,ht1M5GlEgW4,https://vidsrc.to/embed/movie/11618
2720,78,ld4cYRaxVFg,https://vidsrc.to/embed/movie/332
2722,105,NPVFybrhHnc,https://vidsrc.to/embed/movie/8914
2723,121,pPkXTEZupEo,https://vidsrc.to/embed/movie/9824
2724,116,nlOLJ_H0zcA,https://vidsrc.to/embed/movie/4806
2725,111,Z-RUwT26eNE,https://vidsrc.to/embed/movie/33430
2726,85,c0Odg-GY40w,https://vidsrc.to/embed/movie/247
2727,68,W25UlE0C1-Y,https://vidsrc.to/embed/movie/10056
2728,197,R8aWcZa18pc,https://vidsrc.to/embed/movie/967
2729,154,KOgioT6OTGc,https://vidsrc.to/embed/movie/802
2730,188,JH8j_1dUlUU,https://vidsrc.to/embed/movie/3175
2731,99,ICGZfU-9Yl0,https://vidsrc.to/embed/movie/147
2732,106,X9OzdWczCfQ,https://vidsrc.to/embed/movie/1628
2733,99,rKSpTTL1Bvc,https://vidsrc.to/embed/movie/21185
2734,119,eC2eC_pN7ZE,https://vidsrc.to/embed/movie/11120
2735,94,S7d9PyMIFFY,https://vidsrc.to/embed/movie/10136
2736,108,OxLt-XsaIGQ,https://vidsrc.to/embed/movie/32060
2737,88,,https://vidsrc.to/embed/movie/48686
2738,105,zYyeIn5Yijk,https://vidsrc.to/embed/movie/48259
2739,154,_h-efLS7VV4,https://vidsrc.to/embed/movie/873
2740,93,Vg8IJgbSr0o,https://vidsrc.to/embed/movie/48660
2741,106,wcwT_B1t5ec,https://vidsrc.to/embed/movie/26789
2742,84,y7pHZL6Z-ko,https://vidsrc.to/embed/movie/3934
2743,111,2g-JibcrZL4,https://vidsrc.to/embed/movie/108312
2744,118,,https://vidsrc.to/embed/movie/198469
2745,125,HU14R9hbUFc,https://vidsrc.to/embed/movie/11416
2746,94,QqFZuR6UzjA,https://vidsrc.to/embed/movie/10776
2747,73,amlXKaqk2jg,https://vidsrc.to/embed/movie/24452
2748,99,h5IuW2hW5BI,https://vidsrc.to/embed/movie/9710
2749,102,nfd0FmrpKHg,https://vidsrc.to/embed/movie/31924
2750,89,CEd8tjKsYT4,https://vidsrc.to/embed/movie/30890
2751,111,xPjkWFB4FwY,https://vidsrc.to/embed/movie/24081
2752,100,,https://vidsrc.to/embed/movie/20242
2754,93,gXZpCKRSab4,https://vidsrc.to/embed/movie/66194
2757,140,7GBOE5YPlwk,https://vidsrc.to/embed/movie/3526
2759,94,K8eZ-QgITAA,https://vidsrc.to/embed/movie/16406
2761,86,1XHf94YqGyQ,https://vidsrc.to/embed/movie/10386
2762,107,HXG4HTIlc1U,https://vidsrc.to/embed/movie/745
2763,113,XSGTgwGsP1U,https://vidsrc.to/embed/movie/913
2764,102,qWq177unTh4,https://vidsrc.to/embed/movie/912
2765,107,Z52YjcjCrXI,https://vidsrc.to/embed/movie/12229
2766,99,PU95IFnj4RA,https://vidsrc.to/embed/movie/67323
2769,115,0Q-Kecw6iV4,https://vidsrc.to/embed/movie/19457
2770,97,vQArw5Lu418,https://vidsrc.to/embed/movie/11353
2771,100,nAlQ9KhOQ-k,https://vidsrc.to/embed/movie/17707
2772,95,T-nw7MEquQg,https://vidsrc.to/embed/movie/9781
2774,101,MxS3znIIzfQ,https://vidsrc.to/embed/movie/18212
2775,104,Fk99q-q4wHc,https://vidsrc.to/embed/movie/13817
2779,101,SDLbLbsxRKQ,https://vidsrc.to/embed/movie/12185
2782,80,QChBy15UiTs,https://vidsrc.to/embed/movie/28501
2784,90,ZNz76ZsflXI,https://vidsrc.to/embed/movie/25319
2786,82,gaXuVjBr5cw,https://vidsrc.to/embed/movie/24103
2787,94,zYTMcFOMSYk,https://vidsrc.to/embed/movie/10552
2788,88,4fBd87L7a7s,https://vidsrc.to/embed/movie/9267
2789,107,57SQ9bDhxDY,https://vidsrc.to/embed/movie/10766
2790,108,WoiZD_KxLvk,https://vidsrc.to/embed/movie/10768
2791,88,JWNBROLN8Oc,https://vidsrc.to/embed/movie/813
2792,84,-O42Vu_GnSc,https://vidsrc.to/embed/movie/2665
2793,98,T6d3_4bFXIU,https://vidsrc.to/embed/movie/9406
2794,95,vbF_7TiG5bg,https://vidsrc.to/embed/movie/11418
2795,99,LGJplbPcJFA,https://vidsrc.to/embed/movie/11153
2796,101,UVzkcK0yhUc,https://vidsrc.to/embed/movie/14170
2797,104,YM8zgY7sG_g,https://vidsrc.to/embed/movie/2280
2798,81,cxFT8zYZ3dU,https://vidsrc.to/embed/movie/11077
2799,90,Qmvf4Jr0AEg,https://vidsrc.to/embed/movie/28597
2800,95,99VKtcydHUU,https://vidsrc.to/embed/movie/22611
2801,132,Q9KRbrmc-A0,https://vidsrc.to/embed/movie/39780
2802,115,PorsEEGykKM,https://vidsrc.to/embed/movie/10396
2803,141,stABLuz3uds,https://vidsrc.to/embed/movie/9944
2804,93,ptbPSR9pAB8,https://vidsrc.to/embed/movie/850
2805,102,AOh-F4PKwjU,https://vidsrc.to/embed/movie/10154
2806,96,ZbVa-QJXI5M,https://vidsrc.to/embed/movie/10342
2807,82,DmokVosyZbE,https://vidsrc.to/embed/movie/10366
2808,103,EhXJHHzphdM,https://vidsrc.to/embed/movie/9349
2810,82,RrWausp8zDQ,https://vidsrc.to/embed/movie/10494
2812,95,RQMpbyFjsbc,https://vidsrc.to/embed/movie/22314
2813,88,7M5WSUtoLhM,https://vidsrc.to/embed/movie/51679
2815,117,0S2CdOrSJ-8,https://vidsrc.to/embed/movie/11037
2816,105,aY1aikAa-Xs,https://vidsrc.to/embed/movie/11955
2817,98,f2DAry5gaY0,https://vidsrc.to/embed/movie/2038
2818,96,,https://vidsrc.to/embed/movie/28737
2819,117,mU8tQTNlPAM,https://vidsrc.to/embed/movie/11963
2820,191,,https://vidsrc.to/embed/movie/141489
2822,106,ZQs9NrHc7qo,https://vidsrc.to/embed/movie/9096
2824,94,,https://vidsrc.to/embed/movie/113273
2826,103,RikXt796p2o,https://vidsrc.to/embed/movie/1911
2827,109,pu_TmXgGEG8,https://vidsrc.to/embed/movie/2900
2828,77,limQX9SHaVc,https://vidsrc.to/embed/movie/17709
2829,97,YKC3g1SCo50,https://vidsrc.to/embed/movie/37718
2835,101,baygP3plKHg,https://vidsrc.to/embed/movie/2162
2836,96,oCVN60P9gsY,https://vidsrc.to/embed/movie/14578
2837,96,,https://vidsrc.to/embed/movie/40694
2839,105,,https://vidsrc.to/embed/movie/49184
2840,103,y3PKfVK2LDo,https://vidsrc.to/embed/movie/10307
2841,99,Daa5VOnUWsA,https://vidsrc.to/embed/movie/11601
2843,127,Lxw0ea_UiZ4,https://vidsrc.to/embed/movie/1075
2844,111,YxDE_I6V3So,https://vidsrc.to/embed/movie/21719
2846,75,JZSqJWeZXaA,https://vidsrc.to/embed/movie/47951
2847,121,Cu-LBgeDJlA,https://vidsrc.to/embed/movie/43832
2848,93,fCZ0obRJa08,https://vidsrc.to/embed/movie/47697
2852,101,pwrR_zIVFa8,https://vidsrc.to/embed/movie/26522
2856,82,6fJgN686Znw,https://vidsrc.to/embed/movie/28295
2857,90,oPwE9U41ksY,https://vidsrc.to/embed/movie/12105
2858,122,XCxzXblZyfQ,https://vidsrc.to/embed/movie/14
2859,88,-rjMwSTeVeo,https://vidsrc.to/embed/movie/24128
2860,93,zxfFGW00EB0,https://vidsrc.to/embed/movie/11001
2861,138,qSz1KqZZvpc,https://vidsrc.to/embed/movie/10390
2862,156,Nn8cKrkQ9cs,https://vidsrc.to/embed/movie/9453
2863,88,TWbiVqlSMgc,https://vidsrc.to/embed/movie/704
2865,92,,https://vidsrc.to/embed/movie/142132
2866,114,FSzLTG5qkj4,https://vidsrc.to/embed/movie/24153
2867,107,PMRH0RIEjnc,https://vidsrc.to/embed/movie/11797
2868,104,w_wDOiNDa8w,https://vidsrc.to/embed/movie/18086
2870,106,McZTziIw_Ys,https://vidsrc.to/embed/movie/17887
2871,109,iuOUF1-4P3c,https://vidsrc.to/embed/movie/10669
2872,141,vw8oPabVbeY,https://vidsrc.to/embed/movie/11527
2874,103,EF40Gq0_GMI,https://vidsrc.to/embed/movie/40867
2875,109,obqtXIGpSiE,https://vidsrc.to/embed/movie/1049
2876,87,EzVA8BmskjA,https://vidsrc.to/embed/movie/28032
2877,111,QaFIq3dbu4U,https://vidsrc.to/embed/movie/11326
2878,101,h-rqhsjuoow,https://vidsrc.to/embed/movie/28377
2879,107,Q5hmNJoo7ek,https://vidsrc.to/embed/movie/10975
2880,97,3C-Y9K6j_TQ,https://vidsrc.to/embed/movie/10974
2881,105,y0cRIxT5IkQ,https://vidsrc.to/embed/movie/10398
2882,120,4L2n2DyXL4M,https://vidsrc.to/embed/movie/2290
2883,112,aSRaO1sRnLU,https://vidsrc.to/embed/movie/24071
2884,91,3av4Z2Y6t8Q,https://vidsrc.to/embed/movie/62994
2885,104,oZcQUc_S-SY,https://vidsrc.to/embed/movie/60994
2886,73,w83W4ug5HTw,https://vidsrc.to/embed/movie/16112
2887,85,0mysvIJPCAk,https://vidsrc.to/embed/movie/32305
2888,91,,https://vidsrc.to/embed/movie/14429
2889,119,a80x06Wn91U,https://vidsrc.to/embed/movie/15198
2890,114,Bdal5c1TfmE,https://vidsrc.to/embed/movie/6415
2891,98,WKmiiF1aOrs,https://vidsrc.to/embed/movie/24066
2892,93,HDd4vIMOVXk,https://vidsrc.to/embed/movie/21430
2893,93,MH_QY6vFCDE,https://vidsrc.to/embed/movie/10381
2894,27,,https://vidsrc.to/embed/movie/171982
2896,106,Lf1b4c8hh-E,https://vidsrc.to/embed/movie/60285
2897,129,,https://vidsrc.to/embed/movie/5622
2898,122,3aWs7YChHEo,https://vidsrc.to/embed/movie/10349
2899,76,tPRV_8u09Cg,https://vidsrc.to/embed/movie/42518
2900,113,HD8TBmk6lIM,https://vidsrc.to/embed/movie/29787
2901,89,xOi66melBOY,https://vidsrc.to/embed/movie/9638
2902,113,UNdUvLSVNSc,https://vidsrc.to/embed/movie/10576
2903,93,TZ0ms3z6ey0,https://vidsrc.to/embed/movie/12662
2905,96,Nkrc_FLZWEs,https://vidsrc.to/embed/movie/11712
2906,133,aLHMJZ5eKjs,https://vidsrc.to/embed/movie/12618
2907,82,lW85KbKYwYs,https://vidsrc.to/embed/movie/13824
2908,118,uxWt9rxNzjg,https://vidsrc.to/embed/movie/226
2912,89,vfWPKR21jV8,https://vidsrc.to/embed/movie/10388
2915,98,zPZafey1fyk,https://vidsrc.to/embed/movie/9346
2916,113,IRaRhZE-1b4,https://vidsrc.to/embed/movie/861
2917,113,UWnHLgmcwAw,https://vidsrc.to/embed/movie/14412
2918,103,GDttaV80_BM,https://vidsrc.to/embed/movie/9377
2919,114,5yBV7pGccgQ,https://vidsrc.to/embed/movie/11541
2921,105,be2mIVxDrr8,https://vidsrc.to/embed/movie/11901
2922,114,FtxTu-NTebg,https://vidsrc.to/embed/movie/4929
2924,111,krvm6ikt6v4,https://vidsrc.to/embed/movie/11230
2925,108,04kMeEjVGIk,https://vidsrc.to/embed/movie/8416
2926,92,6zgCEgeKoMk,https://vidsrc.to/embed/movie/11054
2927,86,TtIN_HQHBdA,https://vidsrc.to/embed/movie/851
2928,129,kp3khtzYgAc,https://vidsrc.to/embed/movie/24453
2929,195,MLAnTuCs6_g,https://vidsrc.to/embed/movie/18254
2930,101,,https://vidsrc.to/embed/movie/56235
2931,142,J9K1iQ57LbQ,https://vidsrc.to/embed/movie/20123
2932,94,7LAqRFoT97o,https://vidsrc.to/embed/movie/16642
2935,97,lj9ilqIyCUk,https://vidsrc.to/embed/movie/3086
2936,91,kIrdtdpPQHY,https://vidsrc.to/embed/movie/16305
2937,88,7p_wafSdMLI,https://vidsrc.to/embed/movie/32255
2939,92,NHUOyB1TB3c,https://vidsrc.to/embed/movie/19997
2940,110,9hTdgygrlOg,https://vidsrc.to/embed/movie/3767
2941,157,LSuPYEdeLPI,https://vidsrc.to/embed/movie/17352
2942,95,t9GJ9AWE9M4,https://vidsrc.to/embed/movie/535
2943,159,,https://vidsrc.to/embed/movie/2731
2944,149,ff1V6ywnWcY,https://vidsrc.to/embed/movie/1654
2946,92,LtWQ428GaoQ,https://vidsrc.to/embed/movie/14831
2947,110,xI4vbUvezLU,https://vidsrc.to/embed/movie/658
2948,115,t9AeIdMQqR8,https://vidsrc.to/embed/movie/657
2949,110,h7FJDAH8Nn0,https://vidsrc.to/embed/movie/646
2950,104,A0UapwJIJn8,https://vidsrc.to/embed/movie/5689
2951,99,f_oZUWAdEe8,https://vidsrc.to/embed/movie/391
2952,102,AwLWHNuJ-2M,https://vidsrc.to/embed/movie/8052
2953,120,k0kJieJ1k6k,https://vidsrc.to/embed/movie/772
2956,103,ErFGGccIfkc,https://vidsrc.to/embed/movie/31650
2959,139,dfeUzm6KF4g,https://vidsrc.to/embed/movie/550
2961,96,5Ja1AKJeko4,https://vidsrc.to/embed/movie/12220
2962,102,gGv8S1nqzdk,https://vidsrc.to/embed/movie/1610
2964,100,8BKx61RvUxA,https://vidsrc.to/embed/movie/42881
2965,100,PmgKK3uzqlc,https://vidsrc.to/embed/movie/29064
2966,112,lcMyFckt_Hs,https://vidsrc.to/embed/movie/404
2967,129,fZt7gtFiVJk,https://vidsrc.to/embed/movie/42196
2968,116,0J27T4s3S94,https://vidsrc.to/embed/movie/36819
2969,102,_F7guhRPmOQ,https://vidsrc.to/embed/movie/42726
2970,157,H_OgtTZMSXI,https://vidsrc.to/embed/movie/9343
2971,123,8_aIhkKlrwk,https://vidsrc.to/embed/movie/16858
2972,91,MFppekhfpgQ,https://vidsrc.to/embed/movie/42006
2973,104,JBzlQ7bUtKk,https://vidsrc.to/embed/movie/11562
2974,91,nlgeu8SxoQI,https://vidsrc.to/embed/movie/10496
2975,120,kUwBXEjIVKM,https://vidsrc.to/embed/movie/16162
2976,121,sfUwvmRmMtw,https://vidsrc.to/embed/movie/8649
2977,112,N087EJuQudM,https://vidsrc.to/embed/movie/31306
2978,98,l8Rma8xaCb8,https://vidsrc.to/embed/movie/10563
2979,106,sxsvpt2DRjg,https://vidsrc.to/embed/movie/14484
2982,92,Uy6a-nfmdKg,https://vidsrc.to/embed/movie/32043
2983,109,EHbvZ1FBqjI,https://vidsrc.to/embed/movie/15247
2984,96,xSLRlPiiiQE,https://vidsrc.to/embed/movie/29251
2985,102,NC7Dzlh2EWk,https://vidsrc.to/embed/movie/5548
2986,117,HNcy89RqF5Q,https://vidsrc.to/embed/movie/5549
2987,104,_osSDnvnl8g,https://vidsrc.to/embed/movie/856
2988,95,mGeLSef8S7M,https://vidsrc.to/embed/movie/38772
2989,128,27EeX86rj2g,https://vidsrc.to/embed/movie/699
2990,133,cebTl_S2dJw,https://vidsrc.to/embed/movie/709
2991,121,6SQVTSFyf_A,https://vidsrc.to/embed/movie/253
2992,89,06YwV1KRQWk,https://vidsrc.to/embed/movie/13511
2993,130,7JowkFmI1Fo,https://vidsrc.to/embed/movie/660
2995,93,nfhy9nWG6Gw,https://vidsrc.to/embed/movie/11377
2996,124,Qz78YTyOTmA,https://vidsrc.to/embed/movie/26149
2997,113,LEtlqumjXLw,https://vidsrc.to/embed/movie/492
3000,134,I1dHzoRl0sQ,https://vidsrc.to/embed/movie/128
3002,99,Lae8FewbnuU,https://vidsrc.to/embed/movie/8672
3003,103,t4esViss83M,https://vidsrc.to/embed/movie/8056
3004,101,J-qVET5KSpk,https://vidsrc.to/embed/movie/2020
3005,118,krU7HZgCxsI,https://vidsrc.to/embed/movie/9481
3006,158,P-_ZdJxgwcU,https://vidsrc.to/embed/movie/9008
3007,104,zMFZOu8rDUQ,https://vidsrc.to/embed/movie/14242
3008,94,3h9q5yKz2J8,https://vidsrc.to/embed/movie/16129
3010,95,woN2P4r65oA,https://vidsrc.to/embed/movie/11489
3011,120,ke-sWMXspNA,https://vidsrc.to/embed/movie/28145
3013,96,DmGyqBQUCrU,https://vidsrc.to/embed/movie/18111
3014,94,D9hr4RGGj8Y,https://vidsrc.to/embed/movie/31361
3015,113,YdfydKaw6ho,https://vidsrc.to/embed/movie/11223
3016,120,owdnnaNs2RI,https://vidsrc.to/embed/movie/16281
3017,89,H8l077UCW-Q,https://vidsrc.to/embed/movie/16288
3018,86,LhI9HLYyBgQ,https://vidsrc.to/embed/movie/1694
3019,102,5_Rs8c08hM8,https://vidsrc.to/embed/movie/476
3020,113,09XCNERMIwU,https://vidsrc.to/embed/movie/37094
3021,95,teb0r_wdLyc,https://vidsrc.to/embed/movie/13555
3022,79,eEVWb9NcSuY,https://vidsrc.to/embed/movie/961
3024,94,tXs2v9tFDeY,https://vidsrc.to/embed/movie/24831
3028,117,_a3KJ9OGQDE,https://vidsrc.to/embed/movie/25560
3029,99,7pHwApCJ6YI,https://vidsrc.to/embed/movie/21610
3030,110,nazk6Zpm_Ks,https://vidsrc.to/embed/movie/11878
3031,84,XIejyo2gOOY,https://vidsrc.to/embed/movie/11510
3032,98,bWB6Ufh4O98,https://vidsrc.to/embed/movie/11234
3033,96,LYqTjnSrDuQ,https://vidsrc.to/embed/movie/957
3034,83,z4rLod7TBEY,https://vidsrc.to/embed/movie/11886
3035,123,xGEGZjkC-ZU,https://vidsrc.to/embed/movie/37853
3036,100,2pcGGKtPpSE,https://vidsrc.to/embed/movie/62204
3037,139,-2DWY63CVlk,https://vidsrc.to/embed/movie/11040
3038,125,wKqOfUt_bKs,https://vidsrc.to/embed/movie/21849
3039,116,Fupg2r1EJ9w,https://vidsrc.to/embed/movie/1621
3040,92,FKQrvH33QUA,https://vidsrc.to/embed/movie/14035
3041,87,5NqbbyVcOo0,https://vidsrc.to/embed/movie/40771
3042,96,VtTJweR7wjA,https://vidsrc.to/embed/movie/40772
3043,84,uibGzEYgwHE,https://vidsrc.to/embed/movie/40773
3044,107,kq5M5tC7H0Y,https://vidsrc.to/embed/movie/11498
3045,101,BgVweY7P7rM,https://vidsrc.to/embed/movie/11790
3046,94,KJmFo2poQys,https://vidsrc.to/embed/movie/29371
3048,98,,https://vidsrc.to/embed/movie/47941
3051,114,lv0i_9eoUoI,https://vidsrc.to/embed/movie/21349
3052,130,rwSRribTgdA,https://vidsrc.to/embed/movie/1832
3053,158,aCbMOQIs45s,https://vidsrc.to/embed/movie/10047
3054,96,hX-NHafvY5I,https://vidsrc.to/embed/movie/10228
3055,116,z2yPGlwHk_I,https://vidsrc.to/embed/movie/47692
3056,92,Yt0qyZ6ZeEI,https://vidsrc.to/embed/movie/18561
3057,101,8ZWx6Ypopwk,https://vidsrc.to/embed/movie/144953
3060,118,PG3uEHpUflA,https://vidsrc.to/embed/movie/11663
3061,101,rjhBYyMfmXY,https://vidsrc.to/embed/movie/13485
3062,178,nqFn_pM5QxU,https://vidsrc.to/embed/movie/9289
3063,92,QfJijfg414Y,https://vidsrc.to/embed/movie/9264
3064,93,,https://vidsrc.to/embed/movie/18222
3066,144,jp6chxICfTQ,https://vidsrc.to/embed/movie/11165
3067,88,1cVBr894wHs,https://vidsrc.to/embed/movie/4203
3068,129,wwqUtCeODOk,https://vidsrc.to/embed/movie/24226
3070,103,jcXunlDAQ-I,https://vidsrc.to/embed/movie/11379
3071,103,sG-Cxs8eYkI,https://vidsrc.to/embed/movie/29154
3072,102,MN3sPq9RJKM,https://vidsrc.to/embed/movie/2039
3073,117,Y9wVMzOviCU,https://vidsrc.to/embed/movie/77915
3074,108,QFLwH-ZZ1MY,https://vidsrc.to/embed/movie/11943
3075,105,kMziXjk1bqc,https://vidsrc.to/embed/movie/11481
3076,147,-e2GpdeN5M4,https://vidsrc.to/embed/movie/2690
3077,133,,https://vidsrc.to/embed/movie/20565
3078,127,5HHBBSRr2KY,https://vidsrc.to/embed/movie/27141
3079,112,7t15rm0iwSQ,https://vidsrc.to/embed/movie/10399
3081,105,XB-y10r77V8,https://vidsrc.to/embed/movie/2668
3082,128,Mc-ZkzZrfIQ,https://vidsrc.to/embed/movie/36643
3083,101,0Ki8qXRBIFI,https://vidsrc.to/embed/movie/99
3086,78,EklOlx9POlo,https://vidsrc.to/embed/movie/25898
3087,101,3YjrsSEEreY,https://vidsrc.to/embed/movie/9647
3088,104,FJLsnPndIEc,https://vidsrc.to/embed/movie/11787
3089,89,H2P4xo9kmPM,https://vidsrc.to/embed/movie/5156
3090,132,Cjh29QNKLCc,https://vidsrc.to/embed/movie/24276
3091,180,w6jYtVvor6s,https://vidsrc.to/embed/movie/11953
3093,120,Xkr5p0XCaUQ,https://vidsrc.to/embed/movie/29005
3094,140,Mzj8v3J-Fxo,https://vidsrc.to/embed/movie/26371
3095,129,e8C_eK2ra3s,https://vidsrc.to/embed/movie/596
3096,92,uGdElifXAsY,https://vidsrc.to/embed/movie/52470
3097,99,1pJLZ6mhKp4,https://vidsrc.to/embed/movie/20334
3098,137,ihRtZcxghIE,https://vidsrc.to/embed/movie/11393
3099,110,NzjggCHJSF4,https://vidsrc.to/embed/movie/31121
3100,123,QIwRKnn30EI,https://vidsrc.to/embed/movie/293
3101,119,m5Jia5CBjzU,https://vidsrc.to/embed/movie/10998
3102,108,BZSmP_FagEs,https://vidsrc.to/embed/movie/12235
3103,104,3JjoqdRORos,https://vidsrc.to/embed/movie/36094
3104,126,Geo_tNuNgD8,https://vidsrc.to/embed/movie/9013
3105,120,7exeVt7CaE4,https://vidsrc.to/embed/movie/11005
3106,133,pBxqOy937j0,https://vidsrc.to/embed/movie/59820
3107,137,_4zyHOgShBc,https://vidsrc.to/embed/movie/2924
3108,138,zyKILTuhFFg,https://vidsrc.to/embed/movie/177
3109,122,2fzExjAHQ2Q,https://vidsrc.to/embed/movie/38557
3111,111,PzCPWZbsN2E,https://vidsrc.to/embed/movie/13681
3112,96,3E2kkkaq5mc,https://vidsrc.to/embed/movie/34760
3113,122,3qO3R8OlwYs,https://vidsrc.to/embed/movie/9946
3114,92,xNWSGRD5CzU,https://vidsrc.to/embed/movie/863
3115,112,xy0NQbn2C8g,https://vidsrc.to/embed/movie/31582
3117,138,F8Vwm6dBQI8,https://vidsrc.to/embed/movie/22267
3120,112,SfOSA34yjuI,https://vidsrc.to/embed/movie/10411
3125,102,-i_A6Dlrk5g,https://vidsrc.to/embed/movie/20024
3127,115,YvVi4-vlYxQ,https://vidsrc.to/embed/movie/13787
3129,95,7w3fokY0kP0,https://vidsrc.to/embed/movie/9684
3130,125,ZIz_RlNZZlg,https://vidsrc.to/embed/movie/9586
3132,85,,https://vidsrc.to/embed/movie/70801
3134,114,vcO8rEjoG0c,https://vidsrc.to/embed/movie/777
3135,115,VAZHa2zVLQ0,https://vidsrc.to/embed/movie/21887
3138,98,,https://vidsrc.to/embed/movie/32331
3141,137,WWbiQAr8miI,https://vidsrc.to/embed/movie/32669
3142,98,MSrDZO3Ho5I,https://vidsrc.to/embed/movie/18161
3143,103,pIFMT-ponTw,https://vidsrc.to/embed/movie/31681
3145,132,89dGJ_hx8-k,https://vidsrc.to/embed/movie/32274
3146,88,vcfyZr5buDA,https://vidsrc.to/embed/movie/10402
3147,189,Bg7epsq0OIQ,https://vidsrc.to/embed/movie/497
3148,126,pGdZBESUSfk,https://vidsrc.to/embed/movie/1715
3150,98,vsMRoJ5ZpkM,https://vidsrc.to/embed/movie/42739
3152,119,bP1KaJCC0Y0,https://vidsrc.to/embed/movie/25188
3153,88,nP_cMRhvStU,https://vidsrc.to/embed/movie/15515
3155,148,xHPoKOi1XcM,https://vidsrc.to/embed/movie/1439
3156,131,NRFxf-2J1GM,https://vidsrc.to/embed/movie/2277
3157,84,Wlo-sYrADlw,https://vidsrc.to/embed/movie/10137
3158,162,fTaU6ziWKD8,https://vidsrc.to/embed/movie/10387
3159,74,z9d8jFOLRUA,https://vidsrc.to/embed/movie/49948
3160,189,cxcegktcxSM,https://vidsrc.to/embed/movie/334
3161,104,oCpBYN7eR7I,https://vidsrc.to/embed/movie/30237
3162,106,P9gPcMyT1i8,https://vidsrc.to/embed/movie/50116
3163,160,GqTxlBI1IHY,https://vidsrc.to/embed/movie/46435
3165,92,,https://vidsrc.to/embed/movie/22213
3167,98,pOPYMnrn17o,https://vidsrc.to/embed/movie/36492
3168,95,IlfpTppsR0U,https://vidsrc.to/embed/movie/624
3169,132,pvI9A8NGpdg,https://vidsrc.to/embed/movie/26578
3171,115,JPFod38mlNc,https://vidsrc.to/embed/movie/43103
3173,163,cC2rkQThgX0,https://vidsrc.to/embed/movie/9563
3174,118,cvaHj0np8GM,https://vidsrc.to/embed/movie/1850
3175,102,rzwJgFhMbL4,https://vidsrc.to/embed/movie/926
3176,140,Ylc5ToQoLg0,https://vidsrc.to/embed/movie/1213
3177,98,esBRPKIxpZ0,https://vidsrc.to/embed/movie/10471
3178,146,GxtcUmaTHMY,https://vidsrc.to/embed/movie/10400
3179,145,Y2xFUdq-qMg,https://vidsrc.to/embed/movie/10397
3181,162,xAFhn_0mHEE,https://vidsrc.to/embed/movie/12524
3182,91,vXBfUrUz_rU,https://vidsrc.to/embed/movie/28216
3183,119,khDVs664t80,https://vidsrc.to/embed/movie/36773
3185,127,SefxATAWfUc,https://vidsrc.to/embed/movie/10219
3186,127,vL7c0Aqn_Pw,https://vidsrc.to/embed/movie/3558
3189,95,NtS1kDW8PEo,https://vidsrc.to/embed/movie/17908
3190,91,tLmjjtpb4H4,https://vidsrc.to/embed/movie/10384
3192,95,yEzY02REUOM,https://vidsrc.to/embed/movie/48233
3194,118,YFc1oZv4vL4,https://vidsrc.to/embed/movie/10236
3196,120,nPT7bzA5Nis,https://vidsrc.to/embed/movie/632
3197,97,L0D-qlZkD8A,https://vidsrc.to/embed/movie/11851
3198,151,uJ3BOD7bcRc,https://vidsrc.to/embed/movie/5924
3200,104,3y_I3gWGtyk,https://vidsrc.to/embed/movie/14886
3201,98,HwBz5xxdn20,https://vidsrc.to/embed/movie/26617
3203,96,SkqZd3h3f2U,https://vidsrc.to/embed/movie/10493
3204,125,MYC8kiHhL2c,https://vidsrc.to/embed/movie/16241
3206,121,Ub4yCGzFE70,https://vidsrc.to/embed/movie/22160
3208,84,Xtz0Zw0eSkA,https://vidsrc.to/embed/movie/9644
3210,90,Of5jkwF3J7A,https://vidsrc.to/embed/movie/13342
3211,120,rt7o0XMMY90,https://vidsrc.to/embed/movie/35119
3213,76,imtYrQEZ4H8,https://vidsrc.to/embed/movie/14919
3214,113,spdLs5T1EoI,https://vidsrc.to/embed/movie/14040
3217,111,SDsV85-UqO4,https://vidsrc.to/embed/movie/22692
3219,102,jQjPJ7xlYZg,https://vidsrc.to/embed/movie/2990
3221,108,CmCMumlxfX0,https://vidsrc.to/embed/movie/10831
3223,116,Fk6byMb-d4w,https://vidsrc.to/embed/movie/33078
3224,147,UFbJ9iDeZgg,https://vidsrc.to/embed/movie/16672
3225,91,tdnZYsDOxfI,https://vidsrc.to/embed/movie/10472
3230,130,1tpINADkyJg,https://vidsrc.to/embed/movie/21489
3235,99,_ZT6fziaIIw,https://vidsrc.to/embed/movie/13005
3238,109,5E--MQm-AdE,https://vidsrc.to/embed/movie/18681
3240,87,bJO4loGZbTg,https://vidsrc.to/embed/movie/20468
3241,93,o6qDpRbIM7o,https://vidsrc.to/embed/movie/14521
3243,88,1xkTN1Z1rTQ,https://vidsrc.to/embed/movie/10406
3244,111,4wiL-ry9XMI,https://vidsrc.to/embed/movie/14741
3246,202,0hMpERkER6s,https://vidsrc.to/embed/movie/1883
3247,100,lCBjHkCK1Vw,https://vidsrc.to/embed/movie/2005
3248,107,_QcgjGyRnuw,https://vidsrc.to/embed/movie/6279
3249,110,ms2v2C1batY,https://vidsrc.to/embed/movie/11087
3250,127,C2lFPEp7dbI,https://vidsrc.to/embed/movie/7305
3251,98,JAc0C_1G0B8,https://vidsrc.to/embed/movie/24735
3252,156,3GUvsJc3vvE,https://vidsrc.to/embed/movie/9475
3253,94,j881Yzb3LP4,https://vidsrc.to/embed/movie/8872
3254,95,Im4g7MOb-G0,https://vidsrc.to/embed/movie/8873
3255,128,0A-O1MJAl9E,https://vidsrc.to/embed/movie/11287
3256,117,bq26pM6Om-A,https://vidsrc.to/embed/movie/9869
3257,129,v4qauDAr_hA,https://vidsrc.to/embed/movie/619
3258,104,0jPuZLUY4II,https://vidsrc.to/embed/movie/9374
3259,140,kgpwDLMowBM,https://vidsrc.to/embed/movie/11259
3260,142,gCtggNNFYyM,https://vidsrc.to/embed/movie/8293
3261,99,3Hpx_b3gj64,https://vidsrc.to/embed/movie/11068
3262,135,vCUxM9UZrd0,https://vidsrc.to/embed/movie/1923
3263,115,NHRvNAENaxk,https://vidsrc.to/embed/movie/10158
3264,85,pnZkV_aR_9w,https://vidsrc.to/embed/movie/10206
3265,126,N_XBwks_MB8,https://vidsrc.to/embed/movie/11782
3266,96,3HFuTY3HpV8,https://vidsrc.to/embed/movie/10086
3267,81,QtNJsvpHye0,https://vidsrc.to/embed/movie/9367
3268,87,2sGiAIq0xvM,https://vidsrc.to/embed/movie/9876
3269,102,HIEHuEFDgac,https://vidsrc.to/embed/movie/10326
3270,102,0jvRfLOVfeY,https://vidsrc.to/embed/movie/16562
3271,111,pWanzPwjwCA,https://vidsrc.to/embed/movie/9609
3272,96,Yhb2lT8Kktc,https://vidsrc.to/embed/movie/12143
3273,116,Gx24Z9O0MuY,https://vidsrc.to/embed/movie/4234
3274,108,ROg4MoaAXvY,https://vidsrc.to/embed/movie/9605
3275,108,IMs4ESRJuCU,https://vidsrc.to/embed/movie/8374
3276,101,edAjY73zXbg,https://vidsrc.to/embed/movie/29076
3280,84,vITUjvwnavc,https://vidsrc.to/embed/movie/28156
3281,89,,https://vidsrc.to/embed/movie/113096
3283,115,hIPoCwux0kI,https://vidsrc.to/embed/movie/24349
3284,98,rSD5yKu27es,https://vidsrc.to/embed/movie/27841
3285,119,t99_nC_tYVM,https://vidsrc.to/embed/movie/1907
3286,89,qgJgWJmF3jY,https://vidsrc.to/embed/movie/15489
3287,77,9IHmPu3P9Fw,https://vidsrc.to/embed/movie/15655
3289,106,r2nZwReoubM,https://vidsrc.to/embed/movie/36210
3294,91,9cQGA5VRj50,https://vidsrc.to/embed/movie/30062
3295,90,IYv5M6A_ERk,https://vidsrc.to/embed/movie/62463
3296,105,oMAjca-pgr4,https://vidsrc.to/embed/movie/25934
3298,119,kgCLG4gCAvI,https://vidsrc.to/embed/movie/14181
3299,94,w-5Cbu7QLDI,https://vidsrc.to/embed/movie/10385
3300,108,mEJ8e8S4hOw,https://vidsrc.to/embed/movie/2787
3301,98,671bZc4jX7g,https://vidsrc.to/embed/movie/2069
3302,107,4i4eu5Q7M0U,https://vidsrc.to/embed/movie/61416
3303,75,,https://vidsrc.to/embed/movie/79515
3306,72,FTZfMBREBtc,https://vidsrc.to/embed/movie/28978
3307,87,7vl7F8S4cpQ,https://vidsrc.to/embed/movie/901
3308,100,Kf6kjsSgd38,https://vidsrc.to/embed/movie/25010
3310,68,O5WXokyub-4,https://vidsrc.to/embed/movie/10098
3313,84,cgP09BXk27I,https://vidsrc.to/embed/movie/33374
3315,97,iQMJkZpYX9Y,https://vidsrc.to/embed/movie/127602
3316,104,0856Uv4QmtI,https://vidsrc.to/embed/movie/2155
3317,107,VZd2zeiFYl8,https://vidsrc.to/embed/movie/11004
3323,96,1Q-5sQ8G38k,https://vidsrc.to/embed/movie/20682
3324,96,spkXO4-iQgE,https://vidsrc.to/embed/movie/25166
3325,108,jmec0w5G4xA,https://vidsrc.to/embed/movie/1831
3326,105,vzK6h_OIyEk,https://vidsrc.to/embed/movie/10416
3327,102,YfBnF484Qc0,https://vidsrc.to/embed/movie/14271
3328,117,ZhR6jWWpUj0,https://vidsrc.to/embed/movie/4816
3329,105,rjylFJeNftI,https://vidsrc.to/embed/movie/19958
3330,124,dWDkdsZQq_c,https://vidsrc.to/embed/movie/28569
3331,97,S1Q3GYSCe_k,https://vidsrc.to/embed/movie/2193
3334,100,oIi_ipWRxXo,https://vidsrc.to/embed/movie/11016
3338,80,,https://vidsrc.to/embed/movie/20423
3341,103,QL3NsTHAQ8s,https://vidsrc.to/embed/movie/24481
3342,120,IVEzG-u5x84,https://vidsrc.to/embed/movie/11296
3344,67,-4Inzx9WPSc,https://vidsrc.to/embed/movie/28172
3345,75,_dyUnm-KPFI,https://vidsrc.to/embed/movie/57855
3347,105,V1nHaO4da_U,https://vidsrc.to/embed/movie/14280
3350,128,e_NvQSLv7rI,https://vidsrc.to/embed/movie/29478
3353,93,svnrSLDewY8,https://vidsrc.to/embed/movie/73642
3354,114,njIN5HU4UMQ,https://vidsrc.to/embed/movie/2067
3355,133,zTEWeZyV7zQ,https://vidsrc.to/embed/movie/622
3357,121,nq_SAormBEs,https://vidsrc.to/embed/movie/28463
3358,111,YEWQqxZF9n0,https://vidsrc.to/embed/movie/12186
3359,101,ijT_4EmWETk,https://vidsrc.to/embed/movie/20283
3360,114,12h5KGHU8Mg,https://vidsrc.to/embed/movie/5693
3361,108,qnWSvSrb1-I,https://vidsrc.to/embed/movie/287
3362,125,nP4iEKNDAUM,https://vidsrc.to/embed/movie/968
3363,112,hH0FXaU3e-A,https://vidsrc.to/embed/movie/838
3364,113,tiH8mOrCNSI,https://vidsrc.to/embed/movie/16958
3365,119,pJXgjw_5erE,https://vidsrc.to/embed/movie/3114
3368,167,17zDhnPwVik,https://vidsrc.to/embed/movie/12501
3370,127,2XTeI5KRG00,https://vidsrc.to/embed/movie/31618
3372,117,qb-dUGyv4W0,https://vidsrc.to/embed/movie/15873
3374,112,FRpTae7jmi4,https://vidsrc.to/embed/movie/68427
3378,113,cLYZnniXAhk,https://vidsrc.to/embed/movie/48213
3379,134,8gITuHT2B28,https://vidsrc.to/embed/movie/35412
3384,105,_WnD63TiceA,https://vidsrc.to/embed/movie/8333
3385,107,bBmLrIpWpNk,https://vidsrc.to/embed/movie/19259
3386,189,s8az13Y1rUM,https://vidsrc.to/embed/movie/820
3387,94,UM6-VeQ_KPk,https://vidsrc.to/embed/movie/11718
3388,110,5DOX1Poxro4,https://vidsrc.to/embed/movie/8989
3389,102,,https://vidsrc.to/embed/movie/32031
3390,97,NbW06buYw0Y,https://vidsrc.to/embed/movie/58048
3391,93,cA64sSa4we8,https://vidsrc.to/embed/movie/26827
3392,99,axFD68ha1_4,https://vidsrc.to/embed/movie/11157
3393,105,OAQXV8_Oi7w,https://vidsrc.to/embed/movie/28370
3394,95,Q54vCqr1jtQ,https://vidsrc.to/embed/movie/918
3395,83,4o-AGzZaWtI,https://vidsrc.to/embed/movie/61178
3396,95,qDfXXaqfc2k,https://vidsrc.to/embed/movie/11176
3397,97,Niz03jeeqoQ,https://vidsrc.to/embed/movie/14900
3398,94,6-X5vRN1l3I,https://vidsrc.to/embed/movie/11899
3400,71,lfOWnR4iu24,https://vidsrc.to/embed/movie/18890
3401,95,4-fh21yHeyM,https://vidsrc.to/embed/movie/19736
3402,97,jZanAPKDUuo,https://vidsrc.to/embed/movie/123047
3403,115,KqWnM2xZ0gw,https://vidsrc.to/embed/movie/24575
3404,98,r2z4DQcKl2c,https://vidsrc.to/embed/movie/16535
3405,123,dPAqttGXFaU,https://vidsrc.to/embed/movie/10971
3406,117,s2l0p-fg4lU,https://vidsrc.to/embed/movie/23928
3408,131,jjqUUxIy_yk,https://vidsrc.to/embed/movie/462
3409,98,9hvUxRGeBhA,https://vidsrc.to/embed/movie/9532
3410,101,,https://vidsrc.to/embed/movie/117259
3412,97,S0tX2wKi6O0,https://vidsrc.to/embed/movie/2383
3414,102,6ADVQo9Q020,https://vidsrc.to/embed/movie/53879
3415,107,S2U9TXmYJ94,https://vidsrc.to/embed/movie/1396
3417,105,Izws4RmQUBo,https://vidsrc.to/embed/movie/11570
3418,130,Pcrriowt3PA,https://vidsrc.to/embed/movie/1541
3420,119,m6-tlGGKYcI,https://vidsrc.to/embed/movie/17443
3421,109,-mSQag4Re4Y,https://vidsrc.to/embed/movie/8469
3422,84,Pd9oTGr_1DA,https://vidsrc.to/embed/movie/27995
3423,121,snxtT7xr-nY,https://vidsrc.to/embed/movie/36739
3424,120,yVAD4fYRcvA,https://vidsrc.to/embed/movie/925
3425,129,io8Jw9BRRFY,https://vidsrc.to/embed/movie/41823
3426,132,kZ64smS4Lyk,https://vidsrc.to/embed/movie/1713
3428,121,6w5Gqdono-M,https://vidsrc.to/embed/movie/30547
3429,5,,https://vidsrc.to/embed/movie/54825
3430,93,FuDFXV56gQ0,https://vidsrc.to/embed/movie/13939
3431,92,3m2XrgV3GmI,https://vidsrc.to/embed/movie/14373
3432,90,f81KM4KF5T0,https://vidsrc.to/embed/movie/24873
3433,99,hOwFQS1eN0w,https://vidsrc.to/embed/movie/26263
3434,95,_QlN7kuSjT0,https://vidsrc.to/embed/movie/34746
3435,107,9oxVkwB05rU,https://vidsrc.to/embed/movie/996
3436,111,A8p0w_Ec1NY,https://vidsrc.to/embed/movie/9079
3438,93,3y9C_P7dG6s,https://vidsrc.to/embed/movie/1498
3439,88,9faL3Mh55CU,https://vidsrc.to/embed/movie/1497
3440,95,QlnCSUe8o9U,https://vidsrc.to/embed/movie/1499
3441,114,cMYIe9sxLVU,https://vidsrc.to/embed/movie/1880
3442,109,UeshhQehpwo,https://vidsrc.to/embed/movie/33762
3444,92,bCZ1CIQ64YQ,https://vidsrc.to/embed/movie/11690
3445,104,KZEy46kUbzc,https://vidsrc.to/embed/movie/29143
3446,128,EE1wCo3N6As,https://vidsrc.to/embed/movie/35292
3447,139,ikY9aQCAujw,https://vidsrc.to/embed/movie/36652
3448,121,JnBXv3W0arQ,https://vidsrc.to/embed/movie/801
3449,104,inx3yOAs3Jk,https://vidsrc.to/embed/movie/104301
3450,103,64MH2i5gr_I,https://vidsrc.to/embed/movie/11520
3451,108,Rg1pnX3nYc8,https://vidsrc.to/embed/movie/1879
3452,115,gU_xJ4EDAas,https://vidsrc.to/embed/movie/2085
3453,96,3Pqyut8w8qw,https://vidsrc.to/embed/movie/13539
3454,94,cVqwwYy3_rA,https://vidsrc.to/embed/movie/16222
3455,105,EfqEH_rzOsQ,https://vidsrc.to/embed/movie/109479
3456,88,3_RvGYkUhEk,https://vidsrc.to/embed/movie/17078
3459,88,93SrqYZT4yM,https://vidsrc.to/embed/movie/33516
3461,92,GPxguAyViJk,https://vidsrc.to/embed/movie/9960
3462,87,NNznUyDmSFc,https://vidsrc.to/embed/movie/3082
3466,104,t4YFsWqNPEs,https://vidsrc.to/embed/movie/12187
3467,112,9uSurLxEiRc,https://vidsrc.to/embed/movie/24748
3468,134,n7aFFqz2bXU,https://vidsrc.to/embed/movie/990
3469,128,1PKkLSCuiEE,https://vidsrc.to/embed/movie/1908
3470,141,oXGB-dKchz8,https://vidsrc.to/embed/movie/9764
3471,137,Yvb3geyPC14,https://vidsrc.to/embed/movie/840
3473,116,N8fhqHyRj6M,https://vidsrc.to/embed/movie/42237
3474,91,Hnb65cgl2xI,https://vidsrc.to/embed/movie/26689
3475,122,sk7a9EyMGiY,https://vidsrc.to/embed/movie/25673
3476,113,2AiwCLI04PY,https://vidsrc.to/embed/movie/2291
3477,90,c2-LdSfXo14,https://vidsrc.to/embed/movie/13531
3478,108,OaEWHrwF0fc,https://vidsrc.to/embed/movie/16620
3479,121,Hwsc0S7-XWA,https://vidsrc.to/embed/movie/526
3480,108,Wnqcag_24kE,https://vidsrc.to/embed/movie/13346
3481,113,6P4dXJ_Tvns,https://vidsrc.to/embed/movie/243
3483,89,JcOfJwN0bdY,https://vidsrc.to/embed/movie/10501
3484,106,B03lvL3pVp8,https://vidsrc.to/embed/movie/11478
3489,142,c-vwgt8cwEM,https://vidsrc.to/embed/movie/879
3492,69,,https://vidsrc.to/embed/movie/85689
3494,128,ruTdCaAWTNA,https://vidsrc.to/embed/movie/17529
3496,122,bQ0Mu5kniXI,https://vidsrc.to/embed/movie/118098
3497,98,,https://vidsrc.to/embed/movie/1793
3498,121,lhuutAnXBzQ,https://vidsrc.to/embed/movie/11327
3499,107,9HU-RfV7QA0,https://vidsrc.to/embed/movie/1700
3500,119,0FeTjAyjAW4,https://vidsrc.to/embed/movie/54087
3501,107,HoX-xki1yHQ,https://vidsrc.to/embed/movie/34322
3502,114,,https://vidsrc.to/embed/movie/41659
3503,167,jfzGX6266Vo,https://vidsrc.to/embed/movie/593
3504,122,T-PyQ1gMT6o,https://vidsrc.to/embed/movie/10774
3505,114,-NaBMu3pooM,https://vidsrc.to/embed/movie/10083
3506,119,8HtZp_DwDyw,https://vidsrc.to/embed/movie/29786
3507,106,A58OtN9h918,https://vidsrc.to/embed/movie/11356
3508,135,YvXl6Ij-LhQ,https://vidsrc.to/embed/movie/10747
3510,118,jdACpDDpIUs,https://vidsrc.to/embed/movie/10559
3511,107,AfTvmbizNyQ,https://vidsrc.to/embed/movie/20697
3512,116,ZQNifpPNmTk,https://vidsrc.to/embed/movie/2621
3513,127,usKVcBTxkfk,https://vidsrc.to/embed/movie/10479
3514,104,,https://vidsrc.to/embed/movie/125709
3515,104,,https://vidsrc.to/embed/movie/49721
3516,106,VqtxPF9CVe8,https://vidsrc.to/embed/movie/2006
3519,114,V3gA-Gnm6hQ,https://vidsrc.to/embed/movie/17339
3521,106,ZzyMVe-pKvo,https://vidsrc.to/embed/movie/11305
3524,97,D5gABBndg-w,https://vidsrc.to/embed/movie/13665
3525,105,L9jE1xQCc-g,https://vidsrc.to/embed/movie/12309
3526,124,s4LqmugHDPQ,https://vidsrc.to/embed/movie/1552
3527,107,XY6d4LGd8YM,https://vidsrc.to/embed/movie/106
3528,132,gyy_A4wNQa8,https://vidsrc.to/embed/movie/10333
3529,122,-uTyP-fQpZ4,https://vidsrc.to/embed/movie/11027
3531,87,aNqyGiNHGC0,https://vidsrc.to/embed/movie/123757
3534,103,-dwp9ea0sSY,https://vidsrc.to/embed/movie/10468
3535,102,81mibtQWWBg,https://vidsrc.to/embed/movie/1359
3536,127,wORkOt7MOHM,https://vidsrc.to/embed/movie/4967
3537,89,,https://vidsrc.to/embed/movie/31776
3538,97,yfoqUY0KwfQ,https://vidsrc.to/embed/movie/10557
3539,108,rKdPOIcIBxs,https://vidsrc.to/embed/movie/27745
3543,110,__Q6_27KKEc,https://vidsrc.to/embed/movie/13776
3544,87,V7KOt3Hugd4,https://vidsrc.to/embed/movie/26291
3545,124,6DZ2wtichOM,https://vidsrc.to/embed/movie/10784
3546,135,3qFYjkFCxiE,https://vidsrc.to/embed/movie/10242
3548,143,1MOyMORDN9E,https://vidsrc.to/embed/movie/16347
3549,149,ykzP_64l-xk,https://vidsrc.to/embed/movie/4825
3550,97,eNbGV1TcMAw,https://vidsrc.to/embed/movie/11654
3551,125,8WmlhEO2cU4,https://vidsrc.to/embed/movie/10518
3552,98,vKlecXacidE,https://vidsrc.to/embed/movie/11977
3553,90,BVeBO-ahVGU,https://vidsrc.to/embed/movie/18041
3554,125,vhl4TV-S3bg,https://vidsrc.to/embed/movie/14736
3555,116,LvcbGleQjJ4,https://vidsrc.to/embed/movie/3536
3556,97,8kDcCGlaBwY,https://vidsrc.to/embed/movie/1443
3557,124,T02flRwnKog,https://vidsrc.to/embed/movie/10424
3559,137,dkvb6aGl6nA,https://vidsrc.to/embed/movie/28971
3563,101,XrVu11KNNB8,https://vidsrc.to/embed/movie/9456
3564,91,Eu3zeVVu3ME,https://vidsrc.to/embed/movie/889
3565,120,HbzcodGsaRs,https://vidsrc.to/embed/movie/10564
3566,90,_MZXKWNvtK4,https://vidsrc.to/embed/movie/15723
3567,95,70xdfkjxC7Y,https://vidsrc.to/embed/movie/19600
3568,90,0yTRCA27HWg,https://vidsrc.to/embed/movie/125537
3569,110,QbF80Gu80-4,https://vidsrc.to/embed/movie/452
3571,97,icUyG8ZdX04,https://vidsrc.to/embed/movie/36234
3572,83,M0wP4rP6R70,https://vidsrc.to/embed/movie/39283
3573,83,UkYAr_wyaZU,https://vidsrc.to/embed/movie/65460
3574,85,NyWZKiPi30U,https://vidsrc.to/embed/movie/55667
3576,97,vPlcbj6NiFw,https://vidsrc.to/embed/movie/12476
3577,104,L78f5CQdkUw,https://vidsrc.to/embed/movie/5241
3578,155,P5ieIbInFpg,https://vidsrc.to/embed/movie/98
3580,115,,https://vidsrc.to/embed/movie/47724
3581,99,GjoWJB9SGf0,https://vidsrc.to/embed/movie/11129
3584,100,rf3Kqyckw2Y,https://vidsrc.to/embed/movie/1058
3586,117,3x4D5-xM7hA,https://vidsrc.to/embed/movie/42159
3587,107,wg75f-38L3E,https://vidsrc.to/embed/movie/16395
3590,86,6wbZJmOWCQM,https://vidsrc.to/embed/movie/38925
3591,91,wFXuRHFW3Wk,https://vidsrc.to/embed/movie/13105
3592,80,D4f4tprXSiA,https://vidsrc.to/embed/movie/22501
3593,119,8jqxSFn4Uoc,https://vidsrc.to/embed/movie/5491
3594,115,tf7vVdDExuM,https://vidsrc.to/embed/movie/10560
3596,81,KZlfi_qlTnw,https://vidsrc.to/embed/movie/19419
3597,82,FweMyFsq-FM,https://vidsrc.to/embed/movie/23531
3598,112,F39CYBE6-Kg,https://vidsrc.to/embed/movie/10688
3599,143,ulZcqaPVw-w,https://vidsrc.to/embed/movie/17889
3604,143,chNGGFtAZf8,https://vidsrc.to/embed/movie/39391
3606,98,ri4OegFn3Jk,https://vidsrc.to/embed/movie/31516
3608,91,1UWsZ9k3Rds,https://vidsrc.to/embed/movie/5683
3609,72,,https://vidsrc.to/embed/movie/113279
3614,96,MbrZBvSUMkM,https://vidsrc.to/embed/movie/12518
3615,82,yrhGIq5o5Yc,https://vidsrc.to/embed/movie/10567
3616,95,vWoXkC7udK0,https://vidsrc.to/embed/movie/10642
3617,93,NU9NYU9O0Hw,https://vidsrc.to/embed/movie/9285
3618,94,MAWsmINQqJk,https://vidsrc.to/embed/movie/10569
3619,91,S7sh4j0GXJI,https://vidsrc.to/embed/movie/21879
3622,94,Wt1lHyuTDWE,https://vidsrc.to/embed/movie/24918
3623,123,hSPtsCQq52k,https://vidsrc.to/embed/movie/955
3624,110,FqHg5fc_0_U,https://vidsrc.to/embed/movie/8584
3625,85,XUfOi0c5czM,https://vidsrc.to/embed/movie/47295
3626,121,X9GCQE-SZbA,https://vidsrc.to/embed/movie/11332
3627,78,uDMkgcKas3U,https://vidsrc.to/embed/movie/16093
3628,102,H9lPTkWYJ6U,https://vidsrc.to/embed/movie/29372
3629,95,DJwOpY84Oq4,https://vidsrc.to/embed/movie/962
3632,124,eND72dzh7EU,https://vidsrc.to/embed/movie/30588
3633,142,U_-nD5r8dc0,https://vidsrc.to/embed/movie/668
3634,118,rmsqw3vu1NE,https://vidsrc.to/embed/movie/23518
3635,125,TqhzdF8m6q4,https://vidsrc.to/embed/movie/691
3637,106,i9pD323U_Hc,https://vidsrc.to/embed/movie/44018
3638,126,qz7uoU7Xvjg,https://vidsrc.to/embed/movie/698
3639,125,QUvKxtSrHJs,https://vidsrc.to/embed/movie/682
3640,104,uF4jTT1t2hU,https://vidsrc.to/embed/movie/28973
3641,82,fKCfP1EBzY8,https://vidsrc.to/embed/movie/28974
3643,100,,https://vidsrc.to/embed/movie/22994
3646,98,QPEzzJYsPbY,https://vidsrc.to/embed/movie/9600
3648,85,Qlza-B78TPQ,https://vidsrc.to/embed/movie/38006
3649,117,IN7sz-T_tUY,https://vidsrc.to/embed/movie/2768
3652,93,M-tU_HCF5i4,https://vidsrc.to/embed/movie/24920
3653,91,yZsuQXKkPdw,https://vidsrc.to/embed/movie/21
3654,160,0ORnL9WmOEo,https://vidsrc.to/embed/movie/10911
3655,130,usASQnTtaWA,https://vidsrc.to/embed/movie/10102
3658,97,SiaaPUtC9Tg,https://vidsrc.to/embed/movie/26912
3660,88,Sf5d44T-RNc,https://vidsrc.to/embed/movie/26953
3661,88,wRFLFBrkqbo,https://vidsrc.to/embed/movie/26954
3662,82,Sq4MjUNvguI,https://vidsrc.to/embed/movie/26956
3663,79,BIO9VpGLEiQ,https://vidsrc.to/embed/movie/26957
3664,82,JQCM81hdWOE,https://vidsrc.to/embed/movie/26958
3667,92,WB0S0CtDu-E,https://vidsrc.to/embed/movie/80287
3668,138,gvCpDknV6Ps,https://vidsrc.to/embed/movie/6003
3669,87,ycVcurvRYqY,https://vidsrc.to/embed/movie/23939
3671,93,tb2fYUKJdN8,https://vidsrc.to/embed/movie/11072
3672,86,_zF-iiyxQZc,https://vidsrc.to/embed/movie/23069
3673,88,,https://vidsrc.to/embed/movie/21299
3674,85,qtfHXbUTE-0,https://vidsrc.to/embed/movie/38802
3675,120,3n3-UtakD3I,https://vidsrc.to/embed/movie/13368
3676,89,zVJICfUx8M0,https://vidsrc.to/embed/movie/985
3677,97,LKGpHu9IONc,https://vidsrc.to/embed/movie/14002
3678,119,vUUbNdnwgaE,https://vidsrc.to/embed/movie/541
3679,100,_H7f9IRt_4A,https://vidsrc.to/embed/movie/21137
3680,93,63ApcpF-NLw,https://vidsrc.to/embed/movie/36724
3681,132,xZm8i5sGlWI,https://vidsrc.to/embed/movie/938
3682,124,83iV6rVG-qw,https://vidsrc.to/embed/movie/10648
3683,97,B1IFJC4Y8kU,https://vidsrc.to/embed/movie/11368
3684,114,iGlZruBbYQ4,https://vidsrc.to/embed/movie/10875
3685,124,VEz13l-ULX0,https://vidsrc.to/embed/movie/2075
3686,115,PF4CcPUrW9w,https://vidsrc.to/embed/movie/1551
3687,83,tLGigwC9CY0,https://vidsrc.to/embed/movie/22500
3688,94,KpzxvPigAr8,https://vidsrc.to/embed/movie/10246
3689,98,jaeR_RtjwDY,https://vidsrc.to/embed/movie/19698
3690,92,06jLunu_9fY,https://vidsrc.to/embed/movie/23919
3691,89,T3JaMWzQr0U,https://vidsrc.to/embed/movie/18835
3692,86,ee-SZRVtJNU,https://vidsrc.to/embed/movie/26554
3693,82,sKeONEIskWI,https://vidsrc.to/embed/movie/15239
3694,95,HGIxHDhMIYw,https://vidsrc.to/embed/movie/28165
3695,102,uF8rq8023AA,https://vidsrc.to/embed/movie/28169
3696,88,_PmPuYg6nqM,https://vidsrc.to/embed/movie/15762
3697,108,po4MN1V75eU,https://vidsrc.to/embed/movie/169
3698,101,i2FMhBg0h_8,https://vidsrc.to/embed/movie/865
3699,115,m9GbkmUG0PM,https://vidsrc.to/embed/movie/9663
3700,108,DsgcgfFcSe0,https://vidsrc.to/embed/movie/26889
3701,91,TmDRQWn7jgk,https://vidsrc.to/embed/movie/10128
3702,91,E3F8IegOcjA,https://vidsrc.to/embed/movie/9659
3703,96,bwcADuJZDNA,https://vidsrc.to/embed/movie/8810
3704,107,vynTmqiizog,https://vidsrc.to/embed/movie/9355
3705,110,CJmVVz8sT5U,https://vidsrc.to/embed/movie/1727
3706,113,oLNHY7x055E,https://vidsrc.to/embed/movie/635
3707,117,bRIsOxLzLLM,https://vidsrc.to/embed/movie/10068
3708,115,DfcuksWVRt8,https://vidsrc.to/embed/movie/11495
3709,89,Ge6_zTJPhUc,https://vidsrc.to/embed/movie/11428
3710,96,lnnA33SPYXU,https://vidsrc.to/embed/movie/10117
3711,117,3wVYjkFfpXM,https://vidsrc.to/embed/movie/35936
3712,97,0PLnF8EZu7s,https://vidsrc.to/embed/movie/25562
3713,97,J-YwJKIqyOE,https://vidsrc.to/embed/movie/51763
3714,108,4fYg2S6c84s,https://vidsrc.to/embed/movie/73079
3715,103,LhTmA9sqxeI,https://vidsrc.to/embed/movie/38921
3716,104,_ApZB7W0-8A,https://vidsrc.to/embed/movie/35463
3717,118,cxCE9gDm1vo,https://vidsrc.to/embed/movie/9679
3719,93,iOXzJL1roS8,https://vidsrc.to/embed/movie/51333
3720,181,fdJXlNgnQTk,https://vidsrc.to/embed/movie/17771
3723,130,tMvqWk7q8Ss,https://vidsrc.to/embed/movie/10264
3724,127,8sSdLNcmsBs,https://vidsrc.to/embed/movie/31657
3725,96,c3gJmscGrz4,https://vidsrc.to/embed/movie/29204
3726,91,SmuM704bMjM,https://vidsrc.to/embed/movie/17814
3727,94,XBDhZrzqcPY,https://vidsrc.to/embed/movie/11879
3728,105,FN24JTHbdoo,https://vidsrc.to/embed/movie/21128
3729,100,hwrLNTN7-Fs,https://vidsrc.to/embed/movie/482
3730,114,mDgKPQWyjRk,https://vidsrc.to/embed/movie/592
3731,109,FPFgPSkw6Oo,https://vidsrc.to/embed/movie/31593
3732,118,bphHHR2aVM0,https://vidsrc.to/embed/movie/12611
3733,113,wGUfvZU4wiE,https://vidsrc.to/embed/movie/14328
3735,129,eoP6bH2ymFo,https://vidsrc.to/embed/movie/9040
3736,112,AX8GLtyWpOY,https://vidsrc.to/embed/movie/25364
3737,107,RDKGx3lOXkQ,https://vidsrc.to/embed/movie/43002
3738,110,Idj2FA06e9A,https://vidsrc.to/embed/movie/5121
3739,83,,https://vidsrc.to/embed/movie/195
3740,100,AXsBBqPb5YE,https://vidsrc.to/embed/movie/6978
3741,94,qKykxE7CBbc,https://vidsrc.to/embed/movie/3133
3742,75,VC66LgoOlCs,https://vidsrc.to/embed/movie/643
3743,94,FBIYE656wr0,https://vidsrc.to/embed/movie/10571
3744,99,DcLG3AfyVDI,https://vidsrc.to/embed/movie/479
3745,95,mK7huyUD3i8,https://vidsrc.to/embed/movie/7450
3746,96,IEzOxMriGTE,https://vidsrc.to/embed/movie/31023
3747,107,Tc0cb4sEMvU,https://vidsrc.to/embed/movie/25636
3751,84,08MUUPzS8gU,https://vidsrc.to/embed/movie/7443
3752,117,UBPHrX4x3Ns,https://vidsrc.to/embed/movie/2123
3753,165,OpKR4qTOVgI,https://vidsrc.to/embed/movie/2024
3754,92,zRADwNEWW6c,https://vidsrc.to/embed/movie/17711
3755,130,sK5ejT_V9to,https://vidsrc.to/embed/movie/2133
3756,130,4-if2bcIdLA,https://vidsrc.to/embed/movie/29946
3758,103,FPwqqIXyCIE,https://vidsrc.to/embed/movie/28774
3760,83,wbhLuxJvr6o,https://vidsrc.to/embed/movie/11598
3761,190,NMj89zgI8Yc,https://vidsrc.to/embed/movie/9702
3763,109,A5a4i1mlQyk,https://vidsrc.to/embed/movie/9873
3764,108,0HzhRMBuMCQ,https://vidsrc.to/embed/movie/16820
3765,130,tcc4jaiQA_U,https://vidsrc.to/embed/movie/14864
3766,101,hWiQlmsd5fQ,https://vidsrc.to/embed/movie/15379
3767,95,eap1lshAjIg,https://vidsrc.to/embed/movie/12764
3768,102,BzxjMRdxAqM,https://vidsrc.to/embed/movie/27352
3769,116,Trz-1pDczLs,https://vidsrc.to/embed/movie/8348
3770,99,4ybHzYtF3ZM,https://vidsrc.to/embed/movie/24099
3771,105,LmU8-5CutII,https://vidsrc.to/embed/movie/17897
3773,104,X4Cgazhox24,https://vidsrc.to/embed/movie/16094
3774,94,Fcv3v2JIj34,https://vidsrc.to/embed/movie/16096
3783,94,w0J0xtuzizU,https://vidsrc.to/embed/movie/12706
3784,104,d86Qg-y9eAA,https://vidsrc.to/embed/movie/4244
3785,88,HTLPULt0eJ4,https://vidsrc.to/embed/movie/4247
3786,85,HnUvneNxoz8,https://vidsrc.to/embed/movie/20770
3787,92,qcwZfUMDB0w,https://vidsrc.to/embed/movie/1050
3788,111,PRENEOHlcbw,https://vidsrc.to/embed/movie/1052
3789,116,XKvzeCwMCgc,https://vidsrc.to/embed/movie/20540
3790,86,gGRPxq72Kfs,https://vidsrc.to/embed/movie/23655
3791,107,xxOuSqokKok,https://vidsrc.to/embed/movie/1788
3792,144,OrP_CtoeO9E,https://vidsrc.to/embed/movie/32275
3793,104,s4Wqw8tqgdM,https://vidsrc.to/embed/movie/36657
3794,96,C6rVS-ouvpY,https://vidsrc.to/embed/movie/44490
3795,106,ACSZnim2ij4,https://vidsrc.to/embed/movie/47585
3797,105,NU_iktfVHEI,https://vidsrc.to/embed/movie/36047
3798,130,s6nTJMdrGVU,https://vidsrc.to/embed/movie/2655
3799,84,3uwx7tnwdCw,https://vidsrc.to/embed/movie/12599
3801,161,LwX8NiXv9Hw,https://vidsrc.to/embed/movie/93
3802,110,CIU819AyIVM,https://vidsrc.to/embed/movie/9278
3806,128,Q3XVYjhKU-U,https://vidsrc.to/embed/movie/18118
3807,113,z5wtftr8PVg,https://vidsrc.to/embed/movie/11940
3808,100,IRZN_u994r4,https://vidsrc.to/embed/movie/24167
3809,100,ptmP1lziJw4,https://vidsrc.to/embed/movie/10276
3810,101,C3TGK9cpHs8,https://vidsrc.to/embed/movie/19380
3811,107,yIItaUtWJnE,https://vidsrc.to/embed/movie/13783
3812,88,wEPUeu8IGI8,https://vidsrc.to/embed/movie/11624
3813,93,sINxS7X8fFQ,https://vidsrc.to/embed/movie/15867
3814,85,Nrf3X89aDhk,https://vidsrc.to/embed/movie/11686
3816,112,4IbHh9ixyxQ,https://vidsrc.to/embed/movie/29263
3819,115,sur_pxcpuoE,https://vidsrc.to/embed/movie/11830
3821,107,X5BnhugnRR8,https://vidsrc.to/embed/movie/12107
3822,90,rEzbIeZRKMk,https://vidsrc.to/embed/movie/10401
3823,108,OuXCatJa9ys,https://vidsrc.to/embed/movie/32640
3824,103,Hn8xwIrAF8U,https://vidsrc.to/embed/movie/10641
3825,100,2lqWOOHOwlE,https://vidsrc.to/embed/movie/6282
3826,112,PksGHTBW1uE,https://vidsrc.to/embed/movie/9383
3827,130,Upug_1gc7hk,https://vidsrc.to/embed/movie/5551
3830,96,SdyF7NTwFek,https://vidsrc.to/embed/movie/27723
3831,93,-n8rHwtoEwo,https://vidsrc.to/embed/movie/2360
3832,95,t7MyJMlOpdE,https://vidsrc.to/embed/movie/28043
3833,82,BqKv_kLZZGQ,https://vidsrc.to/embed/movie/33468
3834,116,oqyBr-07Eh0,https://vidsrc.to/embed/movie/21866
3835,89,vlEwqBrbPPU,https://vidsrc.to/embed/movie/33408
3836,144,,https://vidsrc.to/embed/movie/11589
3837,97,CpaJdsnEsWA,https://vidsrc.to/embed/movie/15158
3838,91,Th50t0STvIE,https://vidsrc.to/embed/movie/16139
3839,90,bXZtb7R2rRQ,https://vidsrc.to/embed/movie/16146
3840,86,4uIQ4Zn9Ijc,https://vidsrc.to/embed/movie/26515
3841,112,spsxCrPDCi4,https://vidsrc.to/embed/movie/11856
3843,85,_YAawYhXT8Y,https://vidsrc.to/embed/movie/13567
3844,118,d8nojAKKijA,https://vidsrc.to/embed/movie/10860
3845,92,uZCsuRuq2mE,https://vidsrc.to/embed/movie/8420
3846,95,yqTMFYPG5d4,https://vidsrc.to/embed/movie/18391
3847,96,t7sjqF2BTFA,https://vidsrc.to/embed/movie/20850
3849,83,upVwFrpcHGo,https://vidsrc.to/embed/movie/27452
3851,96,,https://vidsrc.to/embed/movie/38548
3852,87,3xQ2lPYTnmQ,https://vidsrc.to/embed/movie/20438
3855,80,,https://vidsrc.to/embed/movie/46991
3857,107,ce4Hlm2IOfQ,https://vidsrc.to/embed/movie/10391
3858,88,LMmKfKCZoTk,https://vidsrc.to/embed/movie/14195
3859,79,3o0eL4ymO04,https://vidsrc.to/embed/movie/15665
3861,118,Ivh1DoSVfyo,https://vidsrc.to/embed/movie/10393
3862,105,U2oVKYID93E,https://vidsrc.to/embed/movie/18168
3863,107,44jpefZclO4,https://vidsrc.to/embed/movie/8843
3864,107,ykM1erwrtiA,https://vidsrc.to/embed/movie/10643
3865,115,JAa2gANm4KM,https://vidsrc.to/embed/movie/23618
3868,86,PACTQutbow4,https://vidsrc.to/embed/movie/37136
3869,86,WvY-X4P5y7Y,https://vidsrc.to/embed/movie/37137
3870,90,Rnqch54OlrM,https://vidsrc.to/embed/movie/23283
3871,118,9R16fkT71dM,https://vidsrc.to/embed/movie/3110
3872,114,sHAkalCkrLM,https://vidsrc.to/embed/movie/14698
3873,97,2wlGJ_j0viE,https://vidsrc.to/embed/movie/11694
3877,124,608EbBVkiTI,https://vidsrc.to/embed/movie/9651
3879,117,rKFmSpB-uGQ,https://vidsrc.to/embed/movie/11398
3882,99,4Fza-ZDQE6c,https://vidsrc.to/embed/movie/1588
3884,88,RalfvRfCIp8,https://vidsrc.to/embed/movie/19150
3888,100,ZVJrAA0CgTQ,https://vidsrc.to/embed/movie/41282
3889,87,M7mqpGNx8FI,https://vidsrc.to/embed/movie/12211
3893,108,hAmf7VKFM-Q,https://vidsrc.to/embed/movie/10480
3894,101,,https://vidsrc.to/embed/movie/80713
3895,96,4P6gwL3sV2U,https://vidsrc.to/embed/movie/10685
3896,119,LFtd-9bvydI,https://vidsrc.to/embed/movie/1619
3897,124,4U07rtBNa2g,https://vidsrc.to/embed/movie/786
3898,119,Oc9xF_DvzSw,https://vidsrc.to/embed/movie/14805
3899,95,,https://vidsrc.to/embed/movie/51179
3900,100,U1GgQED_vTw,https://vidsrc.to/embed/movie/46119
3901,112,rdVzQatZEs4,https://vidsrc.to/embed/movie/18074
3906,110,gyPkbZ_kmEg,https://vidsrc.to/embed/movie/10562
3908,98,ZZigtR5VBAw,https://vidsrc.to/embed/movie/12212
3909,92,,https://vidsrc.to/embed/movie/14629
3910,140,ddcCwLqtT8w,https://vidsrc.to/embed/movie/16
3911,90,w7H9fsREWdg,https://vidsrc.to/embed/movie/13785
3912,112,m1IpRlg6DuM,https://vidsrc.to/embed/movie/34299
3914,96,eEpC_GrvtiI,https://vidsrc.to/embed/movie/22597
3915,110,d2OXRBDRRg4,https://vidsrc.to/embed/movie/19348
3916,113,nPhu9XsRl4M,https://vidsrc.to/embed/movie/10637
3917,93,tOcth6-HjPg,https://vidsrc.to/embed/movie/9003
3918,97,WdiWUPOYL-k,https://vidsrc.to/embed/movie/9064
3919,93,xAfuI7vQChw,https://vidsrc.to/embed/movie/11569
3920,147,8-kAhp0pruM,https://vidsrc.to/embed/movie/10434
3922,99,Ezlp6c6LDJg,https://vidsrc.to/embed/movie/39113
3925,90,0k4s4oEOZMo,https://vidsrc.to/embed/movie/469
3926,105,h4fOHsL9d2s,https://vidsrc.to/embed/movie/2160
3927,101,dO5E4wkg0hA,https://vidsrc.to/embed/movie/2161
3928,83,3NzfaLvm4Po,https://vidsrc.to/embed/movie/3073
3929,72,vpBRMlo9CH0,https://vidsrc.to/embed/movie/911
3930,79,svyPswixryM,https://vidsrc.to/embed/movie/10973
3932,71,C4rEv7ArYwg,https://vidsrc.to/embed/movie/10787
3933,69,CBd5MUQjX30,https://vidsrc.to/embed/movie/43109
3937,100,zCZY9Z6WvSY,https://vidsrc.to/embed/movie/9507
3938,76,nJxNbm4simo,https://vidsrc.to/embed/movie/27475
3939,76,zkKv4YqMVWg,https://vidsrc.to/embed/movie/27764
3940,87,ne-88bVmbNI,https://vidsrc.to/embed/movie/27767
3941,74,-iOtUe9MvqE,https://vidsrc.to/embed/movie/40760
3942,80,,https://vidsrc.to/embed/movie/40446
3943,136,EMZ6zp-3oGY,https://vidsrc.to/embed/movie/24664
3945,89,gFuNXUCG4Bs,https://vidsrc.to/embed/movie/20455
3946,102,wAUlHeqkn7w,https://vidsrc.to/embed/movie/10461
3947,112,XIlH4qmIxdE,https://vidsrc.to/embed/movie/1485
3948,108,L21c88bSOn4,https://vidsrc.to/embed/movie/1597
3949,102,NEKjZSTo0Uk,https://vidsrc.to/embed/movie/641
3950,101,LABt1rwmIgg,https://vidsrc.to/embed/movie/10687
3951,104,qthfxaN4EFo,https://vidsrc.to/embed/movie/63956
3952,126,c9bC0mg_nJY,https://vidsrc.to/embed/movie/6521
3953,122,024wr51PRuM,https://vidsrc.to/embed/movie/10763
3955,84,by5n8coSofU,https://vidsrc.to/embed/movie/16888
3957,114,Ymc8SUsOkFc,https://vidsrc.to/embed/movie/21142
3958,155,oqBynKxAiiI,https://vidsrc.to/embed/movie/78140
3959,103,2GZnAbgGFxg,https://vidsrc.to/embed/movie/2134
3962,90,ElLwB-bWNpg,https://vidsrc.to/embed/movie/28605
3963,128,oqe9jCZ-7mw,https://vidsrc.to/embed/movie/42797
3964,68,Ju_BnpsfznA,https://vidsrc.to/embed/movie/13465
3965,115,,https://vidsrc.to/embed/movie/27033
3966,68,,https://vidsrc.to/embed/movie/20367
3967,111,qMZkyG4skCU,https://vidsrc.to/embed/movie/71
3968,93,tDEfT9q07Ig,https://vidsrc.to/embed/movie/1636
3969,122,_pCtXRP1edo,https://vidsrc.to/embed/movie/10647
3971,91,MCOQP_LaWtQ,https://vidsrc.to/embed/movie/13762
3972,102,p4X2naY_2-k,https://vidsrc.to/embed/movie/12207
3973,90,rxANWqgmsFc,https://vidsrc.to/embed/movie/11531
3974,95,XQhvp1fpYOA,https://vidsrc.to/embed/movie/24100
3977,98,GtB603KpU9g,https://vidsrc.to/embed/movie/4327
3978,126,lpsF4MfeGlQ,https://vidsrc.to/embed/movie/4958
3979,90,_e3FajuSgs0,https://vidsrc.to/embed/movie/9678
3980,129,iC3pHZwdmGg,https://vidsrc.to/embed/movie/11978
3981,106,GROpZD40mk0,https://vidsrc.to/embed/movie/8870
3983,111,55MVAFsS7iM,https://vidsrc.to/embed/movie/14295
3984,120,eblH_hfmOS4,https://vidsrc.to/embed/movie/681
3985,135,anFz2h-zKwE,https://vidsrc.to/embed/movie/11372
3986,123,0VP44dGIi9c,https://vidsrc.to/embed/movie/8452
3987,107,U_lR9dqgx7s,https://vidsrc.to/embed/movie/10862
3988,105,UnyPPS1Z-Vs,https://vidsrc.to/embed/movie/8871
3989,94,WUax6vEEdac,https://vidsrc.to/embed/movie/34045
3990,79,hQkbeurqfQo,https://vidsrc.to/embed/movie/16340
3991,100,VytB0HxR2eQ,https://vidsrc.to/embed/movie/10481
3992,108,73FrJrCgJCI,https://vidsrc.to/embed/movie/10867
3993,124,u--PYnIYewE,https://vidsrc.to/embed/movie/10876
3994,106,faVXsGSC1AY,https://vidsrc.to/embed/movie/9741
3996,120,q-HrIQLdaNE,https://vidsrc.to/embed/movie/146
3997,107,,https://vidsrc.to/embed/movie/11849
3998,135,btRBnxFQvD0,https://vidsrc.to/embed/movie/11983
3999,124,pRdFuZSW4-Y,https://vidsrc.to/embed/movie/11678
4000,132,EP1t8lSp8Zc,https://vidsrc.to/embed/movie/2669
4002,92,vHhG2MsGxGI,https://vidsrc.to/embed/movie/2609
4003,106,YoVqSVg32_g,https://vidsrc.to/embed/movie/12714
4005,130,2m7VT6zXCmE,https://vidsrc.to/embed/movie/708
4006,85,D97zxcIwD4k,https://vidsrc.to/embed/movie/1857
4007,126,NtTkHu8R2_Q,https://vidsrc.to/embed/movie/10673
4008,145,75sZjnTWur0,https://vidsrc.to/embed/movie/2604
4009,109,M5E9RV9TyEo,https://vidsrc.to/embed/movie/10132
4010,97,V7g0tqdNy7M,https://vidsrc.to/embed/movie/11064
4011,103,ni4tEtuTccc,https://vidsrc.to/embed/movie/107
4012,123,Fk6AHn48MCY,https://vidsrc.to/embed/movie/40820
4014,121,692hOJq1KJE,https://vidsrc.to/embed/movie/392
4015,83,d1wuijgeaaY,https://vidsrc.to/embed/movie/8859
4016,78,vjlPrTzOPUI,https://vidsrc.to/embed/movie/11688
4017,132,-EvqaHos7Oo,https://vidsrc.to/embed/movie/12509
4018,127,VFwHs7fEUNs,https://vidsrc.to/embed/movie/3981
4019,136,8QGCBH_2Dck,https://vidsrc.to/embed/movie/711
4020,112,wz9-H7oTIJ0,https://vidsrc.to/embed/movie/2046
4021,134,wEDGERJQiOE,https://vidsrc.to/embed/movie/5001
4022,143,2dZvTscDGek,https://vidsrc.to/embed/movie/8358
4023,125,Hzw-p2PfBeU,https://vidsrc.to/embed/movie/5994
4024,135,szwAoiYTflk,https://vidsrc.to/embed/movie/25520
4025,110,MSXZJDuNwJE,https://vidsrc.to/embed/movie/1493
4027,107,pi-KDvtUaGQ,https://vidsrc.to/embed/movie/134
4029,106,oRhVOeyguLY,https://vidsrc.to/embed/movie/21991
4030,99,py_sPdBmstA,https://vidsrc.to/embed/movie/10577
4031,117,yygkQ8SjjQk,https://vidsrc.to/embed/movie/21355
4032,103,IJEhiF2cXRQ,https://vidsrc.to/embed/movie/29122
4033,145,PqM102xIbIs,https://vidsrc.to/embed/movie/11973
4034,147,sZnOWu68Vw4,https://vidsrc.to/embed/movie/1900
4035,120,lnNYl5mSWO4,https://vidsrc.to/embed/movie/44853
4036,95,_B15iesNMa8,https://vidsrc.to/embed/movie/10873
4037,102,iihr5J6Oky4,https://vidsrc.to/embed/movie/26719
4039,127,I78xulb-l0s,https://vidsrc.to/embed/movie/15739
4040,105,ofKeN70uCrY,https://vidsrc.to/embed/movie/15413
4041,124,VEpu6TcmcJg,https://vidsrc.to/embed/movie/2623
4042,202,_y36swJUDD4,https://vidsrc.to/embed/movie/11209
4043,111,7xFJiylekCQ,https://vidsrc.to/embed/movie/13715
4046,137,gZvExs15jMM,https://vidsrc.to/embed/movie/43258
4047,254,9Vz5f9NOVuk,https://vidsrc.to/embed/movie/10655
4052,108,uIdtkSMwnkQ,https://vidsrc.to/embed/movie/9989
4053,88,3n8cJ6Kl8vc,https://vidsrc.to/embed/movie/18828
4054,113,gV7MWxwxa1I,https://vidsrc.to/embed/movie/9816
4055,88,h6qvVd-jg4Y,https://vidsrc.to/embed/movie/20637
4056,124,F0mHXlLnDzw,https://vidsrc.to/embed/movie/5955
4061,99,NVCD5sfNigI,https://vidsrc.to/embed/movie/17474
4062,104,phKgLzz15KQ,https://vidsrc.to/embed/movie/11191
4063,105,4DmWLxGad8I,https://vidsrc.to/embed/movie/2613
4064,90,dyz9XeQwggQ,https://vidsrc.to/embed/movie/22021
4065,94,sMJCorShtSc,https://vidsrc.to/embed/movie/22048
4066,88,BddDCZwWkw0,https://vidsrc.to/embed/movie/17006
4067,102,OrHKg87fUCc,https://vidsrc.to/embed/movie/26333
4068,81,wP60n7sCKUk,https://vidsrc.to/embed/movie/16723
4069,103,KAuxlHrDZJ4,https://vidsrc.to/embed/movie/2018
4074,102,Z1i131o-c7I,https://vidsrc.to/embed/movie/10499
4077,117,,https://vidsrc.to/embed/movie/47943
4078,114,,https://vidsrc.to/embed/movie/74340
4079,84,d-xmbx56IkM,https://vidsrc.to/embed/movie/5709
4080,110,28OSjGVqOrQ,https://vidsrc.to/embed/movie/11215
4081,92,QXMmD1uEYGY,https://vidsrc.to/embed/movie/26477
4082,100,8USMIMdzaTA,https://vidsrc.to/embed/movie/10937
4083,95,jWKyXlgcYoA,https://vidsrc.to/embed/movie/4639
4084,103,rcrM8c9uuwM,https://vidsrc.to/embed/movie/96
4085,105,utoOTlvZ0y8,https://vidsrc.to/embed/movie/90
4086,102,Ic2AhqLWuI0,https://vidsrc.to/embed/movie/11028
4089,84,-2gIwHq_d3w,https://vidsrc.to/embed/movie/19324
4090,90,bpGLpD25dpU,https://vidsrc.to/embed/movie/19933
4091,94,hiS42RHaKyg,https://vidsrc.to/embed/movie/12919
4092,99,zKkdgnDu3MA,https://vidsrc.to/embed/movie/15785
4093,110,nc8h9pJAUMI,https://vidsrc.to/embed/movie/31701
4102,90,v6bCxkkR_Vw,https://vidsrc.to/embed/movie/17159
4103,153,NsU11wxFMbY,https://vidsrc.to/embed/movie/10110
4104,92,ZAhbeEaXs3k,https://vidsrc.to/embed/movie/18935
4105,85,D0IzN6NZkqY,https://vidsrc.to/embed/movie/764
4109,93,YcigQrW8CMY,https://vidsrc.to/embed/movie/15658
4110,119,j0iTmHQzyno,https://vidsrc.to/embed/movie/4918
4111,111,nXbEHBE7DFc,https://vidsrc.to/embed/movie/28368
4113,134,,https://vidsrc.to/embed/movie/52780
4115,98,,https://vidsrc.to/embed/movie/26156
4116,81,iUM9Hkvf0Co,https://vidsrc.to/embed/movie/34101
4117,113,32wyLEBf60c,https://vidsrc.to/embed/movie/32054
4121,120,_2qGnuDw9WE,https://vidsrc.to/embed/movie/2614
4123,107,zgQvMobB9U0,https://vidsrc.to/embed/movie/12704
4124,89,nXT_39qoxkE,https://vidsrc.to/embed/movie/580
4125,85,WqnT4VmH2ek,https://vidsrc.to/embed/movie/24828
4126,98,DEYe7h0ydio,https://vidsrc.to/embed/movie/13703
4127,96,gdY-6oZqkVc,https://vidsrc.to/embed/movie/36914
4128,97,Q786UsnOcsY,https://vidsrc.to/embed/movie/1547
4129,103,JGLu15SJ1no,https://vidsrc.to/embed/movie/42010
4130,93,OuPWK_antUI,https://vidsrc.to/embed/movie/2608
4131,98,2jxDLz-e5Gs,https://vidsrc.to/embed/movie/32058
4132,89,gDoRcg42lQI,https://vidsrc.to/embed/movie/10019
4133,106,vLq_LYUkZG0,https://vidsrc.to/embed/movie/11649
4135,82,cbtFKZQUepw,https://vidsrc.to/embed/movie/13509
4138,90,rCiwZzPcMXw,https://vidsrc.to/embed/movie/51521
4139,106,WPJW95URgyI,https://vidsrc.to/embed/movie/34379
4141,87,UH4MB9v4kaE,https://vidsrc.to/embed/movie/24940
4142,100,7h2LtAG3Mkw,https://vidsrc.to/embed/movie/37302
4143,96,9KYtyaXIXZQ,https://vidsrc.to/embed/movie/10984
4144,99,rc3QleuaQMw,https://vidsrc.to/embed/movie/843
4146,122,as4uYxIfhe8,https://vidsrc.to/embed/movie/318
4147,91,,https://vidsrc.to/embed/movie/12806
4148,131,20rd9VQ1Wx0,https://vidsrc.to/embed/movie/9740
4149,90,pcUE7DtW7hw,https://vidsrc.to/embed/movie/10878
4152,125,_AuOPnOboCE,https://vidsrc.to/embed/movie/7093
4153,87,awcN8kofaDY,https://vidsrc.to/embed/movie/16300
4154,82,9cRn-bV5vdc,https://vidsrc.to/embed/movie/19405
4155,119,A7hkvdyG8x4,https://vidsrc.to/embed/movie/1921
4156,86,BgOIYGutIx8,https://vidsrc.to/embed/movie/44412
4157,87,9CCws3v_ptI,https://vidsrc.to/embed/movie/21620
4158,93,KsUdm-GatOY,https://vidsrc.to/embed/movie/23685
4159,125,C86-XGyVGns,https://vidsrc.to/embed/movie/12138
4160,112,,https://vidsrc.to/embed/movie/48217
4161,123,LyujCIHTiHc,https://vidsrc.to/embed/movie/6073
4164,105,gRBWQYmsUFE,https://vidsrc.to/embed/movie/25208
4166,87,oKM5Qq-ZuLM,https://vidsrc.to/embed/movie/19513
4167,120,nWdh_-ZItS4,https://vidsrc.to/embed/movie/2749
4168,87,bhbGq3fxm4s,https://vidsrc.to/embed/movie/10050
4171,94,,https://vidsrc.to/embed/movie/95682
4174,126,b37auo3dSuM,https://vidsrc.to/embed/movie/2302
4175,80,UDzGh6Z2WxA,https://vidsrc.to/embed/movie/32686
4178,106,t91ecmMnG18,https://vidsrc.to/embed/movie/51802
4180,94,Ctz8Qjup1Rk,https://vidsrc.to/embed/movie/29492
4181,93,IWfGv4MsaJs,https://vidsrc.to/embed/movie/25447
4184,109,bgb6ZRNQTv8,https://vidsrc.to/embed/movie/19490
4187,94,l5G_dQZE01o,https://vidsrc.to/embed/movie/38805
4189,199,z0XO3ojIGHI,https://vidsrc.to/embed/movie/2428
4190,146,z73HAUbQNp4,https://vidsrc.to/embed/movie/22013
4191,114,4i49XISKA48,https://vidsrc.to/embed/movie/15598
4193,110,K9Da-XCJvYM,https://vidsrc.to/embed/movie/62127
4194,91,EVXs_bUXQ_8,https://vidsrc.to/embed/movie/56137
4195,95,0sBKGlY_uS8,https://vidsrc.to/embed/movie/17965
4197,99,DOAihCRr1y4,https://vidsrc.to/embed/movie/33250
4198,103,2t7z_44nGio,https://vidsrc.to/embed/movie/14460
4200,110,txTgynA3iFo,https://vidsrc.to/embed/movie/9594
4202,93,AvS5457kDYI,https://vidsrc.to/embed/movie/4986
4203,98,D55_Ba3Ktls,https://vidsrc.to/embed/movie/2453
4204,100,s3ZKyllapso,https://vidsrc.to/embed/movie/33676
4205,110,t1ykJQ9ACp8,https://vidsrc.to/embed/movie/4587
4210,120,zrwMd5snOk8,https://vidsrc.to/embed/movie/11454
4211,111,KWWdt-NZwCA,https://vidsrc.to/embed/movie/38718
4212,140,_zEfPyO14J4,https://vidsrc.to/embed/movie/4192
4214,90,kIZH5TKnEeg,https://vidsrc.to/embed/movie/14052
4215,98,h1XXfRwh66w,https://vidsrc.to/embed/movie/16889
4217,102,qVw5RgZjBKs,https://vidsrc.to/embed/movie/26580
4218,100,nHfATM4gYeM,https://vidsrc.to/embed/movie/21309
4219,87,hF8xTBL3pGI,https://vidsrc.to/embed/movie/16263
4220,121,axYnHBSnNTk,https://vidsrc.to/embed/movie/4985
4221,108,Z0zgO-bMeqc,https://vidsrc.to/embed/movie/20704
4223,131,xqwlIaOyBSA,https://vidsrc.to/embed/movie/853
4224,101,fx6Rbj5tbgE,https://vidsrc.to/embed/movie/10877
4225,101,8dyGpXcQl-g,https://vidsrc.to/embed/movie/5257
4226,113,Rq9eM4ZXRgs,https://vidsrc.to/embed/movie/77
4228,123,xplT0169ACQ,https://vidsrc.to/embed/movie/10833
4229,95,MUNSzbk8Duw,https://vidsrc.to/embed/movie/20309
4231,97,3qFynd7Pa6A,https://vidsrc.to/embed/movie/12658
4232,88,GE5aHKJp6HI,https://vidsrc.to/embed/movie/10054
4233,95,bjfYkD-mQEo,https://vidsrc.to/embed/movie/10646
4234,109,if887QzvTiw,https://vidsrc.to/embed/movie/2575
4235,154,_P29GF_NbDc,https://vidsrc.to/embed/movie/55
4236,93,Qfnxcvs39JM,https://vidsrc.to/embed/movie/65075
4237,82,XZF3VRGgxTU,https://vidsrc.to/embed/movie/44379
4238,104,kswRbwYqn3k,https://vidsrc.to/embed/movie/2043
4239,124,otckBy8LdVg,https://vidsrc.to/embed/movie/4133
4240,88,SNrj8-avYvU,https://vidsrc.to/embed/movie/56715
4241,73,SEqstQn0sag,https://vidsrc.to/embed/movie/10991
4242,85,JpmsgXcSwOw,https://vidsrc.to/embed/movie/15940
4243,119,WLlqqHGgQbk,https://vidsrc.to/embed/movie/26791
4246,97,xjlKnDWZYzc,https://vidsrc.to/embed/movie/634
4247,91,l3Ng784FblQ,https://vidsrc.to/embed/movie/10956
4248,98,XvVhTHJWFr0,https://vidsrc.to/embed/movie/19366
4251,94,VSELr4Dk3eo,https://vidsrc.to/embed/movie/9519
4252,90,M6FahWs_ctg,https://vidsrc.to/embed/movie/13898
4254,95,4hlqCTxr1mE,https://vidsrc.to/embed/movie/9290
4255,87,-b2j_JJ0Umk,https://vidsrc.to/embed/movie/13166
4256,88,,https://vidsrc.to/embed/movie/32590
4259,109,yIDgfR653aI,https://vidsrc.to/embed/movie/52654
4260,107,,https://vidsrc.to/embed/movie/70282
4262,170,lZMIrD36MG8,https://vidsrc.to/embed/movie/111
4263,117,ga2BIz0YugA,https://vidsrc.to/embed/movie/32488
4265,116,O2QrywxknaM,https://vidsrc.to/embed/movie/10477
4267,93,BsIeU6lQHt8,https://vidsrc.to/embed/movie/2144
4268,104,TddNSETGZ0Y,https://vidsrc.to/embed/movie/24113
4270,130,ptmLrNpmcBo,https://vidsrc.to/embed/movie/1734
4273,96,c3kxXChV8oE,https://vidsrc.to/embed/movie/4973
4275,121,JtJZ3exJ3Jk,https://vidsrc.to/embed/movie/849
4276,91,bW-m70vJU1o,https://vidsrc.to/embed/movie/27223
4278,114,,https://vidsrc.to/embed/movie/39266
4280,136,VmRPh1xwab8,https://vidsrc.to/embed/movie/11307
4282,129,8i9Z7r8dAFo,https://vidsrc.to/embed/movie/11163
4284,87,uU7vS3XbpVU,https://vidsrc.to/embed/movie/18691
4285,118,DlY-Rs-cTzQ,https://vidsrc.to/embed/movie/3784
4289,140,6UjQqbNXdDw,https://vidsrc.to/embed/movie/11936
4290,138,cLkFzP0oFac,https://vidsrc.to/embed/movie/25221
4291,110,,https://vidsrc.to/embed/movie/19494
4292,110,45CX8W9peTs,https://vidsrc.to/embed/movie/40842
4293,87,KacBBqLb1DI,https://vidsrc.to/embed/movie/19357
4294,89,dgpfMxYFSmE,https://vidsrc.to/embed/movie/33743
4296,100,fgfy2guZu58,https://vidsrc.to/embed/movie/9062
4297,157,wIoZ5OYc9RE,https://vidsrc.to/embed/movie/11174
4298,118,fJXgBZeFgNk,https://vidsrc.to/embed/movie/934
4299,133,PVKVgkm-nkA,https://vidsrc.to/embed/movie/9476
4300,110,IrDpd4sCswY,https://vidsrc.to/embed/movie/37691
4304,107,bZ27rbJH6hI,https://vidsrc.to/embed/movie/14268
4305,102,UoFcx-jO_UM,https://vidsrc.to/embed/movie/5852
4306,90,ppDwfm6e498,https://vidsrc.to/embed/movie/808
4307,95,EYZC3DsJ5rc,https://vidsrc.to/embed/movie/49453
4308,128,2PpgPxjzbkA,https://vidsrc.to/embed/movie/824
4310,183,zf3KAiimeUg,https://vidsrc.to/embed/movie/676
4312,108,1q8c6hzEyr0,https://vidsrc.to/embed/movie/26813
4313,96,PGeh7gH7Ol0,https://vidsrc.to/embed/movie/29572
4316,108,UqJswRe3Rp0,https://vidsrc.to/embed/movie/50541
4317,97,uh6ir2m5SLw,https://vidsrc.to/embed/movie/26255
4321,114,o4k7AK6oK9U,https://vidsrc.to/embed/movie/1406
4322,120,A1NFDfHL-D8,https://vidsrc.to/embed/movie/13554
4323,115,h6YCA-9F9ew,https://vidsrc.to/embed/movie/17664
4325,122,75SO1lc_TZU,https://vidsrc.to/embed/movie/41050
4326,128,0nxToB95XJg,https://vidsrc.to/embed/movie/1632
4327,127,F11chOCFTi8,https://vidsrc.to/embed/movie/966
4329,141,VD55fwjvJlw,https://vidsrc.to/embed/movie/301
4333,88,bU3QV7gsUZ8,https://vidsrc.to/embed/movie/11896
4334,174,PxgrzNFwyqY,https://vidsrc.to/embed/movie/25538
4337,196,fg_HzXTD0uM,https://vidsrc.to/embed/movie/5923
4338,132,AGEekUoEQUM,https://vidsrc.to/embed/movie/15497
4339,117,k-umWzR3Z3M,https://vidsrc.to/embed/movie/21876
4340,83,pBwcksgKcFs,https://vidsrc.to/embed/movie/11090
4342,119,,https://vidsrc.to/embed/movie/21056
4343,102,NCRrGp5bkjY,https://vidsrc.to/embed/movie/9397
4344,99,MTWGd-63sIM,https://vidsrc.to/embed/movie/9705
4345,115,sgxwpjaJwrU,https://vidsrc.to/embed/movie/26475
4347,120,XAYjBHUIS7A,https://vidsrc.to/embed/movie/29937
4349,121,-so0GBmCBCI,https://vidsrc.to/embed/movie/10364
4350,53,tULVFTt3Fkg,https://vidsrc.to/embed/movie/32458
4351,122,KywiWyPjrOg,https://vidsrc.to/embed/movie/1089
4353,105,VHF9AoznACI,https://vidsrc.to/embed/movie/9967
4354,112,I0_Z4lh-Rus,https://vidsrc.to/embed/movie/17494
4355,110,PVdMWqVQrV4,https://vidsrc.to/embed/movie/17465
4356,91,TOqfJEPB8rI,https://vidsrc.to/embed/movie/759
4357,96,7Xdy2t0CfXU,https://vidsrc.to/embed/movie/10297
4359,105,UObTt29qDlo,https://vidsrc.to/embed/movie/10653
4361,116,IS-rkKwfuJU,https://vidsrc.to/embed/movie/9576
4366,95,DIA1OxnY3s4,https://vidsrc.to/embed/movie/10865
4367,100,-0enc2VSiKE,https://vidsrc.to/embed/movie/1995
4368,87,EXpnizX4kMA,https://vidsrc.to/embed/movie/10808
4369,106,m_jWcyfjFGw,https://vidsrc.to/embed/movie/9799
4370,146,vzviK8IibAY,https://vidsrc.to/embed/movie/644
4371,130,kgwOhuEft5Y,https://vidsrc.to/embed/movie/16161
4372,99,NuUiO85Xva0,https://vidsrc.to/embed/movie/10691
4373,81,dpV2ULCb6WU,https://vidsrc.to/embed/movie/10615
4374,90,,https://vidsrc.to/embed/movie/47596
4378,89,osexRaPM_Gc,https://vidsrc.to/embed/movie/11826
4380,135,IIZwzGpe10s,https://vidsrc.to/embed/movie/9301
4381,84,ou9YG0fUztA,https://vidsrc.to/embed/movie/11444
4383,106,dzSrbX8u9q0,https://vidsrc.to/embed/movie/60670
4384,115,xRPYtkQon10,https://vidsrc.to/embed/movie/55551
4386,87,IbR2bdm2Jj8,https://vidsrc.to/embed/movie/10992
4387,98,pZUCr_vlO8Q,https://vidsrc.to/embed/movie/2140
4388,82,wsHCoKGxjLk,https://vidsrc.to/embed/movie/4248
4389,103,c-My_lTpAgM,https://vidsrc.to/embed/movie/17612
4390,77,QrNhnhDN_gA,https://vidsrc.to/embed/movie/3134
4392,102,oFOsWXU06c8,https://vidsrc.to/embed/movie/8217
4393,84,6xywx45nA_8,https://vidsrc.to/embed/movie/22478
4394,98,C2SBi5BUeXo,https://vidsrc.to/embed/movie/26483
4395,106,hP8HX5bnQyo,https://vidsrc.to/embed/movie/24382
4396,95,VL-FJjJRg18,https://vidsrc.to/embed/movie/11286
4397,108,4_JW5-IuUoM,https://vidsrc.to/embed/movie/11950
4399,97,,https://vidsrc.to/embed/movie/36245
4402,88,jCMeEEm4dIA,https://vidsrc.to/embed/movie/26573
4403,79,f0JK8RYmWt8,https://vidsrc.to/embed/movie/23439
4404,116,Luuw4yTTtRU,https://vidsrc.to/embed/movie/10728
4406,123,GqhRXr2Mhn0,https://vidsrc.to/embed/movie/11697
4407,123,JyRHCEt4JHs,https://vidsrc.to/embed/movie/6106
4408,83,dhY09NEEyP4,https://vidsrc.to/embed/movie/22477
4409,85,gIOkamBic4A,https://vidsrc.to/embed/movie/19200
4410,114,r_B6fLIdhgo,https://vidsrc.to/embed/movie/11300
4412,91,gWHNA_j7h5A,https://vidsrc.to/embed/movie/28650
4419,89,3H8yXanHW1I,https://vidsrc.to/embed/movie/43316
4420,128,NrcdO7HN7as,https://vidsrc.to/embed/movie/34689
4422,95,t8wvGcX3LCI,https://vidsrc.to/embed/movie/10238
4424,95,,https://vidsrc.to/embed/movie/4789
4426,106,ss4AF91KOFw,https://vidsrc.to/embed/movie/18030
4427,134,Pqz3gkrmBbo,https://vidsrc.to/embed/movie/18988
4428,124,UPUCkGfOMw8,https://vidsrc.to/embed/movie/11536
4429,115,8HXVJA2XqPo,https://vidsrc.to/embed/movie/10339
4432,97,gBbPlyHxj8c,https://vidsrc.to/embed/movie/976
4433,99,WHdworuKmwQ,https://vidsrc.to/embed/movie/69605
4434,92,tp8wRHNmniQ,https://vidsrc.to/embed/movie/65632
4436,99,oYkV1s9hM-Q,https://vidsrc.to/embed/movie/4780
4437,99,x_FfT98QJks,https://vidsrc.to/embed/movie/11906
4438,108,oO9PVJdgu4M,https://vidsrc.to/embed/movie/11713
4439,131,PQmWI5UIPHs,https://vidsrc.to/embed/movie/9589
4440,99,eFJmVD0qHHg,https://vidsrc.to/embed/movie/12481
4441,101,Wt6-3Sim6Gs,https://vidsrc.to/embed/movie/13333
4442,109,JOvY8wXkFws,https://vidsrc.to/embed/movie/13938
4443,110,Z7OzKVHzfiI,https://vidsrc.to/embed/movie/10540
4444,100,72giNDkKhSE,https://vidsrc.to/embed/movie/9462
4445,45,M9KlHXEPhyk,https://vidsrc.to/embed/movie/82623
4446,106,qUXVOfdGE4o,https://vidsrc.to/embed/movie/2114
4447,96,vWOHwI_FgAo,https://vidsrc.to/embed/movie/8835
4448,124,8W1D_D7ZG8o,https://vidsrc.to/embed/movie/11371
4449,90,q-JvyUdd13E,https://vidsrc.to/embed/movie/78248
4450,113,4hxbVQlrsLU,https://vidsrc.to/embed/movie/9517
4451,97,3lOKZ3InRqk,https://vidsrc.to/embed/movie/25985
4452,95,jMl_uE9rRuc,https://vidsrc.to/embed/movie/15745
4453,46,TaAFmO3XA-Y,https://vidsrc.to/embed/movie/24977
4454,6,A9MHwIN_07E,https://vidsrc.to/embed/movie/36107
4458,40,5eggy0MYuDo,https://vidsrc.to/embed/movie/13794
4459,40,Qyt0Ez2ETzg,https://vidsrc.to/embed/movie/13795
4462,100,_CPxn0HqWAY,https://vidsrc.to/embed/movie/38965
4463,95,cJ8Db-VHnpk,https://vidsrc.to/embed/movie/47817
4464,121,lRENOT13vBM,https://vidsrc.to/embed/movie/31052
4465,111,zDujtATPuBk,https://vidsrc.to/embed/movie/10868
4466,99,wRVcemQchGc,https://vidsrc.to/embed/movie/9395
4467,126,vuqBKiKycbA,https://vidsrc.to/embed/movie/14506
4470,73,,https://vidsrc.to/embed/movie/2
4471,113,S9j4GzzGKiI,https://vidsrc.to/embed/movie/26044
4473,105,wYATgINGVlM,https://vidsrc.to/embed/movie/14911
4474,123,G59ivoXtmW4,https://vidsrc.to/embed/movie/15592
4475,111,PxS3CL-IewY,https://vidsrc.to/embed/movie/15267
4476,97,58yY53mjDxQ,https://vidsrc.to/embed/movie/12710
4477,86,VmKr_KvRfJU,https://vidsrc.to/embed/movie/30502
4478,106,EeRcr3gt0mw,https://vidsrc.to/embed/movie/19382
4480,95,vq0our4mceQ,https://vidsrc.to/embed/movie/9599
4482,107,VdPuJoGSFlc,https://vidsrc.to/embed/movie/17170
4483,98,rz3bXZan474,https://vidsrc.to/embed/movie/18509
4484,95,,https://vidsrc.to/embed/movie/110428
4487,104,Tyd6Dh_6v74,https://vidsrc.to/embed/movie/7520
4488,120,WZvatzKVM2g,https://vidsrc.to/embed/movie/10126
4489,117,ZDme5Y5E-bI,https://vidsrc.to/embed/movie/9602
4490,97,9yxeoyC4tn0,https://vidsrc.to/embed/movie/23752
4492,86,CRGyKnW3zW4,https://vidsrc.to/embed/movie/3980
4495,97,EZZalVKauEM,https://vidsrc.to/embed/movie/27397
4496,96,G5rtVBgOJVI,https://vidsrc.to/embed/movie/9748
4497,86,Dl488OINL90,https://vidsrc.to/embed/movie/40095
4498,91,n41u5nOsuBM,https://vidsrc.to/embed/movie/10651
4499,110,jb8ialk-J4c,https://vidsrc.to/embed/movie/10141
4500,119,5tBxhzpFO1M,https://vidsrc.to/embed/movie/27362
4502,91,vFZeIJgoLDU,https://vidsrc.to/embed/movie/26386
4504,82,kR5gwO31Qw0,https://vidsrc.to/embed/movie/25884
4505,98,QletIGfOPuc,https://vidsrc.to/embed/movie/26355
4506,120,lZ397XS9r1c,https://vidsrc.to/embed/movie/10675
4508,129,teHNaI8houQ,https://vidsrc.to/embed/movie/10130
4509,91,gpP_l-atlT4,https://vidsrc.to/embed/movie/2617
4511,99,2RIHuK89xEw,https://vidsrc.to/embed/movie/21362
4516,91,,https://vidsrc.to/embed/movie/20443
4517,113,3QrRxZUQzTo,https://vidsrc.to/embed/movie/49365
4518,93,H9QSDuew2eo,https://vidsrc.to/embed/movie/11347
4519,69,4BInhb4GkG8,https://vidsrc.to/embed/movie/12144
4520,90,a4KJtDxTqWQ,https://vidsrc.to/embed/movie/13704
4521,98,jWsrjotWzEc,https://vidsrc.to/embed/movie/12505
4522,91,EW_vDV8g1JE,https://vidsrc.to/embed/movie/41963
4523,117,uuaKVk4hNAY,https://vidsrc.to/embed/movie/13482
4524,103,,https://vidsrc.to/embed/movie/34014
4526,108,qfX8yIgpgaI,https://vidsrc.to/embed/movie/12120
4527,93,kpHuW1POfDo,https://vidsrc.to/embed/movie/47818
4529,108,et3JU_5DY0c,https://vidsrc.to/embed/movie/3543
4531,104,wX_UeU9loXk,https://vidsrc.to/embed/movie/9604
4533,91,Sf8Lenwa984,https://vidsrc.to/embed/movie/10925
4534,110,i9IHwlcKMBE,https://vidsrc.to/embed/movie/13965
4535,104,08rdCBgP-GY,https://vidsrc.to/embed/movie/24266
4537,116,06sU0RVSl-w,https://vidsrc.to/embed/movie/18197
4541,98,LNRnOcW5yqs,https://vidsrc.to/embed/movie/11503
4544,110,RaKYwiYUrXI,https://vidsrc.to/embed/movie/11966
4545,98,savkuEQKz8Q,https://vidsrc.to/embed/movie/2605
4546,106,KlO2oIieI44,https://vidsrc.to/embed/movie/8740
4552,67,xZZ-79n0D5g,https://vidsrc.to/embed/movie/41428
4553,93,PeB3vdxF_jM,https://vidsrc.to/embed/movie/8337
4557,111,ZokjNUOEkEM,https://vidsrc.to/embed/movie/28176
4558,107,eRdcL2qKt6k,https://vidsrc.to/embed/movie/9493
4562,107,lWXw-QZDdNo,https://vidsrc.to/embed/movie/12582
4563,91,dEL_BT_Z6Yg,https://vidsrc.to/embed/movie/10001
4564,122,4RmC8mVFwMc,https://vidsrc.to/embed/movie/11352
4565,95,JInNMEkyPkE,https://vidsrc.to/embed/movie/12500
4571,90,gxFxklxvE_w,https://vidsrc.to/embed/movie/1648
4572,125,RBP-zNZyewo,https://vidsrc.to/embed/movie/4105
4573,117,,https://vidsrc.to/embed/movie/22711
4574,86,FU169GhEa9Q,https://vidsrc.to/embed/movie/19124
4577,113,2S5uKG0uCLo,https://vidsrc.to/embed/movie/10142
4578,108,T2G2tMG6vMs,https://vidsrc.to/embed/movie/3064
4580,86,-dv3bpt8_s8,https://vidsrc.to/embed/movie/10134
4581,117,5_kuWCNT258,https://vidsrc.to/embed/movie/21291
4583,98,mAbceeQ9a0E,https://vidsrc.to/embed/movie/30352
4584,114,RWIlihA-DBo,https://vidsrc.to/embed/movie/15142
4585,113,BNjSr8QIFIE,https://vidsrc.to/embed/movie/14550
4587,100,UYelLENqNzA,https://vidsrc.to/embed/movie/2210
4589,95,1nXj8RkP7xQ,https://vidsrc.to/embed/movie/21721
4591,107,Gdq8u9lTdlA,https://vidsrc.to/embed/movie/11828
4593,110,v_M1fSXfDyg,https://vidsrc.to/embed/movie/10551
4594,117,iXwdnHQ86qk,https://vidsrc.to/embed/movie/20713
4595,127,IgdiGI2RbNA,https://vidsrc.to/embed/movie/27461
4597,106,PnA7p1LXtUc,https://vidsrc.to/embed/movie/1380
4599,108,ueSrpfNoIwk,https://vidsrc.to/embed/movie/11465
4600,109,fIiOpQrvbxU,https://vidsrc.to/embed/movie/17190
4602,116,tshPOSIouEw,https://vidsrc.to/embed/movie/9085
4603,94,VVszRIBAT8A,https://vidsrc.to/embed/movie/17819
4605,95,OpfQ_6iL1rg,https://vidsrc.to/embed/movie/14776
4608,113,MFqQ42aiMuo,https://vidsrc.to/embed/movie/29185
4610,97,OM_gar5LzNA,https://vidsrc.to/embed/movie/32059
4611,94,8Nq5er9hq9g,https://vidsrc.to/embed/movie/505
4612,119,,https://vidsrc.to/embed/movie/4486
4613,101,m8lk5PWFUKQ,https://vidsrc.to/embed/movie/10345
4614,98,H6Yxw4gxfpI,https://vidsrc.to/embed/movie/10222
4615,103,tYZxzZ-25wo,https://vidsrc.to/embed/movie/12774
4616,108,evA9nkdOhKU,https://vidsrc.to/embed/movie/14621
4617,90,qQetzM5zJus,https://vidsrc.to/embed/movie/19118
4619,102,t_J3AIv39pI,https://vidsrc.to/embed/movie/15138
4621,96,,https://vidsrc.to/embed/movie/9494
4622,99,3WL36Bmvu4A,https://vidsrc.to/embed/movie/17362
4623,107,E7ESB7xkJYU,https://vidsrc.to/embed/movie/9942
4624,93,x59X-xp9GiY,https://vidsrc.to/embed/movie/8216
4625,105,S0k8xDtHnNM,https://vidsrc.to/embed/movie/4296
4626,88,PtaM2hFve_o,https://vidsrc.to/embed/movie/24739
4628,124,mqNoTUstmDc,https://vidsrc.to/embed/movie/9686
4629,108,hHWC5Kvl3-c,https://vidsrc.to/embed/movie/27418
4630,93,H7vx5iVDnYY,https://vidsrc.to/embed/movie/39002
4632,108,fuxCToaPa7Y,https://vidsrc.to/embed/movie/31606
4634,89,2Kx5Ex3848k,https://vidsrc.to/embed/movie/37146
4635,122,I5P2UWe-c1I,https://vidsrc.to/embed/movie/20006
4636,89,WvcieGlrp68,https://vidsrc.to/embed/movie/8867
4638,92,FBRWNdXpG1g,https://vidsrc.to/embed/movie/331
4639,102,nE1ONQjgqqg,https://vidsrc.to/embed/movie/11467
4640,113,NIGH6d5VVi8,https://vidsrc.to/embed/movie/327
4641,111,PXD5GtKF2Dc,https://vidsrc.to/embed/movie/1548
4642,95,j9LxKv7ZkRo,https://vidsrc.to/embed/movie/13403
4643,120,h2yzzzfLSeE,https://vidsrc.to/embed/movie/869
4644,114,JVWLl6TBS1Q,https://vidsrc.to/embed/movie/552
4645,111,pv91E5L6_Tw,https://vidsrc.to/embed/movie/36095
4646,91,lzvwH5EhNTI,https://vidsrc.to/embed/movie/33379
4649,97,RByrRpURS5s,https://vidsrc.to/embed/movie/2171
4653,102,4QBKBEKMzAw,https://vidsrc.to/embed/movie/41946
4654,114,xbN9m-1vIZc,https://vidsrc.to/embed/movie/10135
4658,122,qcw8aCoddX8,https://vidsrc.to/embed/movie/19236
4660,95,8DBH2aRrNYQ,https://vidsrc.to/embed/movie/60276
4661,113,a1ovghcj8v4,https://vidsrc.to/embed/movie/12150
4662,102,_Zz2kM7nbGQ,https://vidsrc.to/embed/movie/11185
4663,97,w78WXzG8lug,https://vidsrc.to/embed/movie/47045
4666,97,TBTMP1s32E0,https://vidsrc.to/embed/movie/12478
4670,89,V2qnxSgGaOM,https://vidsrc.to/embed/movie/25155
4671,100,o8JJdI-Yziw,https://vidsrc.to/embed/movie/65015
4672,92,NvTWeC6paas,https://vidsrc.to/embed/movie/24077
4673,104,DoacpCpBptU,https://vidsrc.to/embed/movie/9618
4675,96,xnfkn6_bR7g,https://vidsrc.to/embed/movie/31608
4676,106,rWn0IWPTOHs,https://vidsrc.to/embed/movie/22102
4677,99,kwUgKPZvuMw,https://vidsrc.to/embed/movie/6951
4678,97,3M8m6GllnG8,https://vidsrc.to/embed/movie/11959
4679,100,_9A0FGHHFtw,https://vidsrc.to/embed/movie/2616
4681,116,CU-kRUErQdQ,https://vidsrc.to/embed/movie/249
4683,100,P8DHtumRAtY,https://vidsrc.to/embed/movie/183
4686,97,ZlCADShkhjk,https://vidsrc.to/embed/movie/8494
4687,98,Wz3mBlGrblA,https://vidsrc.to/embed/movie/26535
4688,101,a6MxdjqPfM8,https://vidsrc.to/embed/movie/41784
4689,112,0-DW3saLTSI,https://vidsrc.to/embed/movie/27431
4690,130,UNI2e07-aD4,https://vidsrc.to/embed/movie/2148
4695,126,BNUWm7DSFWI,https://vidsrc.to/embed/movie/31941
4697,91,xvutcosVML0,https://vidsrc.to/embed/movie/27813
4699,116,HF0eg5YAFIs,https://vidsrc.to/embed/movie/2057
4700,115,2CkcwPi20ms,https://vidsrc.to/embed/movie/9880
4701,90,SCTzYY95Aw4,https://vidsrc.to/embed/movie/5175
4704,157,twlWGH9jmjc,https://vidsrc.to/embed/movie/11385
4708,116,Sdeg5j8UMxA,https://vidsrc.to/embed/movie/44258
4709,164,B0idoJnBAvk,https://vidsrc.to/embed/movie/20391
4710,100,kIRKnR5xvHo,https://vidsrc.to/embed/movie/12584
4711,83,fAOpVAHwLic,https://vidsrc.to/embed/movie/70042
4713,103,0XNVQ4ILPBA,https://vidsrc.to/embed/movie/11542
4714,115,ZHto8p6qIDg,https://vidsrc.to/embed/movie/17169
4715,105,xu6SSKqK3Pw,https://vidsrc.to/embed/movie/39176
4717,95,4wohGrgSCes,https://vidsrc.to/embed/movie/19267
4718,111,ntxIBzJ0tU8,https://vidsrc.to/embed/movie/2770
4720,101,GekkoBitLvM,https://vidsrc.to/embed/movie/1933
4721,94,tJMUjVG6ZRg,https://vidsrc.to/embed/movie/13496
4723,101,1BgxNWvx36c,https://vidsrc.to/embed/movie/24936
4725,100,4s-5eJq47bY,https://vidsrc.to/embed/movie/10972
4727,131,M3lLNzTSRPo,https://vidsrc.to/embed/movie/1722
4728,112,OY2S_kY2KWU,https://vidsrc.to/embed/movie/9896
4732,84,O1_W2zfCSXo,https://vidsrc.to/embed/movie/9683
4733,103,_XQ_jlkWP7Y,https://vidsrc.to/embed/movie/2779
4734,104,HjDSFna_LXQ,https://vidsrc.to/embed/movie/2294
4735,98,XbmFwk8n0f0,https://vidsrc.to/embed/movie/10016
4736,104,xRP55WJQ4CI,https://vidsrc.to/embed/movie/26602
4738,110,Ew0ALiiBmlg,https://vidsrc.to/embed/movie/22230
4740,104,fZbBbHXbYdQ,https://vidsrc.to/embed/movie/13966
4741,106,_Jab2Cjst-k,https://vidsrc.to/embed/movie/742
4744,90,ACMqG1WdPQk,https://vidsrc.to/embed/movie/8922
4745,95,sxp0Z5W0Vxw,https://vidsrc.to/embed/movie/11065
4748,96,jF_9prQFtik,https://vidsrc.to/embed/movie/16314
4749,93,,https://vidsrc.to/embed/movie/18885
4750,85,MggyCCD1HFg,https://vidsrc.to/embed/movie/40508
4754,93,MXq-NuS24fg,https://vidsrc.to/embed/movie/16307
4756,104,gFnSmS-SUXQ,https://vidsrc.to/embed/movie/11370
4757,105,ZpSUqTJ7X6g,https://vidsrc.to/embed/movie/12508
4759,90,3sV3omf67jY,https://vidsrc.to/embed/movie/25462
4765,97,XeiQT_7x4YQ,https://vidsrc.to/embed/movie/18734
4766,101,Wo-AIekMOGg,https://vidsrc.to/embed/movie/44321
4769,122,J6asjV9r41s,https://vidsrc.to/embed/movie/58062
4770,107,6wknrgJlv_Y,https://vidsrc.to/embed/movie/2176
4771,106,63OFSv2LGlU,https://vidsrc.to/embed/movie/20857
4772,99,_oE-HFYGduU,https://vidsrc.to/embed/movie/22617
4773,88,,https://vidsrc.to/embed/movie/75386
4774,85,os-iPdjKgMs,https://vidsrc.to/embed/movie/2185
4776,122,VQ-SCoyUwfg,https://vidsrc.to/embed/movie/2034
4780,90,v2xN_6VOMNA,https://vidsrc.to/embed/movie/48834
4782,107,FHVpgT0UuDg,https://vidsrc.to/embed/movie/31016
4783,97,2QrNlbcz7XE,https://vidsrc.to/embed/movie/32567
4785,106,nMrhQp35uUo,https://vidsrc.to/embed/movie/9028
4786,95,ySuvaB3h2G4,https://vidsrc.to/embed/movie/16180
4787,99,k4CSE7hsNC4,https://vidsrc.to/embed/movie/11521
4788,142,,https://vidsrc.to/embed/movie/21028
4789,92,ULldW6fU7Vw,https://vidsrc.to/embed/movie/27327
4792,85,XokuP7uN4kU,https://vidsrc.to/embed/movie/29756
4794,107,58UOa2b29tc,https://vidsrc.to/embed/movie/20115
4795,118,4OGjiL7dDio,https://vidsrc.to/embed/movie/30295
4796,104,KIRHjiBCut4,https://vidsrc.to/embed/movie/25767
4798,100,USltTQ_WHRY,https://vidsrc.to/embed/movie/22874
4799,192,Oly0EY47Ht4,https://vidsrc.to/embed/movie/11576
4800,80,,https://vidsrc.to/embed/movie/43860
4801,117,d_Lfa4jyTCI,https://vidsrc.to/embed/movie/43802
4802,124,oBlytcK7GbQ,https://vidsrc.to/embed/movie/9660
4803,102,6Y9J7QjN1gg,https://vidsrc.to/embed/movie/15393
4804,136,TL9cIQhEJqU,https://vidsrc.to/embed/movie/248
4808,109,GS_s9bYYM0k,https://vidsrc.to/embed/movie/1644
4809,131,iNyrSR5JGh8,https://vidsrc.to/embed/movie/12502
4810,96,yIWJrd4Ybcs,https://vidsrc.to/embed/movie/66092
4811,120,7bIYnHj-OKA,https://vidsrc.to/embed/movie/10373
4812,107,ISPHII9F1nQ,https://vidsrc.to/embed/movie/13766
4813,83,7jP2l9Ya3RY,https://vidsrc.to/embed/movie/16380
4814,113,aHASWXlET04,https://vidsrc.to/embed/movie/12103
4815,101,l8yfW7LHYbk,https://vidsrc.to/embed/movie/11313
4816,89,YtQq0T3ExLs,https://vidsrc.to/embed/movie/9398
4818,93,,https://vidsrc.to/embed/movie/45864
4821,97,udKUOQ2czWg,https://vidsrc.to/embed/movie/10866
4822,86,mlqumn2XTYQ,https://vidsrc.to/embed/movie/34549
4823,90,xgwn8UqU2aY,https://vidsrc.to/embed/movie/9778
4825,101,iHikpCDL2_I,https://vidsrc.to/embed/movie/58429
4826,113,D911lxh4tm0,https://vidsrc.to/embed/movie/16121
4827,82,ouwyN4NSGJI,https://vidsrc.to/embed/movie/40220
4828,110,gKCCz59QtVE,https://vidsrc.to/embed/movie/166
4830,125,-eVzHtmJR7g,https://vidsrc.to/embed/movie/1623
4831,124,fU21LKlfrmA,https://vidsrc.to/embed/movie/40932
4833,107,UwUI7d5TgGA,https://vidsrc.to/embed/movie/13550
4835,125,UFPqPSQoZFE,https://vidsrc.to/embed/movie/16769
4836,123,xRo17th3osE,https://vidsrc.to/embed/movie/42158
4840,131,0N2BfFD1QTo,https://vidsrc.to/embed/movie/1716
4844,123,JuyNQxwWI7Y,https://vidsrc.to/embed/movie/3172
4845,86,-LlHmJ3xqHM,https://vidsrc.to/embed/movie/17708
4846,90,B9-OQqbVkU8,https://vidsrc.to/embed/movie/12780
4847,86,S7K2ZRuwBgg,https://vidsrc.to/embed/movie/570
4848,147,3oa64ktrwKY,https://vidsrc.to/embed/movie/1018
4850,90,VKx5woiP6-4,https://vidsrc.to/embed/movie/16767
4852,97,8Z8Srxaoi48,https://vidsrc.to/embed/movie/11380
4855,102,K6Vi1VurN9s,https://vidsrc.to/embed/movie/984
4857,181,2EIHYqVFguw,https://vidsrc.to/embed/movie/14811
4860,105,-4hdQUQ5VrA,https://vidsrc.to/embed/movie/55727
4862,116,5rEuC5Mx_gY,https://vidsrc.to/embed/movie/9585
4863,98,jlNnzoOiFq8,https://vidsrc.to/embed/movie/14267
4864,95,u6Idx19GVuw,https://vidsrc.to/embed/movie/45929
4865,122,7gJQRKQjvrU,https://vidsrc.to/embed/movie/768
4866,131,THWd2Qtp_mo,https://vidsrc.to/embed/movie/2100
4867,131,iCxojElPnbg,https://vidsrc.to/embed/movie/11091
4871,106,hNqrjzUhibc,https://vidsrc.to/embed/movie/18192
4873,101,edrGozs6W_I,https://vidsrc.to/embed/movie/9081
4874,120,YV5s07zI-Bg,https://vidsrc.to/embed/movie/167
4876,91,Xj1LWNgG0Ng,https://vidsrc.to/embed/movie/9378
4877,84,0xLxgJ5uErI,https://vidsrc.to/embed/movie/27444
4878,114,71RaE7JYTUU,https://vidsrc.to/embed/movie/141
4879,86,-xQSEm5KUIk,https://vidsrc.to/embed/movie/10034
4880,125,QlAXZclowmI,https://vidsrc.to/embed/movie/11457
4881,116,vjO8u_9CqXI,https://vidsrc.to/embed/movie/10778
4883,133,,https://vidsrc.to/embed/movie/67385
4885,89,NZo72VgUAik,https://vidsrc.to/embed/movie/11456
4886,92,GnuQH_ASzu8,https://vidsrc.to/embed/movie/585
4887,87,LfeIezSuRj4,https://vidsrc.to/embed/movie/10796
4888,87,JVSUQLGoYZ0,https://vidsrc.to/embed/movie/23949
4889,107,Yjmy0TcpDtA,https://vidsrc.to/embed/movie/11088
4890,114,YGaqlO9bClk,https://vidsrc.to/embed/movie/9889
4893,97,2oC4QJtPMH0,https://vidsrc.to/embed/movie/45964
4898,95,R3nyKA7N6to,https://vidsrc.to/embed/movie/20794
4899,95,lw7dzS8UJ4Q,https://vidsrc.to/embed/movie/11469
4901,126,S7m6SWDODMA,https://vidsrc.to/embed/movie/1535
4902,108,RZi4geYuSNE,https://vidsrc.to/embed/movie/1433
4909,88,YeOsjN5cZWo,https://vidsrc.to/embed/movie/12472
4911,105,9CLlFk97FBk,https://vidsrc.to/embed/movie/11834
4912,155,qzOFC4XiqL0,https://vidsrc.to/embed/movie/16085
4914,90,UoICuMPOWrk,https://vidsrc.to/embed/movie/269
4915,118,j3FCM5UVsKU,https://vidsrc.to/embed/movie/16441
4916,132,WjofsqGsDvY,https://vidsrc.to/embed/movie/11422
4917,130,JVPxkMnQ-lM,https://vidsrc.to/embed/movie/31037
4919,104,UdpLg2NHIco,https://vidsrc.to/embed/movie/10656
4920,117,0cr2sS2WN7w,https://vidsrc.to/embed/movie/32847
4921,115,LQLLijJevd8,https://vidsrc.to/embed/movie/39938
4925,92,6OKbUnfU6Zs,https://vidsrc.to/embed/movie/14584
4926,97,,https://vidsrc.to/embed/movie/58886
4927,106,yQkgXsTqzuY,https://vidsrc.to/embed/movie/72277
4928,103,3-6OUqQk-SM,https://vidsrc.to/embed/movie/5781
4929,102,4mjqWFB_tBI,https://vidsrc.to/embed/movie/23805
4936,133,gUepLHaY760,https://vidsrc.to/embed/movie/3537
4939,103,Mj7__CKqF7k,https://vidsrc.to/embed/movie/8738
4941,111,f31Je2x4gjE,https://vidsrc.to/embed/movie/3604
4942,83,g4KueAXMQIk,https://vidsrc.to/embed/movie/6974
4945,96,ocz7A2B9H-c,https://vidsrc.to/embed/movie/10649
4946,106,pN75wRRkT4s,https://vidsrc.to/embed/movie/42566
4947,109,Ws3mkfSkvYo,https://vidsrc.to/embed/movie/17689
4951,91,1nqycSp77MY,https://vidsrc.to/embed/movie/10847
4952,90,kZy6jOBqY84,https://vidsrc.to/embed/movie/33525
4953,90,L3buYepzl5o,https://vidsrc.to/embed/movie/27591
4954,127,3jmPXPBzmBo,https://vidsrc.to/embed/movie/299
4956,131,YLpgCcoixlY,https://vidsrc.to/embed/movie/42160
4957,117,8AnAgwxJk0Y,https://vidsrc.to/embed/movie/10650
4958,106,Ca5GkkEk0kI,https://vidsrc.to/embed/movie/8007
4959,118,g45P9vNp5Mc,https://vidsrc.to/embed/movie/19076
4961,80,CGa5ZOqvjNQ,https://vidsrc.to/embed/movie/50562
4962,90,BTwLLnBbot0,https://vidsrc.to/embed/movie/13503
4963,116,n3epi9hPbqQ,https://vidsrc.to/embed/movie/161
4964,90,T5UGItdsqUI,https://vidsrc.to/embed/movie/43774
4966,81,e5RsQ6qsaZU,https://vidsrc.to/embed/movie/31682
4967,98,Ypsnv50Af_I,https://vidsrc.to/embed/movie/8342
4969,98,l7W5i1KstHw,https://vidsrc.to/embed/movie/4886
4970,108,Lw6GJiGNO74,https://vidsrc.to/embed/movie/228
4971,115,FMhEwdbhrYc,https://vidsrc.to/embed/movie/23111
4973,122,555A7T_kmIc,https://vidsrc.to/embed/movie/194
4974,89,f1sbQf58B50,https://vidsrc.to/embed/movie/11397
4975,136,rRUnUbVB-eU,https://vidsrc.to/embed/movie/1903
4976,91,9NUbiDJiglA,https://vidsrc.to/embed/movie/11889
4978,121,8ayPrLsBs_w,https://vidsrc.to/embed/movie/9523
4979,110,-DNAI9bhBFU,https://vidsrc.to/embed/movie/9428
4980,93,BSZgn-LLmak,https://vidsrc.to/embed/movie/1649
4981,96,,https://vidsrc.to/embed/movie/11938
4985,117,9Vroml-GvR8,https://vidsrc.to/embed/movie/24264
4987,90,z351Gqxiv8E,https://vidsrc.to/embed/movie/26978
4988,90,_QBmRr7h7Fw,https://vidsrc.to/embed/movie/19209
4990,83,Njf8U5SnM4w,https://vidsrc.to/embed/movie/12589
4991,99,dBV0ceh2ON0,https://vidsrc.to/embed/movie/12312
4992,118,lFJywpD2PU4,https://vidsrc.to/embed/movie/11232
4993,179,_nZdmwHrcnw,https://vidsrc.to/embed/movie/120
4994,152,zbI-IVRinK4,https://vidsrc.to/embed/movie/11086
4995,135,yC2VpkVMtXY,https://vidsrc.to/embed/movie/453
4998,96,wRWvcpX4xag,https://vidsrc.to/embed/movie/11414
5004,99,PhZGIw27dfE,https://vidsrc.to/embed/movie/10794
5007,119,WFiAWWwh168,https://vidsrc.to/embed/movie/5052
5008,116,GMlJfiA2u7Y,https://vidsrc.to/embed/movie/37257
5009,157,Gej0ngCyHf4,https://vidsrc.to/embed/movie/8489
5010,145,V1UV3Vj4z0w,https://vidsrc.to/embed/movie/855
5011,121,dGrZhlkfA2w,https://vidsrc.to/embed/movie/12660
5013,137,o0m00hg1PKY,https://vidsrc.to/embed/movie/5279
5014,132,z_AguDqCBvo,https://vidsrc.to/embed/movie/10950
5015,113,s7W-zEsFjMM,https://vidsrc.to/embed/movie/1365
5016,111,8x1z8IK-L0U,https://vidsrc.to/embed/movie/6440
5021,94,BqJaaQ1ts_U,https://vidsrc.to/embed/movie/6037
5023,106,SZL7L26F66Q,https://vidsrc.to/embed/movie/61418
5025,82,DigaxGStjC8,https://vidsrc.to/embed/movie/11857
5026,151,xGINKIKO0nc,https://vidsrc.to/embed/movie/6312
5027,95,P1hd6ceyOfY,https://vidsrc.to/embed/movie/11595
5028,116,zoQCaJf5W-c,https://vidsrc.to/embed/movie/24166
5033,118,jjc45BEvnHY,https://vidsrc.to/embed/movie/10170
5034,106,OU1dRWJmBRs,https://vidsrc.to/embed/movie/18317
5039,108,vWVJr7JbJZc,https://vidsrc.to/embed/movie/848
5040,103,lpUb4tBnWPA,https://vidsrc.to/embed/movie/9610
5041,82,Q7wjqtTnegE,https://vidsrc.to/embed/movie/15035
5046,102,Vh6xFG7l8ss,https://vidsrc.to/embed/movie/4965
5047,81,GXrAYdSeWY8,https://vidsrc.to/embed/movie/11891
5048,99,g8OgyRrNL1A,https://vidsrc.to/embed/movie/11888
5049,96,tzzKUTQVXSM,https://vidsrc.to/embed/movie/150
5051,118,S0I4l3J9ljA,https://vidsrc.to/embed/movie/112
5053,96,r4sNVsTp500,https://vidsrc.to/embed/movie/20678
5054,106,zHh2lBp8pjw,https://vidsrc.to/embed/movie/15050
5055,119,64Fi-X_74gQ,https://vidsrc.to/embed/movie/10423
5059,77,edxvznzklCA,https://vidsrc.to/embed/movie/57976
5060,116,62R01V7tV-M,https://vidsrc.to/embed/movie/651
5062,107,65OnfXgxvXU,https://vidsrc.to/embed/movie/20620
5063,141,R41AHe59UiU,https://vidsrc.to/embed/movie/18647
5064,131,TsQnK5_5VSk,https://vidsrc.to/embed/movie/11362
5065,119,Yt42df3AscE,https://vidsrc.to/embed/movie/2637
5066,102,Kq02sBe5xko,https://vidsrc.to/embed/movie/10229
5068,113,wpHgZgFBfJ0,https://vidsrc.to/embed/movie/12659
5071,87,xX153pGDQYw,https://vidsrc.to/embed/movie/35650
5072,107,XxQeZAJZl0g,https://vidsrc.to/embed/movie/9606
5073,99,9WZQ5641lFs,https://vidsrc.to/embed/movie/11447
5074,87,eJGhPooHcfg,https://vidsrc.to/embed/movie/16550
5076,108,cS9-HeIUa-M,https://vidsrc.to/embed/movie/34723
5077,109,XV2__mru5g0,https://vidsrc.to/embed/movie/31674
5080,86,,https://vidsrc.to/embed/movie/20009
5081,93,QZsi-SQmljI,https://vidsrc.to/embed/movie/2084
5083,99,Wlxkqa66dXA,https://vidsrc.to/embed/movie/74692
5088,117,E9RA83poDVI,https://vidsrc.to/embed/movie/4031
5092,88,bpc2wgc_b3E,https://vidsrc.to/embed/movie/11870
5093,108,YywOMlbqLPo,https://vidsrc.to/embed/movie/9884
5094,98,uFWFEoK9Yz8,https://vidsrc.to/embed/movie/11535
5095,104,hiF-ftELdv0,https://vidsrc.to/embed/movie/27593
5096,99,CopsAJVGSBs,https://vidsrc.to/embed/movie/11212
5099,88,,https://vidsrc.to/embed/movie/28345
5102,103,8XyXypaFO4c,https://vidsrc.to/embed/movie/21845
5103,101,52yV9dSzV1E,https://vidsrc.to/embed/movie/11528
5105,110,BI9bYR0SoMs,https://vidsrc.to/embed/movie/931
5107,125,TcRuFgqFLrA,https://vidsrc.to/embed/movie/10592
5108,116,-29JK-UA4E0,https://vidsrc.to/embed/movie/8470
5109,72,e44-lodp6vY,https://vidsrc.to/embed/movie/16690
5110,100,KgHziCX4Kjc,https://vidsrc.to/embed/movie/39939
5111,87,_gHxeAadqOs,https://vidsrc.to/embed/movie/9272
5112,109,wut-VoNdzgs,https://vidsrc.to/embed/movie/14778
5113,108,MrQl0VsQYtw,https://vidsrc.to/embed/movie/19137
5114,118,S0HFD8sZXEM,https://vidsrc.to/embed/movie/32499
5116,118,xs3V6kqaNHo,https://vidsrc.to/embed/movie/33668
5121,108,2Wxbkm2TJQg,https://vidsrc.to/embed/movie/11698
5127,104,_fglzCnPlec,https://vidsrc.to/embed/movie/10052
5128,101,2Gu9HtN05sc,https://vidsrc.to/embed/movie/11979
5131,107,,https://vidsrc.to/embed/movie/13791
5134,99,NNXrZCPU5uc,https://vidsrc.to/embed/movie/9991
5136,91,43G7rai6rVk,https://vidsrc.to/embed/movie/44340
5137,92,G_u7s8NDz9o,https://vidsrc.to/embed/movie/18984
5139,102,rdqJs5-N1-A,https://vidsrc.to/embed/movie/23479
5147,91,EwMgTyVbCS0,https://vidsrc.to/embed/movie/614
5155,96,F10ZbOa-B0k,https://vidsrc.to/embed/movie/22910
5156,95,vFlEUyZh0d4,https://vidsrc.to/embed/movie/42517
5159,76,Dzqyc95zcxo,https://vidsrc.to/embed/movie/13225
5168,93,vApZ6LWuTc4,https://vidsrc.to/embed/movie/18646
5171,96,pC6Z6MGQr14,https://vidsrc.to/embed/movie/2135
5177,88,ylPT4SV8WDE,https://vidsrc.to/embed/movie/965
5178,105,,https://vidsrc.to/embed/movie/33135
5181,97,FZcKECFYAw4,https://vidsrc.to/embed/movie/54287
5187,104,NX-TqWefqRQ,https://vidsrc.to/embed/movie/32030
5189,80,agKmgOf_HMQ,https://vidsrc.to/embed/movie/29343
5197,95,CZgwXFJSQ90,https://vidsrc.to/embed/movie/27458
5198,114,aCp2dY6X_Qg,https://vidsrc.to/embed/movie/14807
5202,126,,https://vidsrc.to/embed/movie/39543
5205,102,kcygA81gp9I,https://vidsrc.to/embed/movie/30924
5212,104,,https://vidsrc.to/embed/movie/24825
5213,94,3xi85-hb_J0,https://vidsrc.to/embed/movie/38147
5214,98,rEbM3tjV-3Y,https://vidsrc.to/embed/movie/24032
5218,81,i4noiCRJRoE,https://vidsrc.to/embed/movie/425
5219,100,HhBAIDHvRTc,https://vidsrc.to/embed/movie/1576
5220,95,dIkaeFfkYEw,https://vidsrc.to/embed/movie/5851
5221,130,jX6driW3KdU,https://vidsrc.to/embed/movie/25014
5222,97,NaPqnezhXT8,https://vidsrc.to/embed/movie/15647
5224,106,9Ryzl0CE5fc,https://vidsrc.to/embed/movie/38880
5225,106,inc0vS58ZKg,https://vidsrc.to/embed/movie/1391
5226,91,iOKk79bzSdM,https://vidsrc.to/embed/movie/18172
5231,82,pV4d0aLVFKc,https://vidsrc.to/embed/movie/31805
5237,126,Ob2DIURBXts,https://vidsrc.to/embed/movie/10627
5238,104,,https://vidsrc.to/embed/movie/42750
5240,96,,https://vidsrc.to/embed/movie/259557
5241,102,kw9TPR93kPk,https://vidsrc.to/embed/movie/28124
5244,85,ZxAPEyzcCtU,https://vidsrc.to/embed/movie/15119
5246,101,RdCUque5H2M,https://vidsrc.to/embed/movie/12705
5247,96,3U7j296Nxcs,https://vidsrc.to/embed/movie/11006
5248,85,Tu4Ht2opvqY,https://vidsrc.to/embed/movie/15120
5250,111,1U1h0aYcXyQ,https://vidsrc.to/embed/movie/21629
5254,117,fcCQ7xk8zzM,https://vidsrc.to/embed/movie/36586
5255,93,1EX1nLDlBJM,https://vidsrc.to/embed/movie/6020
5256,91,,https://vidsrc.to/embed/movie/39541
5258,90,hagQfr1ZZpk,https://vidsrc.to/embed/movie/18292
5264,94,lEXdtmjr66w,https://vidsrc.to/embed/movie/15028
5265,109,jEoMWIxDdNA,https://vidsrc.to/embed/movie/9275
5266,111,3niiZKd74oQ,https://vidsrc.to/embed/movie/4547
5267,127,,https://vidsrc.to/embed/movie/14635
5268,102,SB-Qk7pVMsM,https://vidsrc.to/embed/movie/29135
5269,131,Z-frdy3mYHo,https://vidsrc.to/embed/movie/1791
5272,134,DD92g1aierE,https://vidsrc.to/embed/movie/35651
5275,88,ZZl1WHkVlec,https://vidsrc.to/embed/movie/22784
5278,94,kQ5hMDWDVtU,https://vidsrc.to/embed/movie/24585
5279,107,b4rUHTrewuY,https://vidsrc.to/embed/movie/17990
5282,115,FD51I774-TQ,https://vidsrc.to/embed/movie/11560
5283,92,qShNioFXXwM,https://vidsrc.to/embed/movie/11452
5284,112,rKcMHPbHbTE,https://vidsrc.to/embed/movie/18435
5285,107,NStGkCjDOBY,https://vidsrc.to/embed/movie/35944
5288,86,AymBFIo2-sM,https://vidsrc.to/embed/movie/26851
5292,123,vW67agGgWAM,https://vidsrc.to/embed/movie/11590
5294,100,HUfNR_7YxQE,https://vidsrc.to/embed/movie/12149
5296,84,5sA8dpA3gig,https://vidsrc.to/embed/movie/11812
5297,114,jy9SS59oQFQ,https://vidsrc.to/embed/movie/35080
5298,96,WM7cm69eZNE,https://vidsrc.to/embed/movie/441
5299,95,O2mecmDFE-Q,https://vidsrc.to/embed/movie/8346
5300,92,G1St5Q6G2qM,https://vidsrc.to/embed/movie/14168
5303,102,Rqwz4LA_asM,https://vidsrc.to/embed/movie/2565
5304,104,JM_KpDmdF98,https://vidsrc.to/embed/movie/307
5307,108,WPxDbbHw6lw,https://vidsrc.to/embed/movie/6393
5309,104,tzwQWUYtiUE,https://vidsrc.to/embed/movie/11630
5311,83,zeyAxd9A2og,https://vidsrc.to/embed/movie/21970
5312,120,RDEAL9vbpM0,https://vidsrc.to/embed/movie/11892
5313,92,LVhw9EAAP-8,https://vidsrc.to/embed/movie/9334
5316,119,4bIBaf2MF18,https://vidsrc.to/embed/movie/10491
5319,114,M9Les56e22c,https://vidsrc.to/embed/movie/18079
5321,112,wjsJnLjbxYs,https://vidsrc.to/embed/movie/35337
5322,103,APjGo3jlESo,https://vidsrc.to/embed/movie/59199
5323,91,RDwYC3W-Fmc,https://vidsrc.to/embed/movie/11470
5324,103,oSlLBjwauQE,https://vidsrc.to/embed/movie/16643
5328,92,efUN6kXgNJk,https://vidsrc.to/embed/movie/69324
5333,103,1NJBRyUDeA4,https://vidsrc.to/embed/movie/26030
5334,97,n6cVm9wkmUA,https://vidsrc.to/embed/movie/10164
5337,96,ffZdSTJ7Xy4,https://vidsrc.to/embed/movie/28117
5338,95,Xg7tU0Le61M,https://vidsrc.to/embed/movie/40555
5339,108,WKg1Bq7BCHI,https://vidsrc.to/embed/movie/28384
5341,111,0EP_sAGnkGo,https://vidsrc.to/embed/movie/27094
5345,120,,https://vidsrc.to/embed/movie/56179
5346,105,SPh-q9vqGgc,https://vidsrc.to/embed/movie/5203
5347,96,EcL4cGORh7U,https://vidsrc.to/embed/movie/13201
5348,112,QKo30S3T6vI,https://vidsrc.to/embed/movie/9689
5349,121,t06RUxPbp_c,https://vidsrc.to/embed/movie/557
5353,109,w_Kfq1tlRE8,https://vidsrc.to/embed/movie/55106
5356,79,o3Mc0mgorZc,https://vidsrc.to/embed/movie/39154
5357,108,giLeHfkJeXU,https://vidsrc.to/embed/movie/24767
5358,136,9ETq5HUeG1A,https://vidsrc.to/embed/movie/33796
5361,107,nACyMvM9AR4,https://vidsrc.to/embed/movie/12227
5363,88,TcAX0e5s2d0,https://vidsrc.to/embed/movie/10985
5364,124,EfptM8xKyUI,https://vidsrc.to/embed/movie/2251
5365,129,,https://vidsrc.to/embed/movie/2894
5372,101,wKxH7aFoJn4,https://vidsrc.to/embed/movie/14117
5373,97,,https://vidsrc.to/embed/movie/38360
5375,104,mM5aNTjhxGc,https://vidsrc.to/embed/movie/28907
5377,101,xC7REp40_uc,https://vidsrc.to/embed/movie/245
5378,142,1fR7GBrdkNU,https://vidsrc.to/embed/movie/1894
5379,98,Zb--eD_XeBY,https://vidsrc.to/embed/movie/4012
5380,97,ssBUir2LG-U,https://vidsrc.to/embed/movie/9026
5382,110,aB0PFiL9QV0,https://vidsrc.to/embed/movie/15417
5384,120,TbM8CZeAR_s,https://vidsrc.to/embed/movie/28577
5385,117,jvDx5mCzkYg,https://vidsrc.to/embed/movie/13963
5388,118,emIHzg4VH8A,https://vidsrc.to/embed/movie/320
5389,83,4UzmHsy4u8s,https://vidsrc.to/embed/movie/9023
5390,88,8o8owi6-iyQ,https://vidsrc.to/embed/movie/27834
5391,104,WBXcpxEdeE0,https://vidsrc.to/embed/movie/17734
5397,97,h0u2pOqUXFk,https://vidsrc.to/embed/movie/24008
5398,95,,https://vidsrc.to/embed/movie/53229
5401,86,lFn1SZj59x8,https://vidsrc.to/embed/movie/12277
5404,100,s7vOZTosT_w,https://vidsrc.to/embed/movie/15677
5409,95,,https://vidsrc.to/embed/movie/13153
5410,89,X1C3YB4dJnU,https://vidsrc.to/embed/movie/811
5414,116,-h8wWFqwmcA,https://vidsrc.to/embed/movie/3132
5415,116,TEgMH16DYN8,https://vidsrc.to/embed/movie/9583
5416,99,m_1qRpBF7KM,https://vidsrc.to/embed/movie/18408
5417,172,Z9mrR0hu-Eo,https://vidsrc.to/embed/movie/13245
5418,119,PGKK5wACwrU,https://vidsrc.to/embed/movie/2501
5419,87,lh6v23z6iek,https://vidsrc.to/embed/movie/9637
5420,134,BfI-vfxEN3U,https://vidsrc.to/embed/movie/12100
5421,104,kWtJpUCxU4Y,https://vidsrc.to/embed/movie/16857
5422,107,EbTw5pNyudQ,https://vidsrc.to/embed/movie/52258
5424,99,CidMaD84sjc,https://vidsrc.to/embed/movie/27451
5425,112,AJTz9VozSYI,https://vidsrc.to/embed/movie/15813
5427,91,82tGAgBUsUU,https://vidsrc.to/embed/movie/18905
5428,91,P6AZLL1xF9Y,https://vidsrc.to/embed/movie/14774
5433,95,n1dClCykQys,https://vidsrc.to/embed/movie/17898
5434,89,dj3-yqaXY_c,https://vidsrc.to/embed/movie/21635
5435,111,24ZKMRSutuM,https://vidsrc.to/embed/movie/27945
5437,118,fEcwt0U6BYM,https://vidsrc.to/embed/movie/30194
5438,99,uNuMbGYPVXA,https://vidsrc.to/embed/movie/10169
5442,89,Qh2OhB_DXXI,https://vidsrc.to/embed/movie/41805
5444,85,wAtaSKQ4-T0,https://vidsrc.to/embed/movie/11544
5446,94,n58yQzd6QlY,https://vidsrc.to/embed/movie/9555
5447,141,6jvyCKitGB4,https://vidsrc.to/embed/movie/57022
5448,76,COSIdSl9mrU,https://vidsrc.to/embed/movie/17710
5449,97,ASw47FiEhes,https://vidsrc.to/embed/movie/2022
5450,92,B-rUuqyeObI,https://vidsrc.to/embed/movie/50035
5451,118,7XaPgf3yg_o,https://vidsrc.to/embed/movie/9719
5452,96,S-oJ1D5aZcM,https://vidsrc.to/embed/movie/11982
5454,97,WNOOafALs_w,https://vidsrc.to/embed/movie/12251
5455,103,SzHOBTbU1Xg,https://vidsrc.to/embed/movie/88818
5456,107,PfabKcoGFmE,https://vidsrc.to/embed/movie/30114
5459,88,DMHlNR6x2Sw,https://vidsrc.to/embed/movie/608
5460,74,wj_e4jWv1W8,https://vidsrc.to/embed/movie/59387
5461,107,Jk14XBjbiLg,https://vidsrc.to/embed/movie/26290
5462,90,GxNfZO--bko,https://vidsrc.to/embed/movie/17043
5463,101,NFZoDnP-1eE,https://vidsrc.to/embed/movie/6278
5464,117,LFe6arz3NcY,https://vidsrc.to/embed/movie/4147
5465,146,Kwlh-z2R8QE,https://vidsrc.to/embed/movie/16664
5466,95,PLeaPDSQG1s,https://vidsrc.to/embed/movie/14651
5468,82,vg0huIZxYso,https://vidsrc.to/embed/movie/15096
5470,95,QNi9o5HUcuU,https://vidsrc.to/embed/movie/20324
5472,141,7-u8v8nxeOI,https://vidsrc.to/embed/movie/14902
5475,122,7E3QUHUMe5I,https://vidsrc.to/embed/movie/2721
5476,89,FyvbHlMcuyA,https://vidsrc.to/embed/movie/11442
5477,128,5HtAvM7Wi68,https://vidsrc.to/embed/movie/1364
5479,138,BvHWH8xg0Rw,https://vidsrc.to/embed/movie/8665
5480,78,k--OdtbKyqE,https://vidsrc.to/embed/movie/10996
5483,93,uLatU-2Hu_E,https://vidsrc.to/embed/movie/29047
5485,79,,https://vidsrc.to/embed/movie/39141
5490,88,68dTwJNvE1E,https://vidsrc.to/embed/movie/19133
5493,114,y1Bxoar17FY,https://vidsrc.to/embed/movie/24130
5497,108,Auhb6JS6wxs,https://vidsrc.to/embed/movie/23728
5498,185,DM-0fWdlx1o,https://vidsrc.to/embed/movie/3780
5499,106,-GTXXfZR8IE,https://vidsrc.to/embed/movie/10786
5502,106,T-wgoJv9UAI,https://vidsrc.to/embed/movie/2675
5503,115,fCTZZ0gpnWU,https://vidsrc.to/embed/movie/12308
5504,100,RLkRbj8sv8E,https://vidsrc.to/embed/movie/9488
5505,93,55u2eXwbkM4,https://vidsrc.to/embed/movie/9962
5506,110,vMg7LZ-JF6I,https://vidsrc.to/embed/movie/9573
5507,124,NgPdDDzVhkA,https://vidsrc.to/embed/movie/7451
5508,117,A1Qz2x94q6A,https://vidsrc.to/embed/movie/2750
5512,105,,https://vidsrc.to/embed/movie/43772
5513,113,-Cn2F5TVaaA,https://vidsrc.to/embed/movie/20337
5521,109,kGu4TUB39lU,https://vidsrc.to/embed/movie/10081
5522,125,NE3CW_eDhd8,https://vidsrc.to/embed/movie/11484
5524,104,ljN7SEEwhmM,https://vidsrc.to/embed/movie/9266
5525,106,q-jlmaYX2n0,https://vidsrc.to/embed/movie/3640
5527,102,UP6jeq2MeUo,https://vidsrc.to/embed/movie/30072
5528,96,eWzILZ6wE9Y,https://vidsrc.to/embed/movie/9357
5529,100,yH5LUdNfKb0,https://vidsrc.to/embed/movie/12771
5530,117,HuAjeuKXX7c,https://vidsrc.to/embed/movie/9296
5531,96,AKu7CigaE3A,https://vidsrc.to/embed/movie/15070
5532,87,,https://vidsrc.to/embed/movie/26942
5537,100,,https://vidsrc.to/embed/movie/97447
5538,76,Sc3zCd-5yxg,https://vidsrc.to/embed/movie/11243
5539,76,0KSMd_DYDvc,https://vidsrc.to/embed/movie/19975
5540,118,ojw1sau98Jg,https://vidsrc.to/embed/movie/10323
5541,85,sWjXE3fljtk,https://vidsrc.to/embed/movie/9595
5543,116,Q1UjsSY0BFI,https://vidsrc.to/embed/movie/46878
5544,112,GyM_8Al0_yw,https://vidsrc.to/embed/movie/24750
5548,103,q3OHpuHpl9c,https://vidsrc.to/embed/movie/9941
5550,89,KeJrX8wG51I,https://vidsrc.to/embed/movie/39833
5553,116,EJTsQLUmvvQ,https://vidsrc.to/embed/movie/10859
5556,101,gZDIWcAV93k,https://vidsrc.to/embed/movie/9544
5560,95,,https://vidsrc.to/embed/movie/31514
5562,113,,https://vidsrc.to/embed/movie/26056
5563,108,ssQu16utnR8,https://vidsrc.to/embed/movie/13536
5564,84,W-RGVruG7Y0,https://vidsrc.to/embed/movie/20616
5568,90,BMVW8y8o11g,https://vidsrc.to/embed/movie/16806
5569,84,qR8xh10jg-k,https://vidsrc.to/embed/movie/15516
5570,125,DIrrXbhIuzI,https://vidsrc.to/embed/movie/9299
5572,102,pECEp1iOh-k,https://vidsrc.to/embed/movie/10611
5573,85,mmJD7_ueDLc,https://vidsrc.to/embed/movie/12770
5574,92,0poXFSvX0_4,https://vidsrc.to/embed/movie/4108
5575,103,YO_gZvGMwqs,https://vidsrc.to/embed/movie/55903
5577,97,TiixYclELs8,https://vidsrc.to/embed/movie/9685
5580,113,aMZ0f1hywBg,https://vidsrc.to/embed/movie/16370
5581,94,umn4udQPlw4,https://vidsrc.to/embed/movie/18913
5582,100,VaTCVWnjcK8,https://vidsrc.to/embed/movie/14361
5584,81,z4zNSx42aEo,https://vidsrc.to/embed/movie/18943
5585,91,daxX6NY1tVM,https://vidsrc.to/embed/movie/32685
5588,90,zFVpBiVymTU,https://vidsrc.to/embed/movie/12262
5589,97,lqxylqQXsh4,https://vidsrc.to/embed/movie/33506
5590,110,Z1rmTT-4vzs,https://vidsrc.to/embed/movie/29515
5591,96,7z9ERLpWD2w,https://vidsrc.to/embed/movie/41582
5596,100,,https://vidsrc.to/embed/movie/34086
5597,88,CwwXrgvzIc4,https://vidsrc.to/embed/movie/11504
5601,128,dwcGbxikkiw,https://vidsrc.to/embed/movie/19049
5602,91,TdJGho9p-wA,https://vidsrc.to/embed/movie/5506
5603,78,5jlyDZvCpCQ,https://vidsrc.to/embed/movie/32961
5604,85,NZwZ_TPR-20,https://vidsrc.to/embed/movie/32568
5609,91,Tme_SdRv2gk,https://vidsrc.to/embed/movie/10550
5610,98,N_mVkZ426vs,https://vidsrc.to/embed/movie/9034
5611,132,tQ_MrNPOzG4,https://vidsrc.to/embed/movie/9093
5612,106,lv6tJGK3kPE,https://vidsrc.to/embed/movie/9039
5613,111,N3PXi6m0UTw,https://vidsrc.to/embed/movie/1958
5614,106,k1wpI9YMmeY,https://vidsrc.to/embed/movie/23550
5615,133,QGPOFJg-t1Q,https://vidsrc.to/embed/movie/68569
5617,111,00zGV6p-dKc,https://vidsrc.to/embed/movie/11013
5618,125,GAp2_0JJskk,https://vidsrc.to/embed/movie/129
5620,108,E2ySMc4iT04,https://vidsrc.to/embed/movie/11529
5621,98,5FeOoZrWSKI,https://vidsrc.to/embed/movie/10771
5625,117,,https://vidsrc.to/embed/movie/31005
5628,94,l0BtQUa4EYI,https://vidsrc.to/embed/movie/2110
5629,82,py6CtMzy28M,https://vidsrc.to/embed/movie/15173
5630,124,zLcI8OFyNUo,https://vidsrc.to/embed/movie/9533
5632,107,ytwlJ9zJuaw,https://vidsrc.to/embed/movie/4107
5633,96,iwx-RkHjHbU,https://vidsrc.to/embed/movie/10575
5635,106,UKD-eNyW7Ao,https://vidsrc.to/embed/movie/15720
5636,86,87ry5noogGs,https://vidsrc.to/embed/movie/9260
5638,89,,https://vidsrc.to/embed/movie/1682
5643,100,be3-6V8VGrY,https://vidsrc.to/embed/movie/24348
5644,128,oT2Gs2KbI_k,https://vidsrc.to/embed/movie/19140
5646,137,3bQxJ24_EXo,https://vidsrc.to/embed/movie/37606
5649,82,BjYNUed4M00,https://vidsrc.to/embed/movie/11868
5650,90,JfUyZ6bEYGo,https://vidsrc.to/embed/movie/12921
5651,99,xDkt79gV6xQ,https://vidsrc.to/embed/movie/19953
5657,108,Y_z0FPNBeio,https://vidsrc.to/embed/movie/12719
5663,105,jPi19Vzr9vk,https://vidsrc.to/embed/movie/12590
5664,109,1cMkcfL8w5k,https://vidsrc.to/embed/movie/37964
5665,92,Am3rYXFhvV8,https://vidsrc.to/embed/movie/7501
5666,110,TUgPOO4Z5FI,https://vidsrc.to/embed/movie/1809
5667,90,rXbbAbDvifw,https://vidsrc.to/embed/movie/13768
5668,109,Qxq5P_t4uF8,https://vidsrc.to/embed/movie/10994
5669,120,AElSP38H8OE,https://vidsrc.to/embed/movie/1430
5670,82,zGjwZ3XMDes,https://vidsrc.to/embed/movie/19973
5672,80,JRDRRhRQc0M,https://vidsrc.to/embed/movie/12600
5673,96,9pG2nfxoUcs,https://vidsrc.to/embed/movie/8051
5675,89,b6nSGbvxucE,https://vidsrc.to/embed/movie/12779
5678,93,CaGy5JkZiis,https://vidsrc.to/embed/movie/1613
5679,115,CG7BAY6_hsw,https://vidsrc.to/embed/movie/565
5680,104,ZILJYV9qoxI,https://vidsrc.to/embed/movie/14112
5682,108,uGlfF3tDtaQ,https://vidsrc.to/embed/movie/15192
5684,89,4xe2a3eWuZ0,https://vidsrc.to/embed/movie/21925
5685,86,vKpDifyDIp0,https://vidsrc.to/embed/movie/30309
5688,106,NyUWgvnkLZU,https://vidsrc.to/embed/movie/20861
5689,106,3BSOLW7gDRk,https://vidsrc.to/embed/movie/12647
5690,89,QZbcx0WNrMU,https://vidsrc.to/embed/movie/12477
5693,118,L1BYS8HNDnw,https://vidsrc.to/embed/movie/11009
5694,96,wfCaqIudqbE,https://vidsrc.to/embed/movie/10805
5696,132,h3tEUBsJGPs,https://vidsrc.to/embed/movie/17496
5699,94,4HnhdJ2Fx_4,https://vidsrc.to/embed/movie/5917
5700,97,MH9uUBAQw8M,https://vidsrc.to/embed/movie/31278
5704,97,JLkhKBEO1B4,https://vidsrc.to/embed/movie/44932
5706,113,pLwjP0SRceY,https://vidsrc.to/embed/movie/30709
5707,116,bLeWVq7tQgQ,https://vidsrc.to/embed/movie/19429
5710,96,pE3gD4ihsWA,https://vidsrc.to/embed/movie/11340
5712,108,dgWfyFgEsO8,https://vidsrc.to/embed/movie/11644
5720,102,FS_sEBdUuNo,https://vidsrc.to/embed/movie/6399
5721,107,RAMz8_MoqrM,https://vidsrc.to/embed/movie/25773
5723,103,2bQZnlxd1EI,https://vidsrc.to/embed/movie/26560
5733,103,TByM-VfPOYk,https://vidsrc.to/embed/movie/31679
5735,105,TXH7T74xdIQ,https://vidsrc.to/embed/movie/12237
5736,86,,https://vidsrc.to/embed/movie/15901
5741,106,awkemUBoswM,https://vidsrc.to/embed/movie/12579
5742,98,,https://vidsrc.to/embed/movie/85058
5745,107,l-LdyHyH4MA,https://vidsrc.to/embed/movie/25113
5747,112,ngu6HDmFKZ4,https://vidsrc.to/embed/movie/11646
5755,110,GNZE2-bO96A,https://vidsrc.to/embed/movie/37936
5764,94,DsRttYmHWsk,https://vidsrc.to/embed/movie/21874
5767,110,,https://vidsrc.to/embed/movie/31407
5768,89,YeK3jIoPuhY,https://vidsrc.to/embed/movie/16471
5771,90,3TqauDE3Z2A,https://vidsrc.to/embed/movie/39874
5772,112,n7hSY0QOkII,https://vidsrc.to/embed/movie/25468
5773,95,HUO1OugYbRk,https://vidsrc.to/embed/movie/19507
5779,94,mLmnR-hHMj4,https://vidsrc.to/embed/movie/31646
5780,86,0lNlEp5qH3E,https://vidsrc.to/embed/movie/14269
5782,108,kNBcTM9so8k,https://vidsrc.to/embed/movie/1672
5784,91,_RlzNBlMQpY,https://vidsrc.to/embed/movie/9645
5785,85,dCp40n0T11Y,https://vidsrc.to/embed/movie/9012
5786,98,d9vC9gUnTTc,https://vidsrc.to/embed/movie/13098
5787,104,mkLF6Xh21G8,https://vidsrc.to/embed/movie/13440
5788,128,ALLqa_cgCFA,https://vidsrc.to/embed/movie/12454
5791,123,-CTM7FcY1LE,https://vidsrc.to/embed/movie/1360
5796,131,e_YndB3k170,https://vidsrc.to/embed/movie/12208
5797,95,Ir34SoEgik0,https://vidsrc.to/embed/movie/11905
5799,208,JMZ9bjInqwI,https://vidsrc.to/embed/movie/1941
5801,126,0ACDoxjj9WQ,https://vidsrc.to/embed/movie/31918
5802,106,V_FxV38CsEM,https://vidsrc.to/embed/movie/19662
5803,97,Z-aZceoVnWw,https://vidsrc.to/embed/movie/8427
5804,104,NML7Y1APyZs,https://vidsrc.to/embed/movie/9021
5809,114,I9xLOMw-jb8,https://vidsrc.to/embed/movie/9280
5810,111,axGVrfwm9L4,https://vidsrc.to/embed/movie/65
5812,107,TmMEG0OdKwQ,https://vidsrc.to/embed/movie/10712
5816,161,nE11U5iBnH0,https://vidsrc.to/embed/movie/672
5817,115,tne7D73Zmqg,https://vidsrc.to/embed/movie/16351
5818,118,4XSnLQyX5qE,https://vidsrc.to/embed/movie/542
5820,116,2tqQBh2Ra_o,https://vidsrc.to/embed/movie/30192
5826,105,vDLoMsAhY-8,https://vidsrc.to/embed/movie/11617
5828,90,,https://vidsrc.to/embed/movie/81530
5833,105,PQ6nNs0Wl7s,https://vidsrc.to/embed/movie/11880
5836,110,OeDHYXqHdng,https://vidsrc.to/embed/movie/1377
5838,143,,https://vidsrc.to/embed/movie/2528
5840,99,B7RSYfXIjj8,https://vidsrc.to/embed/movie/12717
5841,98,_qDaxkLUcTM,https://vidsrc.to/embed/movie/13888
5843,112,x1b7Q0gmR-Y,https://vidsrc.to/embed/movie/10750
5847,155,NnZqsdIBSSw,https://vidsrc.to/embed/movie/25566
5849,107,,https://vidsrc.to/embed/movie/13386
5853,103,UveLSA7Hoj8,https://vidsrc.to/embed/movie/9538
5856,107,,https://vidsrc.to/embed/movie/49934
5863,100,0-p9SIKs1K8,https://vidsrc.to/embed/movie/42371
5867,123,YDa_z0op7iU,https://vidsrc.to/embed/movie/11524
5872,133,GTznf1x4khc,https://vidsrc.to/embed/movie/36669
5873,108,k0gHibeHfdA,https://vidsrc.to/embed/movie/17187
5874,85,H3g5QQynaJk,https://vidsrc.to/embed/movie/10426
5875,86,,https://vidsrc.to/embed/movie/32625
5876,101,UrI9gS6O-p8,https://vidsrc.to/embed/movie/8198
5878,112,XwJGTuxj1t0,https://vidsrc.to/embed/movie/64
5879,76,VoFIpnSGnZk,https://vidsrc.to/embed/movie/13376
5880,93,2ZoACTYqwbg,https://vidsrc.to/embed/movie/15074
5881,99,mIvv1ZLqd6g,https://vidsrc.to/embed/movie/2103
5882,96,nYzW3jfoEUw,https://vidsrc.to/embed/movie/9016
5883,90,3PDCl06vop0,https://vidsrc.to/embed/movie/16028
5884,86,7KpRrB4fgk0,https://vidsrc.to/embed/movie/27070
5888,95,,https://vidsrc.to/embed/movie/20992
5889,142,,https://vidsrc.to/embed/movie/66091
5890,89,lbi85w2X1mo,https://vidsrc.to/embed/movie/6007
5891,101,CYtIfQU0gzw,https://vidsrc.to/embed/movie/25239
5893,110,wBAZQ029TBQ,https://vidsrc.to/embed/movie/25284
5896,97,AVYqHrnJIyc,https://vidsrc.to/embed/movie/35612
5899,138,6WuoiR0I8Es,https://vidsrc.to/embed/movie/14433
5900,96,vF-lF7slKV4,https://vidsrc.to/embed/movie/9932
5901,99,SV_03kdGfGE,https://vidsrc.to/embed/movie/13369
5902,115,pK5jYt9QNIY,https://vidsrc.to/embed/movie/2757
5903,107,raleKODYeg0,https://vidsrc.to/embed/movie/7299
5909,84,CRc6dN7s1w4,https://vidsrc.to/embed/movie/4241
5912,104,,https://vidsrc.to/embed/movie/22257
5915,116,mfn5jjFIZJg,https://vidsrc.to/embed/movie/17360
5919,80,wg2oMlsKFts,https://vidsrc.to/embed/movie/38849
5922,97,,https://vidsrc.to/embed/movie/29743
5925,98,,https://vidsrc.to/embed/movie/40219
5927,114,L3a_V6YntQw,https://vidsrc.to/embed/movie/16363
5929,109,,https://vidsrc.to/embed/movie/171
5932,97,IbAk8IZrWmc,https://vidsrc.to/embed/movie/42124
5938,116,8AQ2GlTw7x4,https://vidsrc.to/embed/movie/17590
5941,118,PSki9bBcQh4,https://vidsrc.to/embed/movie/13497
5942,104,6z5zbY-0QCA,https://vidsrc.to/embed/movie/11852
5943,105,7r_1rDfQfrg,https://vidsrc.to/embed/movie/7303
5944,116,TXvCIWWCiFo,https://vidsrc.to/embed/movie/201
5945,125,G-dafG40eGU,https://vidsrc.to/embed/movie/2755
5947,92,5a5vdukt_4A,https://vidsrc.to/embed/movie/21868
5949,108,0x2H2a7tP5w,https://vidsrc.to/embed/movie/10856
5951,97,wg3HsQBFyKQ,https://vidsrc.to/embed/movie/18602
5952,179,nuTU5XcZTLA,https://vidsrc.to/embed/movie/121
5953,139,zA2xGrL_Y2s,https://vidsrc.to/embed/movie/25838
5954,135,5TBu6e1IC_0,https://vidsrc.to/embed/movie/1429
5955,120,RcwE7ArDf-U,https://vidsrc.to/embed/movie/13435
5956,168,1bjh979vVG0,https://vidsrc.to/embed/movie/3131
5957,101,_guQ-_EFmHU,https://vidsrc.to/embed/movie/2642
5959,105,f3sk4PIBfbk,https://vidsrc.to/embed/movie/11022
5961,102,KBQif5SBZjc,https://vidsrc.to/embed/movie/9491
5962,101,51xEHzC-rjQ,https://vidsrc.to/embed/movie/2149
5963,108,64T9YaMb_wU,https://vidsrc.to/embed/movie/20139
5965,100,-yjl7u0Afqg,https://vidsrc.to/embed/movie/19067
5968,97,iuJMsULvnGY,https://vidsrc.to/embed/movie/14931
5969,99,w3gVq6WXMpg,https://vidsrc.to/embed/movie/11317
5970,103,KSyKO0Lklmo,https://vidsrc.to/embed/movie/4032
5971,86,HaLISMAGdOE,https://vidsrc.to/embed/movie/8392
5974,107,7F_FNm5GABw,https://vidsrc.to/embed/movie/12232
5979,63,YlB5mj-3XdU,https://vidsrc.to/embed/movie/26946
5980,98,l2mt1Sv6Rc8,https://vidsrc.to/embed/movie/16938
5984,97,Gdrh0ZPAtqE,https://vidsrc.to/embed/movie/4561
5988,105,gPTu2F450sk,https://vidsrc.to/embed/movie/21332
5989,141,71rDQ7z4eFg,https://vidsrc.to/embed/movie/640
5990,110,3-9WCVRqKKU,https://vidsrc.to/embed/movie/10599
5991,113,YwXWryx-oJ0,https://vidsrc.to/embed/movie/1574
5992,114,CkPWXUxIiXs,https://vidsrc.to/embed/movie/590
5993,106,pNcUEraG5sA,https://vidsrc.to/embed/movie/13560
5995,150,og9hFxxdSOg,https://vidsrc.to/embed/movie/423
5999,88,HLXlHwwDN_4,https://vidsrc.to/embed/movie/16225
6001,109,0wVhCCo02P4,https://vidsrc.to/embed/movie/262
6002,90,M1NQiUoPJZo,https://vidsrc.to/embed/movie/15395
6003,113,mWyLE7kjGrw,https://vidsrc.to/embed/movie/4912
6005,105,,https://vidsrc.to/embed/movie/23626
6006,95,UhzaFn02IA0,https://vidsrc.to/embed/movie/12090
6009,102,XttcmwItG-s,https://vidsrc.to/embed/movie/36273
6012,101,HVHDev-T5iQ,https://vidsrc.to/embed/movie/9582
6013,89,QxAI1vg_YVU,https://vidsrc.to/embed/movie/10628
6014,89,pra0Mwr0ao8,https://vidsrc.to/embed/movie/11078
6016,129,dcUOO4Itgmw,https://vidsrc.to/embed/movie/598
6020,99,,https://vidsrc.to/embed/movie/43886
6021,125,7XwSfIuM2kU,https://vidsrc.to/embed/movie/11222
6022,125,mF49wpTu8QY,https://vidsrc.to/embed/movie/13199
6023,97,TM0lC2QCiSU,https://vidsrc.to/embed/movie/8073
6025,88,tL0wunQtbco,https://vidsrc.to/embed/movie/15278
6027,94,uuN8aKCCbJA,https://vidsrc.to/embed/movie/14667
6030,99,e75ncIrK4BA,https://vidsrc.to/embed/movie/15734
6031,125,VIn7L0Mt-8M,https://vidsrc.to/embed/movie/34148
6039,87,45ofiq9cWiY,https://vidsrc.to/embed/movie/5968
6040,86,ofpBwmIPX7Y,https://vidsrc.to/embed/movie/10727
6041,132,9vrlk4ZBGOg,https://vidsrc.to/embed/movie/9045
6042,90,,https://vidsrc.to/embed/movie/9082
6044,106,QpX3XM6yZSY,https://vidsrc.to/embed/movie/80965
6051,103,imGkQdE7N2s,https://vidsrc.to/embed/movie/7514
6055,123,D6oxEZ6yblA,https://vidsrc.to/embed/movie/39349
6058,90,MNXpuPu4URk,https://vidsrc.to/embed/movie/9358
6059,115,TYvVJRtN0vg,https://vidsrc.to/embed/movie/1647
6062,93,YwMh1N0GxFM,https://vidsrc.to/embed/movie/21189
6064,109,,https://vidsrc.to/embed/movie/28528
6067,93,-AfXL5PZt10,https://vidsrc.to/embed/movie/12490
6070,113,UPqHQclvEns,https://vidsrc.to/embed/movie/15802
6086,111,p5G-m6lLBLI,https://vidsrc.to/embed/movie/37191
6093,93,t-UpwWauZ50,https://vidsrc.to/embed/movie/10150
6095,102,7jGg3TzP_cA,https://vidsrc.to/embed/movie/16407
6100,88,MsW2EFm3nSY,https://vidsrc.to/embed/movie/8288
6101,123,HILCFL3-2ys,https://vidsrc.to/embed/movie/15600
6107,105,ADIph1-og3o,https://vidsrc.to/embed/movie/42130
6111,102,YiOwfKrKRCQ,https://vidsrc.to/embed/movie/23942
6116,105,E9jhc5SHkPo,https://vidsrc.to/embed/movie/25872
6119,88,,https://vidsrc.to/embed/movie/14645
6122,82,Ta3HlhFICcg,https://vidsrc.to/embed/movie/21923
6123,100,WbvAe3vmQs8,https://vidsrc.to/embed/movie/1563
6124,105,PNKciVl_rS0,https://vidsrc.to/embed/movie/17132
6125,90,,https://vidsrc.to/embed/movie/59533
6140,101,0KwE5u-B3Cw,https://vidsrc.to/embed/movie/29702
6141,85,TDIhTRKKkUs,https://vidsrc.to/embed/movie/24830
6143,96,rFHmRFe7Bs0,https://vidsrc.to/embed/movie/9699
6145,93,IhbwHcrcJuM,https://vidsrc.to/embed/movie/30789
6148,90,IhkrvBNnAcw,https://vidsrc.to/embed/movie/47955
6153,98,y1kacStIMH0,https://vidsrc.to/embed/movie/23943
6155,116,2ZMGk_Ml1fc,https://vidsrc.to/embed/movie/9919
6156,115,1QUHogxpXp8,https://vidsrc.to/embed/movie/6038
6157,103,t3Xc6FjRfoA,https://vidsrc.to/embed/movie/9480
6158,72,3GebHaOcjjQ,https://vidsrc.to/embed/movie/14873
6159,108,FTrjVYno6Xk,https://vidsrc.to/embed/movie/13132
6162,103,L6Gfr0OJODI,https://vidsrc.to/embed/movie/1956
6163,92,Hrwigz5mDf8,https://vidsrc.to/embed/movie/12112
6170,118,kGp9u56FJKs,https://vidsrc.to/embed/movie/17264
6178,105,2f64hh6k8jc,https://vidsrc.to/embed/movie/33364
6181,69,XLdXhaW8bLs,https://vidsrc.to/embed/movie/59401
6182,108,,https://vidsrc.to/embed/movie/22233
6183,102,aXakDxLdN2s,https://vidsrc.to/embed/movie/4952
6184,139,jyEV4Y2NnxM,https://vidsrc.to/embed/movie/991
6185,118,umYMNgM9zWw,https://vidsrc.to/embed/movie/4911
6187,130,BnbNu4vl2Q0,https://vidsrc.to/embed/movie/11615
6192,113,JyFbSMfEOhA,https://vidsrc.to/embed/movie/102
6193,99,iIGtTshQ6Yo,https://vidsrc.to/embed/movie/14293
6195,127,,https://vidsrc.to/embed/movie/105024
6196,101,bzV6WtYbffs,https://vidsrc.to/embed/movie/10623
6197,98,JJwNpld762E,https://vidsrc.to/embed/movie/9613
6201,142,D7X0Wm_Cc5k,https://vidsrc.to/embed/movie/21867
6202,102,Hq2lyuWmjCE,https://vidsrc.to/embed/movie/49680
6203,92,G0MVdcNKhZc,https://vidsrc.to/embed/movie/6524
6204,100,61iSBGGESxY,https://vidsrc.to/embed/movie/11244
6210,120,V5W351aUYJM,https://vidsrc.to/embed/movie/23834
6214,93,e9D7hvIwgj4,https://vidsrc.to/embed/movie/979
6215,103,xOBzSFozkwY,https://vidsrc.to/embed/movie/13819
6216,140,Hep5_o--OEE,https://vidsrc.to/embed/movie/1591
6217,121,wNbZB9zpSlE,https://vidsrc.to/embed/movie/24186
6218,112,oQb8ShgVjJA,https://vidsrc.to/embed/movie/455
6219,94,53AH-k3go7U,https://vidsrc.to/embed/movie/10632
6220,100,rV0NN2eFVqE,https://vidsrc.to/embed/movie/10929
6222,95,0QWM_Kni6l0,https://vidsrc.to/embed/movie/16229
6223,101,MM5aVw4Yr3c,https://vidsrc.to/embed/movie/12079
6225,171,iHEPRuWNF1A,https://vidsrc.to/embed/movie/36362
6228,118,LBe02Omuyz0,https://vidsrc.to/embed/movie/23159
6232,95,A96-OMejbys,https://vidsrc.to/embed/movie/15347
6235,112,JqMBNCo7LPE,https://vidsrc.to/embed/movie/8996
6237,116,Tn-WKsv_oDM,https://vidsrc.to/embed/movie/17729
6238,108,JkB9NBoHrLw,https://vidsrc.to/embed/movie/12157
6239,132,Mytf_8pr4Aw,https://vidsrc.to/embed/movie/11571
6241,94,,https://vidsrc.to/embed/movie/10293
6242,96,yAmO3vanfDQ,https://vidsrc.to/embed/movie/2671
6244,113,1EwzP71pDVQ,https://vidsrc.to/embed/movie/45129
6245,153,i2SZpEDYnJA,https://vidsrc.to/embed/movie/42618
6246,91,RL9rSpaYn04,https://vidsrc.to/embed/movie/41164
6249,94,KyOAP2UIgz4,https://vidsrc.to/embed/movie/9557
6250,134,J_lC07NtrnI,https://vidsrc.to/embed/movie/6171
6251,79,wgbU7gfpxTw,https://vidsrc.to/embed/movie/13691
6252,87,elF04ebuXHI,https://vidsrc.to/embed/movie/11523
6263,98,kE7Ue5hjJc0,https://vidsrc.to/embed/movie/10782
6265,95,UT6ARbhTjiU,https://vidsrc.to/embed/movie/9776
6266,105,rayI38YhpEc,https://vidsrc.to/embed/movie/10735
6267,114,i5Je7NgZSbc,https://vidsrc.to/embed/movie/16425
6268,88,DPaqpjtIDTc,https://vidsrc.to/embed/movie/25461
6279,108,LYnwrJX5flk,https://vidsrc.to/embed/movie/6016
6280,109,Nxv0VLPy2_o,https://vidsrc.to/embed/movie/8409
6281,81,PEDTSk69HcA,https://vidsrc.to/embed/movie/1817
6283,115,c8GpwQz_eH8,https://vidsrc.to/embed/movie/11299
6285,100,MIrsOIvAiQE,https://vidsrc.to/embed/movie/21052
6286,97,WgGvlyuJ628,https://vidsrc.to/embed/movie/7294
6287,106,1Gl2kVUsy2M,https://vidsrc.to/embed/movie/9506
6288,101,a4g_hIhwqaI,https://vidsrc.to/embed/movie/14290
6289,91,aEGQS7Ex_QY,https://vidsrc.to/embed/movie/24982
6290,89,Zz6KPomlFkA,https://vidsrc.to/embed/movie/2662
6291,109,LUHHsPP7XRM,https://vidsrc.to/embed/movie/12093
6294,104,W6PjwmnDlMo,https://vidsrc.to/embed/movie/11817
6295,80,nsQ28luQBOk,https://vidsrc.to/embed/movie/24621
6296,92,-X9ZCW76-I8,https://vidsrc.to/embed/movie/13370
6297,117,ehfD-_2zz2w,https://vidsrc.to/embed/movie/8326
6299,89,w_0kMdH0FLA,https://vidsrc.to/embed/movie/11516
6300,109,-riyRypVqu8,https://vidsrc.to/embed/movie/10180
6301,116,izkEZAjaIbk,https://vidsrc.to/embed/movie/994
6302,73,uqVL8blr-rw,https://vidsrc.to/embed/movie/66918
6303,131,gFc08ijPtkc,https://vidsrc.to/embed/movie/10514
6305,113,7cQ-yGCyjyM,https://vidsrc.to/embed/movie/1714
6306,92,6z3hIYB8nec,https://vidsrc.to/embed/movie/14308
6308,116,Bu22X2wwgDM,https://vidsrc.to/embed/movie/9930
6310,103,4W4fBNWyX6M,https://vidsrc.to/embed/movie/107569
6313,87,QRIgNV9oKrQ,https://vidsrc.to/embed/movie/108553
6314,90,zTNBcnufiX8,https://vidsrc.to/embed/movie/12661
6315,106,6ZDEBEk6F38,https://vidsrc.to/embed/movie/29355
6316,134,6lAEKXV7O4c,https://vidsrc.to/embed/movie/24961
6319,105,,https://vidsrc.to/embed/movie/20978
6320,89,GLosc-SIgfM,https://vidsrc.to/embed/movie/47762
6322,97,6-AeSFk_wPY,https://vidsrc.to/embed/movie/10743
6323,90,TQkG2x3qTf4,https://vidsrc.to/embed/movie/2832
6324,109,MjBy15Th-PE,https://vidsrc.to/embed/movie/31459
6327,110,2o5PG4j8ILE,https://vidsrc.to/embed/movie/38868
6329,102,-zVMC_eUsBo,https://vidsrc.to/embed/movie/15098
6330,100,,https://vidsrc.to/embed/movie/11458
6331,97,J0lMqo53kMM,https://vidsrc.to/embed/movie/16636
6332,94,D9iltFxTRPw,https://vidsrc.to/embed/movie/18736
6333,133,yVzqz_zpP20,https://vidsrc.to/embed/movie/36658
6334,96,we35nC2znWg,https://vidsrc.to/embed/movie/46989
6335,132,hyHE9O60cQE,https://vidsrc.to/embed/movie/20689
6336,108,OfkHCDl3kLM,https://vidsrc.to/embed/movie/13438
6337,104,LQ-NFgWiDTA,https://vidsrc.to/embed/movie/15394
6338,92,hx0_F3I10ws,https://vidsrc.to/embed/movie/10708
6341,96,OjxOtYx0Au4,https://vidsrc.to/embed/movie/22958
6342,95,7nKExyTX3HI,https://vidsrc.to/embed/movie/15850
6345,118,2QewMK9y4H8,https://vidsrc.to/embed/movie/1816
6347,105,7bYXW4x7RXk,https://vidsrc.to/embed/movie/17667
6348,94,wnNLY8yDwyk,https://vidsrc.to/embed/movie/17464
6349,90,kVB6y-4-I4c,https://vidsrc.to/embed/movie/15259
6350,125,5lMRfLJGXSM,https://vidsrc.to/embed/movie/10515
6357,112,bYIFS2jxwbk,https://vidsrc.to/embed/movie/11424
6358,109,ZiTQMypUgs8,https://vidsrc.to/embed/movie/34857
6368,79,OjhZ6TRtFB0,https://vidsrc.to/embed/movie/51230
6370,122,AsvJFtUDfl0,https://vidsrc.to/embed/movie/1555
6371,80,0czLeuT6rU0,https://vidsrc.to/embed/movie/33875
6373,101,0XBxoKumlqQ,https://vidsrc.to/embed/movie/310
6374,98,THq7uQku8ME,https://vidsrc.to/embed/movie/5146
6375,102,Gtcqtjs_tsQ,https://vidsrc.to/embed/movie/30055
6376,95,,https://vidsrc.to/embed/movie/12544
6377,100,ZS_8btMjx2U,https://vidsrc.to/embed/movie/12
6379,84,_WqHuwZcENM,https://vidsrc.to/embed/movie/9902
6380,107,g6g5atTyjG8,https://vidsrc.to/embed/movie/2260
6382,116,rSyrT6XuSwo,https://vidsrc.to/embed/movie/18385
6383,108,fDooSsgINLQ,https://vidsrc.to/embed/movie/584
6385,101,0PPmfCx91d8,https://vidsrc.to/embed/movie/1088
6386,128,,https://vidsrc.to/embed/movie/5921
6387,109,7rb_ZPQ1-ZM,https://vidsrc.to/embed/movie/47423
6390,117,8HXqYbFrR9w,https://vidsrc.to/embed/movie/43239
6395,103,oJbd1oqFGVU,https://vidsrc.to/embed/movie/29425
6400,111,,https://vidsrc.to/embed/movie/51391
6405,96,ez7_3UviUMs,https://vidsrc.to/embed/movie/6646
6407,114,0hkIWY0DobM,https://vidsrc.to/embed/movie/38720
6408,92,v1fqy3eY5q8,https://vidsrc.to/embed/movie/147729
6410,97,OPSyXvf-7l8,https://vidsrc.to/embed/movie/15462
6412,94,0pI-iBxGqTo,https://vidsrc.to/embed/movie/43828
6415,108,yCzMCZ0aCIY,https://vidsrc.to/embed/movie/47715
6417,85,L0E-HlVskU8,https://vidsrc.to/embed/movie/12629
6422,105,gFB8JtN1nzc,https://vidsrc.to/embed/movie/21027
6424,109,wdqHmipO4ac,https://vidsrc.to/embed/movie/11890
6425,108,ymluKbAk_RU,https://vidsrc.to/embed/movie/36807
6427,109,NvG0V-M_8wU,https://vidsrc.to/embed/movie/37662
6428,114,OiAYi9x7DmQ,https://vidsrc.to/embed/movie/11916
6429,92,eb7xOnMX1Qw,https://vidsrc.to/embed/movie/14551
6434,142,-FUoC4Oon8Q,https://vidsrc.to/embed/movie/43490
6440,117,yglo5I1znpQ,https://vidsrc.to/embed/movie/290
6449,149,jGZABwmXCHk,https://vidsrc.to/embed/movie/42541
6452,115,isihtYXfMTI,https://vidsrc.to/embed/movie/40085
6453,76,,https://vidsrc.to/embed/movie/47684
6454,124,DyiF7bAfZ5s,https://vidsrc.to/embed/movie/2263
6460,119,ae3-01zSQOs,https://vidsrc.to/embed/movie/3009
6461,125,UKpApK0gVDY,https://vidsrc.to/embed/movie/6643
6464,95,mzoMkdsYHHQ,https://vidsrc.to/embed/movie/14817
6465,106,EmU1s9FA8J4,https://vidsrc.to/embed/movie/41426
6466,118,seHuOmdcJqg,https://vidsrc.to/embed/movie/41791
6476,98,TTy-tsPBQK4,https://vidsrc.to/embed/movie/2071
6477,156,tdyLL5koREM,https://vidsrc.to/embed/movie/43516
6480,152,jdtjq7fzlU8,https://vidsrc.to/embed/movie/32489
6482,85,tdjX8Voj5vI,https://vidsrc.to/embed/movie/10152
6483,81,YZriuov42Gw,https://vidsrc.to/embed/movie/31246
6493,96,cMEvxaFvxps,https://vidsrc.to/embed/movie/17813
6502,113,mWEhfF27O0c,https://vidsrc.to/embed/movie/170
6503,106,oftSBgP7Hhk,https://vidsrc.to/embed/movie/9471
6506,102,VhPv8Zu1OVs,https://vidsrc.to/embed/movie/9581
6509,93,KG12cB5xGCo,https://vidsrc.to/embed/movie/216
6510,95,bWjpqCiH5Ss,https://vidsrc.to/embed/movie/47676
6514,71,l67VJX412xg,https://vidsrc.to/embed/movie/113739
6515,86,5hqeqRTW9jg,https://vidsrc.to/embed/movie/52758
6516,105,U-Jgt1WNxu4,https://vidsrc.to/embed/movie/38171
6517,115,gJljHtBANRU,https://vidsrc.to/embed/movie/61225
6523,108,jywTtvKbTO0,https://vidsrc.to/embed/movie/18722
6527,110,yzYEYyOsQtA,https://vidsrc.to/embed/movie/33454
6528,90,weuuQ9pMHwU,https://vidsrc.to/embed/movie/19753
6530,126,GaAlkTJ0wqk,https://vidsrc.to/embed/movie/11482
6533,94,xpThOyG1EVI,https://vidsrc.to/embed/movie/6949
6534,138,2ErnLuJKQA4,https://vidsrc.to/embed/movie/1927
6535,95,OsU_TOKWRt0,https://vidsrc.to/embed/movie/10327
6536,86,bRsdyOck9IY,https://vidsrc.to/embed/movie/14411
6537,109,ysQizA7Una8,https://vidsrc.to/embed/movie/296
6538,102,NlQiybP-2I8,https://vidsrc.to/embed/movie/302
6539,143,-9HT0l9HV4c,https://vidsrc.to/embed/movie/22
6541,110,fndHh-SEDe0,https://vidsrc.to/embed/movie/8698
6542,100,,https://vidsrc.to/embed/movie/554
6545,113,I3zqvagbRo8,https://vidsrc.to/embed/movie/17920
6547,103,b4D_41dmCII,https://vidsrc.to/embed/movie/32235
6548,146,MsGSpfK6H4A,https://vidsrc.to/embed/movie/8961
6549,99,Ry69copJjT4,https://vidsrc.to/embed/movie/17403
6550,87,7VlpHnog6rw,https://vidsrc.to/embed/movie/9486
6551,101,,https://vidsrc.to/embed/movie/20439
6553,101,,https://vidsrc.to/embed/movie/35265
6554,105,3H1iVGFqOhM,https://vidsrc.to/embed/movie/25921
6557,100,x3ECV7v5Qcc,https://vidsrc.to/embed/movie/68927
6558,101,Th_YcHGAkwk,https://vidsrc.to/embed/movie/11894
6559,107,Oo3k1wVPARc,https://vidsrc.to/embed/movie/20726
6560,94,ZagcMf8vK1c,https://vidsrc.to/embed/movie/24558
6561,83,p7L7WLFBYR4,https://vidsrc.to/embed/movie/12649
6563,112,jZM-yS5uCCM,https://vidsrc.to/embed/movie/24356
6564,117,G4bhBabn-wU,https://vidsrc.to/embed/movie/1996
6566,84,mx0lo-xCljA,https://vidsrc.to/embed/movie/12279
6567,98,n6SjdN8Ju1U,https://vidsrc.to/embed/movie/9104
6571,113,,https://vidsrc.to/embed/movie/54580
6572,95,CpX0BwFzLaM,https://vidsrc.to/embed/movie/4613
6573,138,9VlK0mLDCF4,https://vidsrc.to/embed/movie/12530
6574,99,_sARb0uQvpI,https://vidsrc.to/embed/movie/45096
6577,91,_JC_pJJOnsA,https://vidsrc.to/embed/movie/24993
6578,125,vwcINbTX01c,https://vidsrc.to/embed/movie/53021
6579,109,mqT_kN2t76U,https://vidsrc.to/embed/movie/430
6581,125,mxEjn-vkfdU,https://vidsrc.to/embed/movie/5185
6582,121,RUJBnsrWsow,https://vidsrc.to/embed/movie/10553
6583,100,ZqHV_N7_Mak,https://vidsrc.to/embed/movie/21512
6584,80,LAcB1G439Mk,https://vidsrc.to/embed/movie/21449
6586,103,4bqeLmhNbfI,https://vidsrc.to/embed/movie/8273
6587,122,qDED4FPmuZo,https://vidsrc.to/embed/movie/8046
6588,133,KDamH_3VnJA,https://vidsrc.to/embed/movie/50350
6592,104,m0wKLr_z4lk,https://vidsrc.to/embed/movie/26195
6593,97,r8caetzt02g,https://vidsrc.to/embed/movie/10330
6595,117,Q-4MvX9zNgU,https://vidsrc.to/embed/movie/9257
6597,95,R0QnGz9hcf4,https://vidsrc.to/embed/movie/17180
6603,104,zaxtunDdD6g,https://vidsrc.to/embed/movie/41206
6604,85,_fNLxbmnfKM,https://vidsrc.to/embed/movie/33954
6609,137,THsq-Njt3ps,https://vidsrc.to/embed/movie/24192
6612,104,shWoWvaaTm4,https://vidsrc.to/embed/movie/26755
6614,94,lIOWPJZ-BGg,https://vidsrc.to/embed/movie/3101
6615,97,oCf4l6XnML8,https://vidsrc.to/embed/movie/6466
6616,104,r3-DDJM8PRw,https://vidsrc.to/embed/movie/20210
6617,139,4T9bbdEYUoc,https://vidsrc.to/embed/movie/2055
6618,113,KEWUDWYDdYs,https://vidsrc.to/embed/movie/11770
6619,92,ftSY4DW5tEk,https://vidsrc.to/embed/movie/14926
6620,101,Vo8nb45auc8,https://vidsrc.to/embed/movie/2771
6624,102,wZgYSQ5KD_c,https://vidsrc.to/embed/movie/10923
6628,96,jxZEbFiL-aQ,https://vidsrc.to/embed/movie/21989
6629,88,AvlzqiTLWeY,https://vidsrc.to/embed/movie/18573
6631,97,sFKIFyTDEhY,https://vidsrc.to/embed/movie/41759
6636,95,fxo6F6rJv7E,https://vidsrc.to/embed/movie/8992
6638,99,rZz_3MtBkCw,https://vidsrc.to/embed/movie/19053
6645,86,eHgqfVQWv7s,https://vidsrc.to/embed/movie/636
6650,104,fVli0y9bQoA,https://vidsrc.to/embed/movie/11898
6654,96,-1aS06Cg5SU,https://vidsrc.to/embed/movie/35072
6656,79,zderyk3azuY,https://vidsrc.to/embed/movie/44585
6658,122,HsI1gzpvWR4,https://vidsrc.to/embed/movie/9051
6659,96,7RrT44WRr-4,https://vidsrc.to/embed/movie/9362
6660,133,_mHgGU4AbOA,https://vidsrc.to/embed/movie/19542
6662,115,-Dy-Gb3LaFE,https://vidsrc.to/embed/movie/936
6663,103,3tgXUpKtEns,https://vidsrc.to/embed/movie/12268
6664,90,VgDU6sOu334,https://vidsrc.to/embed/movie/10999
6665,109,XjdG6A4PjWo,https://vidsrc.to/embed/movie/33521
6667,136,gCX9rUAqpyo,https://vidsrc.to/embed/movie/34044
6668,89,aYP0bfJl944,https://vidsrc.to/embed/movie/12276
6670,92,WHfZIxlausM,https://vidsrc.to/embed/movie/36629
6671,158,AaqhNnRYTfc,https://vidsrc.to/embed/movie/2891
6679,85,NrI-0u4npGo,https://vidsrc.to/embed/movie/19433
6684,131,GPkmRY3pDAE,https://vidsrc.to/embed/movie/6619
6688,95,,https://vidsrc.to/embed/movie/15920
6689,79,oulnfKJKIyg,https://vidsrc.to/embed/movie/21413
6691,127,XHbTdBd0u-8,https://vidsrc.to/embed/movie/16405
6696,101,js3N8e8InnY,https://vidsrc.to/embed/movie/333
6699,104,cW-OZw3NX0w,https://vidsrc.to/embed/movie/22200
6702,98,u51-0sIYINU,https://vidsrc.to/embed/movie/13778
6705,98,qV7MND4r0mY,https://vidsrc.to/embed/movie/1415
6706,108,SfURytVFKB0,https://vidsrc.to/embed/movie/31094
6707,93,EZxwWaUF0Lw,https://vidsrc.to/embed/movie/11547
6708,116,zDoOdd00nHM,https://vidsrc.to/embed/movie/7270
6709,102,7JrCqCz6CBA,https://vidsrc.to/embed/movie/1428
6710,91,THPjGOjvBVw,https://vidsrc.to/embed/movie/17906
6711,102,1s4YQqnbnM8,https://vidsrc.to/embed/movie/153
6713,87,2u5Ee1_jUCY,https://vidsrc.to/embed/movie/33320
6715,92,6E1rkVqwxqk,https://vidsrc.to/embed/movie/61054
6718,101,rm9oMGJDY-8,https://vidsrc.to/embed/movie/27590
6720,102,ndT1r0Kw7Nw,https://vidsrc.to/embed/movie/14603
6721,134,x95gXieo3f0,https://vidsrc.to/embed/movie/10617
6722,113,uvSfl3NaLos,https://vidsrc.to/embed/movie/10618
6723,112,gH0LaV8BYcQ,https://vidsrc.to/embed/movie/10619
6724,102,k4AglF4ory4,https://vidsrc.to/embed/movie/11293
6731,101,CJpfFV4Z09U,https://vidsrc.to/embed/movie/8408
6734,99,U4qLE7gRmfI,https://vidsrc.to/embed/movie/2687
6744,94,Qmgspdr_fwY,https://vidsrc.to/embed/movie/19064
6748,92,m-8iJ1rsiKA,https://vidsrc.to/embed/movie/28942
6750,108,wIAuRc7TrrM,https://vidsrc.to/embed/movie/10739
6751,118,EUKuySo1mzs,https://vidsrc.to/embed/movie/12767
6752,122,h6rTCW5JzIw,https://vidsrc.to/embed/movie/22309
6753,111,Ebkrm7u44UI,https://vidsrc.to/embed/movie/13156
6755,92,_AquaumGgzc,https://vidsrc.to/embed/movie/9707
6760,88,c2_hJ6g4bbA,https://vidsrc.to/embed/movie/36791
6763,89,lcsFE7C80-o,https://vidsrc.to/embed/movie/7288
6764,104,BehhBCBSplY,https://vidsrc.to/embed/movie/10159
6765,113,aURoPYu_29w,https://vidsrc.to/embed/movie/10934
6768,123,Oe84Aolmmcg,https://vidsrc.to/embed/movie/5653
6769,89,Fw8s2TGeJSY,https://vidsrc.to/embed/movie/321
6770,106,rxPRhy276ls,https://vidsrc.to/embed/movie/20
6772,104,uDcqQuoWnFI,https://vidsrc.to/embed/movie/5168
6773,80,Npro9kjyaJk,https://vidsrc.to/embed/movie/9662
6774,88,v8BUXKcp8zE,https://vidsrc.to/embed/movie/837
6775,86,CjrFHzwx5AU,https://vidsrc.to/embed/movie/20303
6777,191,T3taV43-lGc,https://vidsrc.to/embed/movie/821
6780,80,5_y13Pbo4qs,https://vidsrc.to/embed/movie/1358
6782,79,hwkyuWcLfJ0,https://vidsrc.to/embed/movie/11475
6783,110,oRH7oaBQuaY,https://vidsrc.to/embed/movie/776
6785,103,V5LfmwVWJ1k,https://vidsrc.to/embed/movie/16563
6787,138,k5y8SW2KyTY,https://vidsrc.to/embed/movie/891
6788,108,RZnQUeyz4Tc,https://vidsrc.to/embed/movie/83714
6789,116,GwapQhrZ-D0,https://vidsrc.to/embed/movie/12531
6790,107,KXRXclj99Xg,https://vidsrc.to/embed/movie/10881
6791,104,H5w9skKcdnA,https://vidsrc.to/embed/movie/11832
6793,87,ki8wHMR-yOI,https://vidsrc.to/embed/movie/11806
6794,89,gU85o4t0xwM,https://vidsrc.to/embed/movie/10438
6796,112,OJ_qAPj0Tkk,https://vidsrc.to/embed/movie/650
6797,136,btj7FNzT2j8,https://vidsrc.to/embed/movie/10337
6798,93,NOrgDbldcA4,https://vidsrc.to/embed/movie/8446
6800,87,juL0qVu8PGY,https://vidsrc.to/embed/movie/9874
6803,110,UhZKLZDS3sg,https://vidsrc.to/embed/movie/29161
6804,83,W5UXIn-vfiE,https://vidsrc.to/embed/movie/21627
6807,107,wMJ24QwHdCY,https://vidsrc.to/embed/movie/4543
6808,155,J80nOz7wFqY,https://vidsrc.to/embed/movie/11046
6809,115,tRfPbgje1a8,https://vidsrc.to/embed/movie/11707
6810,99,FcQqsrf2gik,https://vidsrc.to/embed/movie/7442
6811,81,aIpuS8vTBts,https://vidsrc.to/embed/movie/14425
6812,121,gWMmFCWRE3E,https://vidsrc.to/embed/movie/6723
6814,97,DVqkhTYLJJw,https://vidsrc.to/embed/movie/16969
6816,99,pjLqimENb1A,https://vidsrc.to/embed/movie/13339
6817,112,YflvYAX3hJM,https://vidsrc.to/embed/movie/28761
6818,142,UHaSQU-4wss,https://vidsrc.to/embed/movie/25237
6820,108,011YdVip2KM,https://vidsrc.to/embed/movie/9871
6821,111,,https://vidsrc.to/embed/movie/33258
6827,77,eiIXNNfpgLY,https://vidsrc.to/embed/movie/33783
6832,108,OmXUq7j23xE,https://vidsrc.to/embed/movie/11364
6835,95,O96wNns29Eo,https://vidsrc.to/embed/movie/39916
6836,57,9MBYh7gt_1g,https://vidsrc.to/embed/movie/31634
6837,88,dHtQIxdRr5k,https://vidsrc.to/embed/movie/43739
6849,114,EDWxqmEBG_s,https://vidsrc.to/embed/movie/13765
6850,108,rP6VDQ2J3QM,https://vidsrc.to/embed/movie/12772
6851,101,rmUS7oKpcc8,https://vidsrc.to/embed/movie/47866
6852,134,vU_TY9ZQ48A,https://vidsrc.to/embed/movie/18900
6853,94,,https://vidsrc.to/embed/movie/73265
6857,94,U4H32pFc-Qk,https://vidsrc.to/embed/movie/14282
6858,94,,https://vidsrc.to/embed/movie/11502
6860,104,,https://vidsrc.to/embed/movie/21219
6862,105,gtVWtSTsn4M,https://vidsrc.to/embed/movie/2116
6863,110,KdzWQT0wLCY,https://vidsrc.to/embed/movie/1584
6867,88,031TV29V3e0,https://vidsrc.to/embed/movie/2056
6868,104,tIWMOSKKlgs,https://vidsrc.to/embed/movie/4997
6869,118,,https://vidsrc.to/embed/movie/8439
6870,138,W7NktJhrRYQ,https://vidsrc.to/embed/movie/322
6872,90,htx3igt0ksk,https://vidsrc.to/embed/movie/11059
6874,111,sXwXk3jcrfU,https://vidsrc.to/embed/movie/24
6879,127,c80vGyzA0LI,https://vidsrc.to/embed/movie/11329
6880,98,y2NDtxcE2DY,https://vidsrc.to/embed/movie/9373
6881,81,p4_nmB7PsOo,https://vidsrc.to/embed/movie/1550
6882,116,gG_hs03cPXE,https://vidsrc.to/embed/movie/5493
6883,109,rPK5dnE9CS4,https://vidsrc.to/embed/movie/28200
6884,98,VMpOJFOahqw,https://vidsrc.to/embed/movie/10629
6885,119,vGbAd8vlzfk,https://vidsrc.to/embed/movie/10944
6886,127,p34rR9VWkLQ,https://vidsrc.to/embed/movie/9839
6887,109,bcfvpJvbYyU,https://vidsrc.to/embed/movie/13920
6888,84,O21wD8Tzr2k,https://vidsrc.to/embed/movie/4256
6890,81,ut0SU7VNiko,https://vidsrc.to/embed/movie/1807
6893,99,E41MDJjE87s,https://vidsrc.to/embed/movie/10536
6898,106,WWEpdJ8zcXI,https://vidsrc.to/embed/movie/1376
6899,87,sLcSP7dzRyo,https://vidsrc.to/embed/movie/31397
6902,116,fLSBfpI6cig,https://vidsrc.to/embed/movie/20312
6909,98,QmH5HHdjjBo,https://vidsrc.to/embed/movie/10389
6911,128,,https://vidsrc.to/embed/movie/31206
6912,88,gMif87MKBF4,https://vidsrc.to/embed/movie/28658
6918,110,mgv68E_o6VM,https://vidsrc.to/embed/movie/897
6920,140,taSkmZUa4dY,https://vidsrc.to/embed/movie/11657
6927,106,5yHcniemxQI,https://vidsrc.to/embed/movie/10922
6932,94,fPmMLR-XZ7I,https://vidsrc.to/embed/movie/13537
6934,129,hMbexEPAOQI,https://vidsrc.to/embed/movie/605
6936,97,14o38xfHlXc,https://vidsrc.to/embed/movie/10719
6938,88,r3Fbl3D_MNU,https://vidsrc.to/embed/movie/23995
6939,112,g2CHe2BIrm4,https://vidsrc.to/embed/movie/1277
6942,135,r3mJrSA1x5s,https://vidsrc.to/embed/movie/508
6944,105,o-JEkllZPDE,https://vidsrc.to/embed/movie/11846
6945,116,0HxB9Iu3Hbc,https://vidsrc.to/embed/movie/50314
6947,138,tHTHCNYiiHk,https://vidsrc.to/embed/movie/8619
6948,112,kNn0gj4FP8c,https://vidsrc.to/embed/movie/21525
6949,95,JlPJNlW4PT0,https://vidsrc.to/embed/movie/14892
6951,82,oIPq9Kp-9A0,https://vidsrc.to/embed/movie/10588
6952,98,STxbF5tl5T0,https://vidsrc.to/embed/movie/4970
6953,124,x_tPi8pYzSw,https://vidsrc.to/embed/movie/470
6954,99,H8zyMnzJ8BY,https://vidsrc.to/embed/movie/11042
6957,92,cvXyEiIoH2c,https://vidsrc.to/embed/movie/10147
6958,88,IAJBBmMhC9U,https://vidsrc.to/embed/movie/10756
6959,116,9RKOhYWj8J4,https://vidsrc.to/embed/movie/9562
6961,111,QHoSvQwvrnw,https://vidsrc.to/embed/movie/11012
6965,79,,https://vidsrc.to/embed/movie/158413
6967,103,8UCJz617E8s,https://vidsrc.to/embed/movie/13581
6970,103,jYWSfztLkCw,https://vidsrc.to/embed/movie/24203
6971,113,awJEAVdKeZI,https://vidsrc.to/embed/movie/9065
6974,102,,https://vidsrc.to/embed/movie/10168
6975,109,bH2HS6uWIhQ,https://vidsrc.to/embed/movie/10234
6978,97,EAdgIV7jDgU,https://vidsrc.to/embed/movie/14022
6979,114,TQUsLAAZuhU,https://vidsrc.to/embed/movie/860
6981,125,-uQEPjRog84,https://vidsrc.to/embed/movie/48035
6982,87,JUwdB3PS8jg,https://vidsrc.to/embed/movie/5000
6984,126,gdCZ6FLMYuY,https://vidsrc.to/embed/movie/17831
6985,81,1mbsGj2WS1s,https://vidsrc.to/embed/movie/780
6986,143,ftxWZZQs-j4,https://vidsrc.to/embed/movie/31510
6987,77,6_uvMK0dbMY,https://vidsrc.to/embed/movie/234
6990,110,U63utlzxJ-A,https://vidsrc.to/embed/movie/11583
6992,96,mdE9FXCUIbc,https://vidsrc.to/embed/movie/6472
6993,107,8YPsjtK60ds,https://vidsrc.to/embed/movie/5143
6994,111,0axnlV3jAFc,https://vidsrc.to/embed/movie/11384
6997,140,tTlAAEaxckQ,https://vidsrc.to/embed/movie/10410
6998,109,,https://vidsrc.to/embed/movie/47095
6999,102,bNCG3EI_7N0,https://vidsrc.to/embed/movie/10407
7000,100,rGAf_STSlrY,https://vidsrc.to/embed/movie/9292
7004,111,T4gV5yDqFqc,https://vidsrc.to/embed/movie/951
7005,97,2FEsismdGWY,https://vidsrc.to/embed/movie/10804
7007,105,6UKLRGyovho,https://vidsrc.to/embed/movie/9319
7008,129,_0Vj-B6JVmQ,https://vidsrc.to/embed/movie/1643
7009,135,DNUrWoVDwyY,https://vidsrc.to/embed/movie/2007
7010,115,bUSUfOHwC48,https://vidsrc.to/embed/movie/10995
7012,110,U8E2QhBqpr0,https://vidsrc.to/embed/movie/2612
7013,93,GAxs6tChiKo,https://vidsrc.to/embed/movie/3112
7015,104,o-ti18c-FE8,https://vidsrc.to/embed/movie/2611
7017,84,cqftFJdAvtQ,https://vidsrc.to/embed/movie/10538
7018,127,1baqsbEddrY,https://vidsrc.to/embed/movie/11092
7019,108,T0de66wOE4Y,https://vidsrc.to/embed/movie/18410
7020,90,PixfPsnh5Xw,https://vidsrc.to/embed/movie/14904
7022,113,s4AFmGjndAA,https://vidsrc.to/embed/movie/3176
7023,108,5kVkRhXt3S4,https://vidsrc.to/embed/movie/9261
7024,117,0o2ul-UwOvU,https://vidsrc.to/embed/movie/5336
7026,97,R0zK5ggTyYQ,https://vidsrc.to/embed/movie/14671
7027,133,oPLSventoUI,https://vidsrc.to/embed/movie/11509
7028,89,8uyE3H2r_n4,https://vidsrc.to/embed/movie/10729
7030,114,Gxsfeyl5g7I,https://vidsrc.to/embed/movie/20763
7031,100,m_l5pAi4sxM,https://vidsrc.to/embed/movie/2047
7032,123,QILIRoDUiNU,https://vidsrc.to/embed/movie/14249
7033,111,6_umhEEi-dU,https://vidsrc.to/embed/movie/10021
7037,114,wxPxKefg0LE,https://vidsrc.to/embed/movie/8222
7038,109,LngW9j0y4fM,https://vidsrc.to/embed/movie/20067
7040,116,BQGB-wufbQU,https://vidsrc.to/embed/movie/9846
7041,111,PGHRkervPL4,https://vidsrc.to/embed/movie/23719
7044,125,dQIdBfrF0Ik,https://vidsrc.to/embed/movie/483
7045,91,7mmbKELT2VU,https://vidsrc.to/embed/movie/10166
7046,118,mLs1y_KSTKk,https://vidsrc.to/embed/movie/6069
7047,134,_8FmxPf13vA,https://vidsrc.to/embed/movie/11018
7048,97,D81vrzAu9Ck,https://vidsrc.to/embed/movie/11676
7049,89,lJI1CRzGTIs,https://vidsrc.to/embed/movie/28293
7050,110,VSUlZFXSFAc,https://vidsrc.to/embed/movie/28292
7052,123,_LJZP_4_EN4,https://vidsrc.to/embed/movie/43875
7053,106,xtiKZDwITuY,https://vidsrc.to/embed/movie/31798
7055,103,TgimMImX-VE,https://vidsrc.to/embed/movie/20325
7056,84,ECEcNXe4x8w,https://vidsrc.to/embed/movie/17687
7058,118,FrbQ0YjSFSI,https://vidsrc.to/embed/movie/41465
7059,123,nPBY9yWqs7I,https://vidsrc.to/embed/movie/17641
7060,108,CEUDcqYGK74,https://vidsrc.to/embed/movie/12545
7061,104,Rawg6NoIP7M,https://vidsrc.to/embed/movie/27972
7062,147,8j-U4REl0yE,https://vidsrc.to/embed/movie/898
7063,95,eJDuicFyJPg,https://vidsrc.to/embed/movie/2000
7064,96,IsXkv1mpRUk,https://vidsrc.to/embed/movie/648
7067,148,_BlkrwYJFgI,https://vidsrc.to/embed/movie/19120
7069,141,Zp70jXJFX9M,https://vidsrc.to/embed/movie/11316
7070,133,ZxVCrIMPQXI,https://vidsrc.to/embed/movie/3089
7071,155,d5O7ujg3VQU,https://vidsrc.to/embed/movie/29845
7073,102,y6elEZvYS7w,https://vidsrc.to/embed/movie/1594
7074,65,rsl-1g1IpJU,https://vidsrc.to/embed/movie/32318
7075,101,8mu_aHBFuVY,https://vidsrc.to/embed/movie/11839
7076,113,2TKo_HOfKMI,https://vidsrc.to/embed/movie/916
7078,103,TTr3Mx9P4s8,https://vidsrc.to/embed/movie/1976
7079,117,jfqywxAano4,https://vidsrc.to/embed/movie/31685
7080,89,f2OaJv0NBB8,https://vidsrc.to/embed/movie/3062
7082,99,SNxeoMGISGY,https://vidsrc.to/embed/movie/12708
7083,115,Tged0mdmzaI,https://vidsrc.to/embed/movie/42045
7084,85,zd2EmVEgyuY,https://vidsrc.to/embed/movie/11610
7085,100,wJuDJNhSMGs,https://vidsrc.to/embed/movie/4939
7086,96,,https://vidsrc.to/embed/movie/25016
7088,100,kKtUEpopu6A,https://vidsrc.to/embed/movie/40423
7089,123,BtG9ZM-ZHnY,https://vidsrc.to/embed/movie/7857
7090,99,_USDk5jaGek,https://vidsrc.to/embed/movie/79
7091,68,1RZ6csU7DYY,https://vidsrc.to/embed/movie/13912
7092,95,KwYS7BYIIag,https://vidsrc.to/embed/movie/70881
7093,105,Os4KgsvJ9Ys,https://vidsrc.to/embed/movie/987
7096,90,AT3lveJmjY8,https://vidsrc.to/embed/movie/30140
7099,117,zaskbIZtfxQ,https://vidsrc.to/embed/movie/81
7102,106,G-9wTJoNUnI,https://vidsrc.to/embed/movie/10023
7103,90,,https://vidsrc.to/embed/movie/51036
7107,116,CQ3Vz8CV9bo,https://vidsrc.to/embed/movie/15659
7108,107,O9-oXXq17pI,https://vidsrc.to/embed/movie/18857
7109,110,uJBN0awboIE,https://vidsrc.to/embed/movie/33517
7114,119,5CuxkTnu-CA,https://vidsrc.to/embed/movie/42740
7115,127,xg7b4eLCDPM,https://vidsrc.to/embed/movie/20126
7116,118,BzbGtjtfZwA,https://vidsrc.to/embed/movie/827
7117,93,P3IR80MrfgY,https://vidsrc.to/embed/movie/11811
7118,121,IMSGLZ-1Rmo,https://vidsrc.to/embed/movie/20043
7121,101,tQ5NpJ81AY4,https://vidsrc.to/embed/movie/25431
7122,102,FsOInjrRcOo,https://vidsrc.to/embed/movie/17685
7123,115,nj04OcONu2s,https://vidsrc.to/embed/movie/2742
7124,80,CEsBeO8rclE,https://vidsrc.to/embed/movie/22010
7125,110,j_JTYeLHfcw,https://vidsrc.to/embed/movie/51145
7127,91,gpcO-cUR_1A,https://vidsrc.to/embed/movie/48129
7131,130,xJD1NUEPQis,https://vidsrc.to/embed/movie/18904
7132,91,UY9C9MpoIn4,https://vidsrc.to/embed/movie/37719
7134,104,yWb81mBw6XE,https://vidsrc.to/embed/movie/9063
7141,83,xDIhXB5c0cA,https://vidsrc.to/embed/movie/22289
7143,154,QZpQrc0R6J0,https://vidsrc.to/embed/movie/616
7149,128,6zVzIaEuXS4,https://vidsrc.to/embed/movie/6964
7150,119,ZaZtut5al68,https://vidsrc.to/embed/movie/1792
7151,101,8awflTA4QYE,https://vidsrc.to/embed/movie/3635
7153,201,zckJCxYxn1g,https://vidsrc.to/embed/movie/122
7154,117,VqexVyd_ybI,https://vidsrc.to/embed/movie/11820
7155,108,dXjjQPlctd0,https://vidsrc.to/embed/movie/8696
7156,107,1WMmpqMaQYI,https://vidsrc.to/embed/movie/12698
7158,126,8Y-0cSERrvE,https://vidsrc.to/embed/movie/11093
7160,109,vq70brIQP40,https://vidsrc.to/embed/movie/504
7161,98,csiX-mSqkGc,https://vidsrc.to/embed/movie/11007
7162,154,VuGqy7BZyIo,https://vidsrc.to/embed/movie/2289
7163,119,DsN52jTlxzk,https://vidsrc.to/embed/movie/9620
7164,113,gVC0bENF-Ec,https://vidsrc.to/embed/movie/10601
7165,112,U6rlWpWRPVU,https://vidsrc.to/embed/movie/52036
7167,110,n1rKG6jshtw,https://vidsrc.to/embed/movie/13433
7169,111,kj5EQGrzfC4,https://vidsrc.to/embed/movie/14844
7171,89,rExhihAZGxg,https://vidsrc.to/embed/movie/37088
7173,90,BTXS-5D_U8k,https://vidsrc.to/embed/movie/5966
7175,84,olxto6CgFPo,https://vidsrc.to/embed/movie/10718
7176,96,SDADriMrEls,https://vidsrc.to/embed/movie/40427
7177,83,B45o08SssgA,https://vidsrc.to/embed/movie/14757
7178,144,ObO_2R_aDuI,https://vidsrc.to/embed/movie/11034
7179,105,a6eTho1jxuM,https://vidsrc.to/embed/movie/25095
7181,149,mUFQYnMCwaQ,https://vidsrc.to/embed/movie/30080
7184,110,kyGmrAlDpxE,https://vidsrc.to/embed/movie/65012
7190,110,,https://vidsrc.to/embed/movie/131313
7191,78,M3gwuyHa9yA,https://vidsrc.to/embed/movie/34151
7192,99,tJRLI_O9Reo,https://vidsrc.to/embed/movie/15797
7193,102,O1s3pfSsjWw,https://vidsrc.to/embed/movie/9548
7202,95,6d5n6rP-eQI,https://vidsrc.to/embed/movie/11429
7205,119,3qDFX1-ORKc,https://vidsrc.to/embed/movie/14815
7206,118,vqVpQ6S0BDA,https://vidsrc.to/embed/movie/427
7208,113,bjsQOohEJFA,https://vidsrc.to/embed/movie/3022
7209,87,BoQTEEmoZgM,https://vidsrc.to/embed/movie/778
7211,110,TvLNaV-ja4E,https://vidsrc.to/embed/movie/23152
7212,105,Z_7L-sWWG1Q,https://vidsrc.to/embed/movie/23567
7215,100,0UlUzhnehvc,https://vidsrc.to/embed/movie/22584
7216,100,X-oPLZYOCcM,https://vidsrc.to/embed/movie/27725
7217,106,xIlb9cHlueA,https://vidsrc.to/embed/movie/16227
7218,76,hKd34tmlqko,https://vidsrc.to/embed/movie/980
7219,95,Qqaql-FSvHQ,https://vidsrc.to/embed/movie/16933
7223,83,,https://vidsrc.to/embed/movie/18995
7225,86,TdP20ALOA3Y,https://vidsrc.to/embed/movie/5205
7228,102,J-RypXeH8Fo,https://vidsrc.to/embed/movie/14239
7234,115,GrE7syApSkA,https://vidsrc.to/embed/movie/405
7235,129,YWnd581Ihgo,https://vidsrc.to/embed/movie/9696
7236,91,eM7MCPF36xM,https://vidsrc.to/embed/movie/4917
7238,103,O6kcDS5QM6I,https://vidsrc.to/embed/movie/5055
7243,197,f0yEkRCpCmw,https://vidsrc.to/embed/movie/3059
7245,75,vVQ9qawk7I8,https://vidsrc.to/embed/movie/28586
7247,144,CV75eP3_WF4,https://vidsrc.to/embed/movie/11708
7251,104,jUKs4kqiDQA,https://vidsrc.to/embed/movie/17736
7254,113,KctopagSGJE,https://vidsrc.to/embed/movie/1954
7255,95,GbcH9KCN4Xk,https://vidsrc.to/embed/movie/13476
7256,106,jtnqVZEktyg,https://vidsrc.to/embed/movie/11194
7258,93,wUHzFQFHOUM,https://vidsrc.to/embed/movie/13505
7259,95,UqLHJoHTVJg,https://vidsrc.to/embed/movie/14114
7260,108,hkURRsUpq10,https://vidsrc.to/embed/movie/15708
7262,92,beER2ztu1PE,https://vidsrc.to/embed/movie/20483
7263,135,X7xfRXGMrDM,https://vidsrc.to/embed/movie/14292
7264,97,,https://vidsrc.to/embed/movie/44539
7265,115,9DsxpEA9EUc,https://vidsrc.to/embed/movie/1278
7266,90,j8D0PQQDptM,https://vidsrc.to/embed/movie/18841
7282,86,,https://vidsrc.to/embed/movie/76176
7285,100,a_OlFt2XgmE,https://vidsrc.to/embed/movie/11023
7292,94,iaGY6TmpRT8,https://vidsrc.to/embed/movie/11221
7293,99,17KJk3ErIx0,https://vidsrc.to/embed/movie/1824
7294,110,ydxisYfODz4,https://vidsrc.to/embed/movie/16784
7297,95,VxXT1A4zqcU,https://vidsrc.to/embed/movie/11083
7299,91,,https://vidsrc.to/embed/movie/337
7301,115,hXLcNxG0OtM,https://vidsrc.to/embed/movie/43376
7302,149,msVH7dZkB8o,https://vidsrc.to/embed/movie/28963
7303,179,nLCooqzoFtA,https://vidsrc.to/embed/movie/2576
7305,102,sDQjTZvVXWU,https://vidsrc.to/embed/movie/19345
7306,123,Qx7Ylt-Bwwc,https://vidsrc.to/embed/movie/14430
7307,126,4g_xqC4VBFQ,https://vidsrc.to/embed/movie/12775
7308,100,LI4xsKHBx8c,https://vidsrc.to/embed/movie/9838
7310,106,nEthOuSTxak,https://vidsrc.to/embed/movie/2099
7311,114,3lk8Th5SAkE,https://vidsrc.to/embed/movie/42852
7312,131,o4dHmLu07HY,https://vidsrc.to/embed/movie/40454
7316,90,OjdHGTBYDsc,https://vidsrc.to/embed/movie/11132
7317,92,UhaoTcD60q4,https://vidsrc.to/embed/movie/9352
7318,127,4Aif1qEB_JU,https://vidsrc.to/embed/movie/615
7319,104,mEoysl_tMqA,https://vidsrc.to/embed/movie/11217
7320,86,LBGEbEqQAsY,https://vidsrc.to/embed/movie/10677
7321,97,JhvMpmWyHVg,https://vidsrc.to/embed/movie/13572
7323,121,mIjSaHUKD5I,https://vidsrc.to/embed/movie/338
7324,136,jxp9NEdQ4Fs,https://vidsrc.to/embed/movie/2023
7325,101,Y0bdqhP-SMw,https://vidsrc.to/embed/movie/9384
7326,112,uA1UojoCYfs,https://vidsrc.to/embed/movie/25935
7327,84,8ZO01M8k1mg,https://vidsrc.to/embed/movie/797
7328,101,v0nL84KIv90,https://vidsrc.to/embed/movie/42602
7333,92,-WEapOCjFBI,https://vidsrc.to/embed/movie/29084
7336,158,MFRZZ2k2iGk,https://vidsrc.to/embed/movie/41876
7345,100,3t-pTVmIHqg,https://vidsrc.to/embed/movie/17047
7346,110,0rD3Qkh-238,https://vidsrc.to/embed/movie/10591
7349,87,-Dq0bKauUa8,https://vidsrc.to/embed/movie/49689
7352,111,,https://vidsrc.to/embed/movie/156
7354,96,FyMnAp0WWJA,https://vidsrc.to/embed/movie/10433
7357,157,6mE98wOuyO0,https://vidsrc.to/embed/movie/43236
7360,101,DV8mJcuYVaA,https://vidsrc.to/embed/movie/924
7361,108,c2e-bj6qy8Y,https://vidsrc.to/embed/movie/38
7362,103,Uj85gr6R1as,https://vidsrc.to/embed/movie/11081
7364,105,x1X_5yCgTAc,https://vidsrc.to/embed/movie/16941
7366,102,CL04A-DrIEQ,https://vidsrc.to/embed/movie/9541
7367,104,BVL6AjybCZ0,https://vidsrc.to/embed/movie/5516
7368,88,sCqS_nd2_EY,https://vidsrc.to/embed/movie/20304
7369,93,mwsDWv26sVM,https://vidsrc.to/embed/movie/11024
7371,178,J5-LqwUHTaM,https://vidsrc.to/embed/movie/553
7372,110,IdpcBIP7bvg,https://vidsrc.to/embed/movie/10544
7373,122,qc4-3QmiFak,https://vidsrc.to/embed/movie/1487
7375,111,IWkNz_5tLac,https://vidsrc.to/embed/movie/11137
7376,86,ZGn_qOhEYoI,https://vidsrc.to/embed/movie/11358
7379,137,u9T5HMtr0WA,https://vidsrc.to/embed/movie/10733
7380,96,OoSUHgs7hCs,https://vidsrc.to/embed/movie/14442
7381,98,bdQxiIfGxxM,https://vidsrc.to/embed/movie/2122
7382,108,aqv11VJVkf4,https://vidsrc.to/embed/movie/25300
7386,220,KBzbyIPWVT4,https://vidsrc.to/embed/movie/6844
7387,127,Y_EviQj5tvA,https://vidsrc.to/embed/movie/923
7394,138,0X73Oble8j0,https://vidsrc.to/embed/movie/10338
7395,85,Pyh4UZ0Dw7I,https://vidsrc.to/embed/movie/33839
7396,169,,https://vidsrc.to/embed/movie/133919
7411,87,o-1jN3UhHCM,https://vidsrc.to/embed/movie/4365
7414,97,D96Ww7RXQ9g,https://vidsrc.to/embed/movie/65066
7419,97,wixOBXjZvtw,https://vidsrc.to/embed/movie/10843
7439,124,TqVSFchQEyM,https://vidsrc.to/embed/movie/7220
7440,82,,https://vidsrc.to/embed/movie/33823
7443,89,,https://vidsrc.to/embed/movie/126117
7444,98,_pmFp2W65Fs,https://vidsrc.to/embed/movie/10096
7445,146,eDDh50B6kA4,https://vidsrc.to/embed/movie/9509
7448,99,aBDQiiItVyQ,https://vidsrc.to/embed/movie/10710
7449,102,iMIBmhQZCKk,https://vidsrc.to/embed/movie/11058
7451,97,EMzEmGfTuM4,https://vidsrc.to/embed/movie/10625
7454,132,3fdRKme00uI,https://vidsrc.to/embed/movie/7131
7457,85,IPeL9AsrDPg,https://vidsrc.to/embed/movie/16428
7458,163,6FG3BfPuwBA,https://vidsrc.to/embed/movie/652
7459,145,,https://vidsrc.to/embed/movie/8440
7460,97,mM6Mpn0-eyQ,https://vidsrc.to/embed/movie/883
7477,96,L3x9RpAmjRc,https://vidsrc.to/embed/movie/10375
7479,114,fIaTKBRcxgk,https://vidsrc.to/embed/movie/68440
7481,108,J8wLPApYGOw,https://vidsrc.to/embed/movie/11864
7482,102,CDUw0ruKzNY,https://vidsrc.to/embed/movie/9461
7486,96,cU_u8xQspQg,https://vidsrc.to/embed/movie/18329
7487,136,,https://vidsrc.to/embed/movie/17993
7492,95,Cgs3U-gLZwE,https://vidsrc.to/embed/movie/26517
7493,91,hTfmyD4NsEk,https://vidsrc.to/embed/movie/28285
7541,95,ihI3Y21aqOk,https://vidsrc.to/embed/movie/10035
7560,112,filmUN4W59I,https://vidsrc.to/embed/movie/502
7561,92,BOE0WQ-GVEA,https://vidsrc.to/embed/movie/41965
7562,103,fwRAW7GzGJA,https://vidsrc.to/embed/movie/10347
7566,136,,https://vidsrc.to/embed/movie/20561
7569,117,gMXuLObYidM,https://vidsrc.to/embed/movie/667
7570,131,q1hLWZzgZvU,https://vidsrc.to/embed/movie/700
7572,99,,https://vidsrc.to/embed/movie/26976
7573,134,B9KQmIVnT0o,https://vidsrc.to/embed/movie/36670
7579,118,sk4hAHHB7L8,https://vidsrc.to/embed/movie/43818
7581,112,UlI24CTWxmE,https://vidsrc.to/embed/movie/24650
7584,114,PtQq5CVOG2E,https://vidsrc.to/embed/movie/20640
7587,105,PTFV07ah4fY,https://vidsrc.to/embed/movie/5511
7614,145,w-vFeZBWiDE,https://vidsrc.to/embed/movie/13936
7615,91,m075dap8xP4,https://vidsrc.to/embed/movie/294
7616,114,UuQN3rTi27I,https://vidsrc.to/embed/movie/11507
7618,145,7tXo1S8c0hc,https://vidsrc.to/embed/movie/10435
7619,106,91bb-kvF9XA,https://vidsrc.to/embed/movie/1162
7620,87,,https://vidsrc.to/embed/movie/34328
7624,106,PWj_zc7RBFQ,https://vidsrc.to/embed/movie/14684
7636,92,XczemP7GJvc,https://vidsrc.to/embed/movie/13937
7647,103,gHQZPtseP8E,https://vidsrc.to/embed/movie/26670
7650,87,yXtu-nhyXak,https://vidsrc.to/embed/movie/31965
7657,120,wg7ljhZuJJc,https://vidsrc.to/embed/movie/5842
7698,122,bIGH1AfIS18,https://vidsrc.to/embed/movie/988
7700,154,ZYDZ3vNa-MQ,https://vidsrc.to/embed/movie/204
7701,81,_S_ux6f1Z_U,https://vidsrc.to/embed/movie/9356
7702,126,vwE2HDSRtaA,https://vidsrc.to/embed/movie/32430
7704,129,eEqj2cBYUAo,https://vidsrc.to/embed/movie/16113
7705,95,llKImTsSmnY,https://vidsrc.to/embed/movie/33575
7706,98,0ykYqkECz9E,https://vidsrc.to/embed/movie/13913
7707,115,-fhsJJNuxBA,https://vidsrc.to/embed/movie/17956
7708,103,FsyqpUP1knQ,https://vidsrc.to/embed/movie/18209
7713,73,w-MIQyzBWHs,https://vidsrc.to/embed/movie/25508
7714,180,hzaeisqxtvQ,https://vidsrc.to/embed/movie/18978
7716,90,QawfWX6FcgE,https://vidsrc.to/embed/movie/27171
7720,107,zJZoDf5Lz-Q,https://vidsrc.to/embed/movie/12310
7727,96,ablX3pDcF_Q,https://vidsrc.to/embed/movie/37296
7728,113,n2R4I84QS5M,https://vidsrc.to/embed/movie/25736
7730,99,0GmhD-MnoQM,https://vidsrc.to/embed/movie/25389
7742,82,,https://vidsrc.to/embed/movie/52794
7743,109,D3PzxPzpaSQ,https://vidsrc.to/embed/movie/9872
7748,110,TVvhJrrgfs0,https://vidsrc.to/embed/movie/2786
7749,104,dFJLuhVvBPM,https://vidsrc.to/embed/movie/8075
7753,89,V1N4W7_Qhao,https://vidsrc.to/embed/movie/26133
7756,109,2sCdPWsQnYM,https://vidsrc.to/embed/movie/10235
7757,104,WbWmMsyqf6k,https://vidsrc.to/embed/movie/11533
7766,108,oa0CcrHB4rc,https://vidsrc.to/embed/movie/3777
7767,367,eIozQwKTxp0,https://vidsrc.to/embed/movie/11659
7773,89,2WTij_Dzq98,https://vidsrc.to/embed/movie/16876
7781,94,,https://vidsrc.to/embed/movie/77780
7782,98,,https://vidsrc.to/embed/movie/9545
7786,87,,https://vidsrc.to/embed/movie/28030
7789,134,3haDg8wk3BE,https://vidsrc.to/embed/movie/1926
7792,102,Qz0qRlQPdCs,https://vidsrc.to/embed/movie/17365
7802,94,IAn_PrquNIY,https://vidsrc.to/embed/movie/11474
7810,94,,https://vidsrc.to/embed/movie/10916
7811,94,,https://vidsrc.to/embed/movie/10921
7812,94,,https://vidsrc.to/embed/movie/10941
7815,89,5MIHT9d25wY,https://vidsrc.to/embed/movie/24798
7820,90,IBf4PnJGkZk,https://vidsrc.to/embed/movie/11656
7822,116,--GdJaV-kIo,https://vidsrc.to/embed/movie/25009
7826,110,awthjYwVAr4,https://vidsrc.to/embed/movie/40092
7831,103,UiV6HqEPhQ0,https://vidsrc.to/embed/movie/14589
7832,101,G-_ZRSRs4ls,https://vidsrc.to/embed/movie/14594
7833,97,y0phygBlzxI,https://vidsrc.to/embed/movie/14590
7834,112,gql78s6drdM,https://vidsrc.to/embed/movie/14588
7843,93,,https://vidsrc.to/embed/movie/1583
7844,106,g5Ej_RjrNM8,https://vidsrc.to/embed/movie/17653
7845,100,NVO9NvWkJfk,https://vidsrc.to/embed/movie/11069
7846,104,A8vaV9xjnpA,https://vidsrc.to/embed/movie/10829
7879,95,,https://vidsrc.to/embed/movie/57946
7882,91,4V6DUuaRlUs,https://vidsrc.to/embed/movie/29049
7883,69,R0NhhvTNND0,https://vidsrc.to/embed/movie/27130
7884,103,R7AwygkhuL8,https://vidsrc.to/embed/movie/8468
7888,121,NftdqRWxuh8,https://vidsrc.to/embed/movie/22682
7889,115,SVDryeFDRPs,https://vidsrc.to/embed/movie/11577
7891,87,4i7mcozmMZ4,https://vidsrc.to/embed/movie/21159
7894,157,EccOlGxfwJI,https://vidsrc.to/embed/movie/336
7895,113,SpZApvgrv6s,https://vidsrc.to/embed/movie/11942
7896,94,O8a70CB8mzU,https://vidsrc.to/embed/movie/36206
7899,93,_o_49R60zCQ,https://vidsrc.to/embed/movie/49636
7900,101,1ylPaweSVfw,https://vidsrc.to/embed/movie/3075
7916,95,Y5suc-Yexpw,https://vidsrc.to/embed/movie/43096
7920,91,ndpvmPqWN04,https://vidsrc.to/embed/movie/14262
7924,122,afA0M0rO72I,https://vidsrc.to/embed/movie/30368
7925,139,63c8g9j1uKs,https://vidsrc.to/embed/movie/1059
7926,142,ELsgPvgDBoY,https://vidsrc.to/embed/movie/12493
7930,103,Jp8FkfhSWK4,https://vidsrc.to/embed/movie/13122
7932,82,MjjQJipwSxQ,https://vidsrc.to/embed/movie/14273
7934,79,-ih7lQxrtds,https://vidsrc.to/embed/movie/11030
7936,104,aTUIajGQLD8,https://vidsrc.to/embed/movie/26372
7937,95,xddkAomes8k,https://vidsrc.to/embed/movie/11506
7938,80,S_ihGR6Wung,https://vidsrc.to/embed/movie/29455
7939,91,6AmG2Dq5OGM,https://vidsrc.to/embed/movie/11602
7940,102,6ZVCTk7Zcwg,https://vidsrc.to/embed/movie/29453
7943,103,Cq_gxqCaFms,https://vidsrc.to/embed/movie/14638
7944,118,MLC3h4KZ5SU,https://vidsrc.to/embed/movie/14703
7951,121,55kw4xDCs3A,https://vidsrc.to/embed/movie/20481
7976,97,fG2XpMIPPCo,https://vidsrc.to/embed/movie/7090
7979,80,5uk0PbILVa0,https://vidsrc.to/embed/movie/42632
7980,175,TuGPMo1WKZg,https://vidsrc.to/embed/movie/5902
7982,115,Ln0gWJE7SAU,https://vidsrc.to/embed/movie/4552
7983,84,q3f2DabnAg0,https://vidsrc.to/embed/movie/12762
7984,85,1g6zAkYiCOU,https://vidsrc.to/embed/movie/14510
7986,85,f6AK-Kq46CM,https://vidsrc.to/embed/movie/15618
7987,77,cXfX5hYDD9c,https://vidsrc.to/embed/movie/24341
7988,95,4ZdaOw_AjQ0,https://vidsrc.to/embed/movie/10690
7991,80,4ioEobXy83Q,https://vidsrc.to/embed/movie/13282
8008,108,fooa_wJ6WpM,https://vidsrc.to/embed/movie/18283
8010,127,B_2FNpN14PI,https://vidsrc.to/embed/movie/13823
8012,121,EhUsQvoAeAY,https://vidsrc.to/embed/movie/4291
8014,103,3rIgudJbHek,https://vidsrc.to/embed/movie/113
8015,90,pZ1ldmMzmvk,https://vidsrc.to/embed/movie/28476
8016,123,7E116rgO7wU,https://vidsrc.to/embed/movie/5916
8019,101,OngfcStSz50,https://vidsrc.to/embed/movie/12205
8024,116,8jQ9j5D_AhI,https://vidsrc.to/embed/movie/27804
8025,96,Fs7FGGvRQYU,https://vidsrc.to/embed/movie/46187
8033,123,UPStHOzjQWU,https://vidsrc.to/embed/movie/3001
8035,119,S6b0y0FP8UA,https://vidsrc.to/embed/movie/39434
8042,112,g9xHpS10CZ0,https://vidsrc.to/embed/movie/203
8043,99,vH6p2cgDbck,https://vidsrc.to/embed/movie/38749
8044,92,24R9vDcviKQ,https://vidsrc.to/embed/movie/29740
8045,110,WMZfJk7LoK4,https://vidsrc.to/embed/movie/10652
8057,120,nybbP_21wes,https://vidsrc.to/embed/movie/33632
8092,85,FrNfBd_uYbk,https://vidsrc.to/embed/movie/3072
8093,125,iVGp7gBHz-4,https://vidsrc.to/embed/movie/10355
8094,81,Zksp3h0sUro,https://vidsrc.to/embed/movie/14554
8117,91,QKVuCfX1A9c,https://vidsrc.to/embed/movie/250
8118,110,q-8LgRGZ5hI,https://vidsrc.to/embed/movie/19086
8121,108,WIC5CeiKQEQ,https://vidsrc.to/embed/movie/41277
8125,94,PCgbFay53BA,https://vidsrc.to/embed/movie/631
8126,102,5vn4WcUkHoA,https://vidsrc.to/embed/movie/25504
8128,105,qIaTVS7iQQk,https://vidsrc.to/embed/movie/1786
8131,93,,https://vidsrc.to/embed/movie/210937
8132,101,hnh-7a8-TTI,https://vidsrc.to/embed/movie/16219
8136,72,,https://vidsrc.to/embed/movie/48385
8137,61,yQyhpo8_oys,https://vidsrc.to/embed/movie/27545
8138,62,2uuO0m8ZHdg,https://vidsrc.to/embed/movie/22718
8142,105,9RksoyvOxwE,https://vidsrc.to/embed/movie/11315
8143,116,KuLb53N-XCY,https://vidsrc.to/embed/movie/35987
8153,122,2Z3xHMNHQUs,https://vidsrc.to/embed/movie/29592
8154,176,yg3--NK-Xzo,https://vidsrc.to/embed/movie/439
8167,119,,https://vidsrc.to/embed/movie/16905
8183,106,-9v_36XKfos,https://vidsrc.to/embed/movie/38291
8189,93,5bZ5MoRKYTg,https://vidsrc.to/embed/movie/2546
8190,115,c9IYZx3GjBU,https://vidsrc.to/embed/movie/42791
8191,145,c0pA8QMEEww,https://vidsrc.to/embed/movie/22522
8196,109,xGy05ClqiL8,https://vidsrc.to/embed/movie/5722
8197,92,CLts830aLlw,https://vidsrc.to/embed/movie/5544
8199,96,C8Z3DYtUP0E,https://vidsrc.to/embed/movie/14696
8207,143,,https://vidsrc.to/embed/movie/4909
8225,88,BHXb6t7tV9w,https://vidsrc.to/embed/movie/19185
8228,80,,https://vidsrc.to/embed/movie/28257
8232,99,KCDM8bXA-rw,https://vidsrc.to/embed/movie/20643
8235,73,rhNtSU8ubf0,https://vidsrc.to/embed/movie/22596
8236,100,HexzEg3cxJY,https://vidsrc.to/embed/movie/36786
8238,108,-LsH8Z9lZh0,https://vidsrc.to/embed/movie/27459
8241,105,RYxF6KgUQZ4,https://vidsrc.to/embed/movie/25224
8253,102,xmKP3zp3Mug,https://vidsrc.to/embed/movie/15371
8254,142,xR4Aq-p8thE,https://vidsrc.to/embed/movie/11044
8261,124,9K8nRZBZvqc,https://vidsrc.to/embed/movie/41662
8264,95,mumWYU5aHBU,https://vidsrc.to/embed/movie/17346
8266,111,fzp2HP4gaJ0,https://vidsrc.to/embed/movie/13763
8268,108,GUXSN2ZOKw8,https://vidsrc.to/embed/movie/10498
8270,82,NCeLfMsOy0Y,https://vidsrc.to/embed/movie/11796
8275,65,1BWMJ06xDN0,https://vidsrc.to/embed/movie/34847
8293,115,,https://vidsrc.to/embed/movie/41779
8302,101,,https://vidsrc.to/embed/movie/42814
8327,114,jKoDf0Yrphw,https://vidsrc.to/embed/movie/870
8331,112,U8rMpemxZrU,https://vidsrc.to/embed/movie/26319
8335,92,AeKsY3Kg2OU,https://vidsrc.to/embed/movie/41059
8336,100,KGN7Vnb7o9A,https://vidsrc.to/embed/movie/39871
8338,100,xpIMTC9ZBns,https://vidsrc.to/embed/movie/16391
8341,121,Z2Oc0wuRA-I,https://vidsrc.to/embed/movie/10949
8360,92,xBgSfhp5Fxo,https://vidsrc.to/embed/movie/809
8361,123,Gjq9k2XoLv8,https://vidsrc.to/embed/movie/435
8363,86,ViKNcrmz8iM,https://vidsrc.to/embed/movie/12657
8364,108,qBbnwWjr6rw,https://vidsrc.to/embed/movie/28219
8366,92,cgWdUumlgUo,https://vidsrc.to/embed/movie/13193
8368,141,VwErvYgoH70,https://vidsrc.to/embed/movie/673
8369,106,ZTLaj8JuIsc,https://vidsrc.to/embed/movie/16617
8370,116,hfMSfvmUPH8,https://vidsrc.to/embed/movie/246
8371,119,6kVvQ1Rtb9k,https://vidsrc.to/embed/movie/2789
8372,80,5g1SLGRM6qU,https://vidsrc.to/embed/movie/8920
8375,90,,https://vidsrc.to/embed/movie/26254
8378,122,OIPv-pjABbk,https://vidsrc.to/embed/movie/26142
8379,118,,https://vidsrc.to/embed/movie/42122
8380,95,UkaKSRWdPJM,https://vidsrc.to/embed/movie/65137
8383,90,9lfq7yY3vRQ,https://vidsrc.to/embed/movie/21544
8385,107,aMeBdaICj1I,https://vidsrc.to/embed/movie/40894
8387,83,DPjBOnC7z1s,https://vidsrc.to/embed/movie/11546
8391,120,-iP4bAuD4NM,https://vidsrc.to/embed/movie/18387
8402,82,,https://vidsrc.to/embed/movie/52560
8405,88,DXk6VXs6jh4,https://vidsrc.to/embed/movie/18333
8410,77,,https://vidsrc.to/embed/movie/18398
8425,90,,https://vidsrc.to/embed/movie/76516
8426,93,JyR51psl15c,https://vidsrc.to/embed/movie/33441
8446,100,Xp5cNZ4JTjQ,https://vidsrc.to/embed/movie/18712
8447,85,eZz2AeXca40,https://vidsrc.to/embed/movie/831
8450,141,,https://vidsrc.to/embed/movie/37658
8451,101,Amyo9HNLSgI,https://vidsrc.to/embed/movie/26516
8454,103,,https://vidsrc.to/embed/movie/10573
8456,111,PfXZVqdLKcE,https://vidsrc.to/embed/movie/26451
8458,122,,https://vidsrc.to/embed/movie/54568
8459,115,ltjOydHAO0M,https://vidsrc.to/embed/movie/28571
8462,104,4YlNEDus69U,https://vidsrc.to/embed/movie/43336
8463,102,arZQyXMyZ6Y,https://vidsrc.to/embed/movie/62000
8464,100,as2zMlxeOkw,https://vidsrc.to/embed/movie/9372
8465,107,FpDf1x__UdY,https://vidsrc.to/embed/movie/41495
8477,29,jO4W6TPkSD8,https://vidsrc.to/embed/movie/662
8481,126,a1VZWty39-U,https://vidsrc.to/embed/movie/43805
8482,111,jp7xAM-ZCCg,https://vidsrc.to/embed/movie/16559
8484,204,p4qufXQSfzY,https://vidsrc.to/embed/movie/31217
8487,112,knOY2dCfNI4,https://vidsrc.to/embed/movie/19414
8492,86,OMiKLk-AUpI,https://vidsrc.to/embed/movie/13188
8493,107,0pRlI9-WyqU,https://vidsrc.to/embed/movie/12651
8494,102,sWBWeVVaIPk,https://vidsrc.to/embed/movie/886
8495,94,dG1Lrf4k8Ds,https://vidsrc.to/embed/movie/9791
8500,84,,https://vidsrc.to/embed/movie/38582
8501,98,dTs-9jKh5_U,https://vidsrc.to/embed/movie/9542
8502,107,AcGVUcc3Fn0,https://vidsrc.to/embed/movie/17820
8506,91,yOQA2RLAVfs,https://vidsrc.to/embed/movie/37696
8507,64,GjzvvYX8hmk,https://vidsrc.to/embed/movie/136
8511,24,,https://vidsrc.to/embed/movie/47653
8512,87,sGwWrtVYXWs,https://vidsrc.to/embed/movie/10970
8518,89,46ybS7cebuU,https://vidsrc.to/embed/movie/42812
8521,96,,https://vidsrc.to/embed/movie/3019
8526,120,tFe7H-7YWD0,https://vidsrc.to/embed/movie/10204
8528,93,rZfmbdpVLAA,https://vidsrc.to/embed/movie/9472
8529,128,GZjC9dAvWuU,https://vidsrc.to/embed/movie/594
8530,105,NJ9Fqzj0psI,https://vidsrc.to/embed/movie/8981
8531,109,aeVkbNka9HM,https://vidsrc.to/embed/movie/12153
8532,111,,https://vidsrc.to/embed/movie/1944
8533,123,FC6biTjEyZw,https://vidsrc.to/embed/movie/11036
8534,109,xvRZIAwkTvQ,https://vidsrc.to/embed/movie/1997
8535,125,2gd3UnlpLXc,https://vidsrc.to/embed/movie/15237
8542,109,z29ojMxZp_o,https://vidsrc.to/embed/movie/11939
8571,105,4LfRyUPgp-c,https://vidsrc.to/embed/movie/26520
8575,90,,https://vidsrc.to/embed/movie/24908
8577,99,roo8Xm-I6eI,https://vidsrc.to/embed/movie/25783
8578,97,UcJpT2bAbk8,https://vidsrc.to/embed/movie/8991
8580,153,,https://vidsrc.to/embed/movie/23378
8581,97,ZNQk-s6BMH8,https://vidsrc.to/embed/movie/3293
8582,167,7LVsiP0s33A,https://vidsrc.to/embed/movie/36947
8587,94,,https://vidsrc.to/embed/movie/61487
8591,102,QfSzX3UiZFA,https://vidsrc.to/embed/movie/10606
8593,96,ECi021J_j18,https://vidsrc.to/embed/movie/16136
8596,99,M81t8Wbnhyk,https://vidsrc.to/embed/movie/6081
8600,97,z5qzZJ7K_B8,https://vidsrc.to/embed/movie/13696
8604,86,qYBNjVnbtFg,https://vidsrc.to/embed/movie/2330
8605,87,,https://vidsrc.to/embed/movie/2334
8607,92,abN9w3C46Aw,https://vidsrc.to/embed/movie/13398
8610,93,y2FgCNpq7II,https://vidsrc.to/embed/movie/10631
8611,97,mhta6TYF00E,https://vidsrc.to/embed/movie/43466
8614,112,tHsO4OUYyXs,https://vidsrc.to/embed/movie/10780
8617,109,FH0xqOJyycI,https://vidsrc.to/embed/movie/23724
8620,93,,https://vidsrc.to/embed/movie/29264
8622,123,lQm4efsmVGA,https://vidsrc.to/embed/movie/1777
8623,107,BTZImXfnrXM,https://vidsrc.to/embed/movie/11584
8626,98,sHgrprYdsJg,https://vidsrc.to/embed/movie/26811
8632,92,,https://vidsrc.to/embed/movie/161080
8633,101,4R2UFlSc4mI,https://vidsrc.to/embed/movie/11884
8636,127,CA5vsCnLm34,https://vidsrc.to/embed/movie/558
8638,80,jx0UWbMMZOQ,https://vidsrc.to/embed/movie/80
8640,126,8Fw_1TwxTRU,https://vidsrc.to/embed/movie/9477
8643,95,B_VFs9j95gc,https://vidsrc.to/embed/movie/11247
8644,115,ry1N9lrzt7A,https://vidsrc.to/embed/movie/2048
8645,101,FkdFcCtrFzI,https://vidsrc.to/embed/movie/436
8650,170,oMqvzhFXXyg,https://vidsrc.to/embed/movie/43004
8656,85,FfEfyRLlXwU,https://vidsrc.to/embed/movie/10754
8665,108,zsrdBGr8NIk,https://vidsrc.to/embed/movie/2502
8666,104,Fp7MeqkCUfc,https://vidsrc.to/embed/movie/314
8667,96,E-jE6R90fY4,https://vidsrc.to/embed/movie/18923
8684,101,o6nHFpKK6Lc,https://vidsrc.to/embed/movie/15244
8685,91,,https://vidsrc.to/embed/movie/62395
8690,100,yXsiwjK_cfQ,https://vidsrc.to/embed/movie/24559
8695,95,suIG0pVI33I,https://vidsrc.to/embed/movie/27437
8711,94,oLCjMCH8YTY,https://vidsrc.to/embed/movie/32294
8712,88,hsMArAsctbM,https://vidsrc.to/embed/movie/41463
8713,100,HpVQLewSMC0,https://vidsrc.to/embed/movie/19051
8714,128,yrGoMtorvl0,https://vidsrc.to/embed/movie/43485
8720,86,0uhm03zFQsg,https://vidsrc.to/embed/movie/53287
8724,186,06f7f24lpUI,https://vidsrc.to/embed/movie/1040
8727,145,47Oeu9NuwEU,https://vidsrc.to/embed/movie/5122
8730,108,uK_RihZLeu0,https://vidsrc.to/embed/movie/1783
8738,83,vmxc2B2o08Y,https://vidsrc.to/embed/movie/31522
8748,119,A6Rrj3LgAPs,https://vidsrc.to/embed/movie/42801
8753,50,,https://vidsrc.to/embed/movie/41316
8754,116,CXA0N55c3iw,https://vidsrc.to/embed/movie/5179
8755,246,CK5PRxvXiCw,https://vidsrc.to/embed/movie/53198
8765,81,GSx-CiuC-QA,https://vidsrc.to/embed/movie/16703
8771,60,n7dlM8nIp0c,https://vidsrc.to/embed/movie/20408
8772,112,52_3k1R3O9Q,https://vidsrc.to/embed/movie/13580
8773,68,e3ZTQvkyJ4k,https://vidsrc.to/embed/movie/18706
8774,68,jBoZ8mKP-3A,https://vidsrc.to/embed/movie/34327
8778,72,YcVGBo-sqoQ,https://vidsrc.to/embed/movie/20417
8781,130,rJ-CKZnqyqs,https://vidsrc.to/embed/movie/14462
8782,95,lGOwT8goZZY,https://vidsrc.to/embed/movie/14623
8783,108,c7TL1BZegLo,https://vidsrc.to/embed/movie/6947
8784,102,u82n0e1mgmQ,https://vidsrc.to/embed/movie/401
8796,97,Dl-bZH7EDic,https://vidsrc.to/embed/movie/17768
8798,120,-JDf2zIFgO8,https://vidsrc.to/embed/movie/1538
8799,111,aCz7zxl6-G0,https://vidsrc.to/embed/movie/14846
8800,93,C107PH39Xig,https://vidsrc.to/embed/movie/2577
8807,88,cwP5E15VzRM,https://vidsrc.to/embed/movie/11282
8808,113,noajhlyKW8s,https://vidsrc.to/embed/movie/11130
8809,100,b5Ner-0gm_w,https://vidsrc.to/embed/movie/14389
8813,101,bxmUE9aYQNg,https://vidsrc.to/embed/movie/23601
8814,95,CutKiSmYBIg,https://vidsrc.to/embed/movie/10762
8815,114,eHJEMIYNFFY,https://vidsrc.to/embed/movie/11026
8827,105,FDzffQc6B2M,https://vidsrc.to/embed/movie/20120
8831,99,VbbUaUjQtrA,https://vidsrc.to/embed/movie/8080
8832,114,,https://vidsrc.to/embed/movie/14797
8833,141,BW9WVhTGT6Y,https://vidsrc.to/embed/movie/11632
8835,84,npjQ7bN8TGE,https://vidsrc.to/embed/movie/15644
8836,115,vFo0u-nXbGk,https://vidsrc.to/embed/movie/11208
8838,112,H8jV98slav8,https://vidsrc.to/embed/movie/16153
8840,90,wh1yj9lMtVQ,https://vidsrc.to/embed/movie/42694
8844,112,D8HS50Cp2Ag,https://vidsrc.to/embed/movie/42164
8848,103,ZI40T1YNXXc,https://vidsrc.to/embed/movie/12548
8860,94,saSi2sVJY5c,https://vidsrc.to/embed/movie/9759
8861,94,PkutbYENBis,https://vidsrc.to/embed/movie/1577
8864,103,39Lk3xeidI8,https://vidsrc.to/embed/movie/16232
8865,107,rSsOoECNCN0,https://vidsrc.to/embed/movie/5137
8866,98,,https://vidsrc.to/embed/movie/11823
8869,105,PyQv-dNbTOY,https://vidsrc.to/embed/movie/13969
8873,126,0_LAiSdIXos,https://vidsrc.to/embed/movie/1653
8874,99,_QuY93B2FS0,https://vidsrc.to/embed/movie/747
8875,96,qT6Yi2DHFII,https://vidsrc.to/embed/movie/84214
8879,128,E-YJjWoanCo,https://vidsrc.to/embed/movie/4176
8880,120,hEt-7A3EugY,https://vidsrc.to/embed/movie/11177
8894,92,_0OqDH47JE4,https://vidsrc.to/embed/movie/12707
8905,154,bmnLrzG2zKw,https://vidsrc.to/embed/movie/1492
8906,95,cZ-Xp6VC7RQ,https://vidsrc.to/embed/movie/8689
8907,90,1VX7g_4IVfU,https://vidsrc.to/embed/movie/10555
8908,115,jpU7gzT6CdM,https://vidsrc.to/embed/movie/11128
8910,106,61TptTktMSQ,https://vidsrc.to/embed/movie/1599
8912,97,oCjiNBiEUaQ,https://vidsrc.to/embed/movie/11045
8915,106,T1Mpt0xFit0,https://vidsrc.to/embed/movie/26108
8917,98,kMyJWuvW_9k,https://vidsrc.to/embed/movie/3989
8919,97,gR64Q43h7gM,https://vidsrc.to/embed/movie/25313
8920,104,DtwNCEL05C4,https://vidsrc.to/embed/movie/2438
8928,108,W527bf_qpqM,https://vidsrc.to/embed/movie/3053
8933,101,a7R4YFi_qhA,https://vidsrc.to/embed/movie/18499
8937,118,dzwJFNZLvxo,https://vidsrc.to/embed/movie/13416
8938,91,Gz74_hpl9bU,https://vidsrc.to/embed/movie/1435
8939,95,EM5MzCAZ3OY,https://vidsrc.to/embed/movie/11099
8946,91,JUu_iG2IboI,https://vidsrc.to/embed/movie/15566
8947,92,tqn2t3PefdY,https://vidsrc.to/embed/movie/1970
8948,106,a64bKTIrK4U,https://vidsrc.to/embed/movie/8849
8949,127,FccttA8wPqc,https://vidsrc.to/embed/movie/9675
8950,102,7HPT9006wT8,https://vidsrc.to/embed/movie/4553
8954,103,KKuYYtZBOZY,https://vidsrc.to/embed/movie/126148
8955,108,8rq_5CmE0iY,https://vidsrc.to/embed/movie/16131
8958,152,jVHCQfcugdw,https://vidsrc.to/embed/movie/1677
8959,100,ZuCC-PaV7mw,https://vidsrc.to/embed/movie/10740
8961,115,sJCjKQQOqT0,https://vidsrc.to/embed/movie/9806
8964,111,,https://vidsrc.to/embed/movie/47959
8965,100,f0oyHtZiJJs,https://vidsrc.to/embed/movie/5255
8966,118,5UxVz4tn7ZA,https://vidsrc.to/embed/movie/11184
8967,86,U18RvBCCGEg,https://vidsrc.to/embed/movie/11249
8968,97,ZLOwRK2rKJY,https://vidsrc.to/embed/movie/10589
8970,106,m41gObaKgOw,https://vidsrc.to/embed/movie/866
8972,131,I0u9-5lPP4Q,https://vidsrc.to/embed/movie/2059
8973,105,ME3TcDGM8t8,https://vidsrc.to/embed/movie/140
8977,176,oBn3VzXtuWc,https://vidsrc.to/embed/movie/1966
8978,99,nHC6hmTvsLo,https://vidsrc.to/embed/movie/13673
8979,89,F86tK_k7aFI,https://vidsrc.to/embed/movie/174787
8981,104,bZ6nilkuYeo,https://vidsrc.to/embed/movie/2288
8982,90,j_GeHxTIYwA,https://vidsrc.to/embed/movie/15397
8983,119,AaOO2oork7A,https://vidsrc.to/embed/movie/9550
8984,125,ATHwwFhB-UQ,https://vidsrc.to/embed/movie/163
8985,113,qcHEDGs7eAY,https://vidsrc.to/embed/movie/36648
8987,80,,https://vidsrc.to/embed/movie/33377
8989,111,eQVoU9lPjoU,https://vidsrc.to/embed/movie/41253
8998,135,t7Gvc4fNKK0,https://vidsrc.to/embed/movie/33740
9004,100,b16ORBT0ImE,https://vidsrc.to/embed/movie/16248
9005,109,vkSGgVdJLwc,https://vidsrc.to/embed/movie/15613
9008,81,TePwEXw7P0o,https://vidsrc.to/embed/movie/28421
9010,93,5buvvd5z7Gw,https://vidsrc.to/embed/movie/8424
9018,84,FgMkd6d4qVw,https://vidsrc.to/embed/movie/18889
25746,113,HC37IKScnfs,https://vidsrc.to/embed/movie/18987
25750,45,JSEK1NUPrGA,https://vidsrc.to/embed/movie/992
25752,77,1ntrhlDr8MU,https://vidsrc.to/embed/movie/42359
25753,140,MGjSpPgJAoA,https://vidsrc.to/embed/movie/1405
25757,96,YP00IQ60ZP0,https://vidsrc.to/embed/movie/939
25769,70,4a9VXNW0jjE,https://vidsrc.to/embed/movie/25768
25771,17,BVbTEVfLksU,https://vidsrc.to/embed/movie/626
25773,79,pAM2UDuQIjw,https://vidsrc.to/embed/movie/27899
25782,84,etAwZ9ZILAQ,https://vidsrc.to/embed/movie/48365
25788,93,XRmWftEjit0,https://vidsrc.to/embed/movie/877
25795,111,3y131sUwqs8,https://vidsrc.to/embed/movie/39130
25797,97,n7LcBOOqgZo,https://vidsrc.to/embed/movie/31511
25805,88,hq024oIC25I,https://vidsrc.to/embed/movie/43904
25826,98,CgAF2tBoAZQ,https://vidsrc.to/embed/movie/31773
25827,115,eOu8pem4Huk,https://vidsrc.to/embed/movie/24807
25833,109,wSshWjTKd6Y,https://vidsrc.to/embed/movie/43874
25834,115,fP19-5_EULo,https://vidsrc.to/embed/movie/16515
25841,92,flax6E338y4,https://vidsrc.to/embed/movie/43864
25850,97,nSyrZ3ma8r8,https://vidsrc.to/embed/movie/16274
25855,104,uJVRsR4qo7A,https://vidsrc.to/embed/movie/37698
25856,104,XmuMd4FnnYo,https://vidsrc.to/embed/movie/3084
25870,94,Bb5PkS4CULg,https://vidsrc.to/embed/movie/38914
25886,125,P12UUGhe_mQ,https://vidsrc.to/embed/movie/22387
25887,118,,https://vidsrc.to/embed/movie/27655
25898,97,6_SATxIRMts,https://vidsrc.to/embed/movie/41391
25905,98,bCu4IH9rkr8,https://vidsrc.to/embed/movie/42879
25923,118,ueGOsCoG5b8,https://vidsrc.to/embed/movie/14320
25927,95,ZbiLI6gfAiw,https://vidsrc.to/embed/movie/20246
25946,125,7GH--R9iwAg,https://vidsrc.to/embed/movie/41609
25947,105,x1hWIg93bJw,https://vidsrc.to/embed/movie/33115
25952,103,Ufdm0bOCsR0,https://vidsrc.to/embed/movie/45578
25959,107,E8RgYpW6eBA,https://vidsrc.to/embed/movie/25209
25962,103,tmXgC7k-QB0,https://vidsrc.to/embed/movie/43388
25996,176,K48JkClgYIs,https://vidsrc.to/embed/movie/3111
25999,79,Ht1_4Z_9h0M,https://vidsrc.to/embed/movie/28696
26003,32,wTBwpKB16gA,https://vidsrc.to/embed/movie/803
26038,120,-4MTo-i1jug,https://vidsrc.to/embed/movie/43137
26048,178,VXyGpgNkBG8,https://vidsrc.to/embed/movie/34528
26052,75,TyCTOHA4ejA,https://vidsrc.to/embed/movie/690
26059,111,ooW3aSKfsVA,https://vidsrc.to/embed/movie/36872
26073,190,RGqmXwbmU4Q,https://vidsrc.to/embed/movie/34530
26078,139,asLhYfFBzL4,https://vidsrc.to/embed/movie/17185
26082,135,gfABwM-Ppng,https://vidsrc.to/embed/movie/14537
26084,151,cbiBx5T2uX0,https://vidsrc.to/embed/movie/13671
26095,80,,https://vidsrc.to/embed/movie/52705
26116,133,3-X39vcwi1g,https://vidsrc.to/embed/movie/10299
26122,105,s2SkmwgU8qs,https://vidsrc.to/embed/movie/3763
26124,110,Twa8jKrIWE0,https://vidsrc.to/embed/movie/7348
26131,122,vhhoS3zOskE,https://vidsrc.to/embed/movie/17295
26133,25,dV9sgMB-BKE,https://vidsrc.to/embed/movie/13187
26142,125,aydfNz-pYnA,https://vidsrc.to/embed/movie/29715
26147,118,IKEXGNByRQY,https://vidsrc.to/embed/movie/42731
26150,183,fYy9lhLqtEw,https://vidsrc.to/embed/movie/895
26151,96,RN9H8ze3hXI,https://vidsrc.to/embed/movie/20108
26158,93,Igc0Jp62kEg,https://vidsrc.to/embed/movie/789
26159,83,LgXmTOC8Gow,https://vidsrc.to/embed/movie/45706
26171,115,zrYB8hgyq4s,https://vidsrc.to/embed/movie/10227
26176,84,FlKUYY9MYQM,https://vidsrc.to/embed/movie/41212
26183,72,KtlKwSJIRA4,https://vidsrc.to/embed/movie/9929
26184,0,W6D-r1CU-VM,https://vidsrc.to/embed/movie/20873
26195,115,juChsS5KvhQ,https://vidsrc.to/embed/movie/50789
26198,111,7Lo85c89z14,https://vidsrc.to/embed/movie/27983
26225,105,,https://vidsrc.to/embed/movie/2860
26231,106,JyamwoLSqTI,https://vidsrc.to/embed/movie/26606
26236,83,QU24JzKG8WQ,https://vidsrc.to/embed/movie/20848
26237,113,iBaMHIBySpk,https://vidsrc.to/embed/movie/2998
26242,89,Gdk1Igqu05Y,https://vidsrc.to/embed/movie/839
26249,115,PbBQ1mPCG7Q,https://vidsrc.to/embed/movie/9394
26265,89,GagBlvJNSQo,https://vidsrc.to/embed/movie/18250
26283,111,vTaHRkAdBAw,https://vidsrc.to/embed/movie/27331
26303,93,5PpajTTNk5A,https://vidsrc.to/embed/movie/22307
26308,108,D6of8iM3bw4,https://vidsrc.to/embed/movie/21035
26313,108,,https://vidsrc.to/embed/movie/32044
26317,95,op3yOaNheYk,https://vidsrc.to/embed/movie/24402
26322,105,1HiKyQMyq_Q,https://vidsrc.to/embed/movie/16246
26326,113,zerBaxPbA94,https://vidsrc.to/embed/movie/8327
26340,82,1WVGszqwkkI,https://vidsrc.to/embed/movie/9385
26344,119,UD_eYmfHrhc,https://vidsrc.to/embed/movie/10711
26347,192,sDdrTIp8mxs,https://vidsrc.to/embed/movie/43430
26357,72,aMZ1z5JXR0Y,https://vidsrc.to/embed/movie/38783
26359,317,xBb5EhJWMqY,https://vidsrc.to/embed/movie/3870
26365,108,yr3a2AL62Ak,https://vidsrc.to/embed/movie/10640
26366,105,XfZbQXhVTV8,https://vidsrc.to/embed/movie/33324
26375,114,rJ_1MkOVnNM,https://vidsrc.to/embed/movie/11558
26386,94,zto1ZY9_6wY,https://vidsrc.to/embed/movie/12535
26391,163,alyW0SvO61o,https://vidsrc.to/embed/movie/12637
26394,119,,https://vidsrc.to/embed/movie/61280
26399,101,3aEl8kyCs-4,https://vidsrc.to/embed/movie/13481
26401,106,Eq2tjbIx8dQ,https://vidsrc.to/embed/movie/13514
26409,90,,https://vidsrc.to/embed/movie/98851
26413,98,YdQ_7mhfqNw,https://vidsrc.to/embed/movie/11537
26429,96,qCBCwCZJAmI,https://vidsrc.to/embed/movie/18966
26444,199,f8z4JAenBPo,https://vidsrc.to/embed/movie/64353
26464,110,aI_GoXZqoYs,https://vidsrc.to/embed/movie/6341
26467,127,gIk6aBLCoHg,https://vidsrc.to/embed/movie/7012
26471,69,XhHgYnAZGpI,https://vidsrc.to/embed/movie/15251
26472,141,jPoqBCvyG9k,https://vidsrc.to/embed/movie/17435
26492,101,Vcx-Kx_WOvQ,https://vidsrc.to/embed/movie/15301
26498,104,,https://vidsrc.to/embed/movie/63418
26504,101,h0xMbWlVFRI,https://vidsrc.to/embed/movie/48677
26510,97,HenB3gt6SAY,https://vidsrc.to/embed/movie/1884
26523,79,hNBJfv5pIdY,https://vidsrc.to/embed/movie/27414
26524,90,ANkdj8Ur56c,https://vidsrc.to/embed/movie/33138
26527,102,POnayAHs0vw,https://vidsrc.to/embed/movie/8221
26528,199,czJi_FpLBYY,https://vidsrc.to/embed/movie/17663
26539,136,zsJhonpcetk,https://vidsrc.to/embed/movie/12615
26542,100,lfMWlAF5RW0,https://vidsrc.to/embed/movie/10372
26547,101,KV4mHWyKy9c,https://vidsrc.to/embed/movie/9056
26554,91,jebCIHpBF7Y,https://vidsrc.to/embed/movie/10176
26555,102,JiNYpzK7lX0,https://vidsrc.to/embed/movie/9080
26562,136,VHpKeRSLnF8,https://vidsrc.to/embed/movie/16082
26564,131,dTvfgMULsKY,https://vidsrc.to/embed/movie/14670
26567,96,fi19QYGHd0c,https://vidsrc.to/embed/movie/26555
26578,149,sPIU0V9sjwM,https://vidsrc.to/embed/movie/24657
26585,95,vv9gw6eVtWU,https://vidsrc.to/embed/movie/11471
26593,88,JUml88mJxyQ,https://vidsrc.to/embed/movie/22572
26599,102,PIJqY2ptTVI,https://vidsrc.to/embed/movie/4043
26603,102,GMJ5a08G0CM,https://vidsrc.to/embed/movie/8852
26606,95,e0dpajscuPo,https://vidsrc.to/embed/movie/30421
26622,111,,https://vidsrc.to/embed/movie/49314
26629,86,ETiSMS4i1as,https://vidsrc.to/embed/movie/16296
26630,93,muOfjiMAIKw,https://vidsrc.to/embed/movie/13192
26645,90,,https://vidsrc.to/embed/movie/4271
26662,103,nu4OX6RKeLY,https://vidsrc.to/embed/movie/16859
26681,130,86tatNXDTME,https://vidsrc.to/embed/movie/11909
26686,84,wVf-ZAJqJdU,https://vidsrc.to/embed/movie/10485
26694,95,vhigeA0ewQU,https://vidsrc.to/embed/movie/41821
26695,115,xrYMO0TN05k,https://vidsrc.to/embed/movie/21344
26696,105,XZ4x4HqSGFk,https://vidsrc.to/embed/movie/9399
26701,100,FryjehLkYZA,https://vidsrc.to/embed/movie/14571
26704,135,ndeXbZgJ9fw,https://vidsrc.to/embed/movie/1662
26712,116,,https://vidsrc.to/embed/movie/20562
26713,94,BuMyyKQOle8,https://vidsrc.to/embed/movie/18311
26717,72,eX1xe0V9Qc0,https://vidsrc.to/embed/movie/1483
26726,107,aUFzngANOUQ,https://vidsrc.to/embed/movie/25330
26729,96,NuxlYozLpeI,https://vidsrc.to/embed/movie/4539
26732,115,x-J6XyNHM3I,https://vidsrc.to/embed/movie/12776
26736,93,yqjMI5dyMyM,https://vidsrc.to/embed/movie/17467
26741,95,J1oy_TQ9tyE,https://vidsrc.to/embed/movie/34376
26743,119,5gSKk-wwLsY,https://vidsrc.to/embed/movie/15080
26745,103,QMNOgmIDle8,https://vidsrc.to/embed/movie/6463
26750,119,IpbydeNAmJg,https://vidsrc.to/embed/movie/9588
26764,97,cs8rFsmhNTc,https://vidsrc.to/embed/movie/13995
26765,100,Bik5KV9m_I8,https://vidsrc.to/embed/movie/11198
26776,93,3LRyNwYg1f8,https://vidsrc.to/embed/movie/11621
26777,116,,https://vidsrc.to/embed/movie/47714
26782,104,yxlURyrIR0Q,https://vidsrc.to/embed/movie/40082
26791,132,ChujSmX8KDU,https://vidsrc.to/embed/movie/31962
26792,101,v7jiQLjzaLE,https://vidsrc.to/embed/movie/22590
26796,105,FAf78uKN1Hs,https://vidsrc.to/embed/movie/48150
26797,92,,https://vidsrc.to/embed/movie/41778
26810,114,YXZ4u2ZVWOc,https://vidsrc.to/embed/movie/14135
26812,107,F3DWpuISBas,https://vidsrc.to/embed/movie/27678
26819,95,_grwVpfklzs,https://vidsrc.to/embed/movie/12088
26828,84,,https://vidsrc.to/embed/movie/19371
26838,95,Yo-noHGCgJQ,https://vidsrc.to/embed/movie/12664
26840,94,oLcZFTPZKfc,https://vidsrc.to/embed/movie/7500
26854,93,XfCwDlaZOso,https://vidsrc.to/embed/movie/18998
26861,80,DHkfRo5Mq2o,https://vidsrc.to/embed/movie/17796
26870,105,QGnW5gh4WZE,https://vidsrc.to/embed/movie/11067
26871,90,7Ft-edEK3BE,https://vidsrc.to/embed/movie/10486
26875,111,pB4GTan0y64,https://vidsrc.to/embed/movie/19223
26900,91,,https://vidsrc.to/embed/movie/51038
26901,118,3k7KWvQQaTk,https://vidsrc.to/embed/movie/30718
26903,111,J4lXUZTPAXg,https://vidsrc.to/embed/movie/37797
26913,102,tyOyJC_K3vE,https://vidsrc.to/embed/movie/12613
26940,95,,https://vidsrc.to/embed/movie/30330
26947,110,AEIwMsqee-A,https://vidsrc.to/embed/movie/2061
26958,107,,https://vidsrc.to/embed/movie/12254
26965,114,TEawHia-ncI,https://vidsrc.to/embed/movie/16992
26974,89,40NyJSBvCC0,https://vidsrc.to/embed/movie/18415
26985,113,jRs2HfWinjQ,https://vidsrc.to/embed/movie/8765
26999,81,gxrwh6WNMLU,https://vidsrc.to/embed/movie/9732
27003,93,63YvJnFtFhU,https://vidsrc.to/embed/movie/5470
27006,84,,https://vidsrc.to/embed/movie/50008
27008,88,Q-WtWhqj9xU,https://vidsrc.to/embed/movie/12095
27020,120,,https://vidsrc.to/embed/movie/14533
27022,87,LJ0lN6yLrrg,https://vidsrc.to/embed/movie/9812
27032,120,iLo5g4HHyBE,https://vidsrc.to/embed/movie/8697
27074,87,xmpiTKFHhJ4,https://vidsrc.to/embed/movie/27260
27075,86,syBERPwOCZk,https://vidsrc.to/embed/movie/11508
27105,94,c8lCp8BSJh4,https://vidsrc.to/embed/movie/23356
27124,97,Y9HVMv78_RY,https://vidsrc.to/embed/movie/17985
27134,98,mRrhvC8OchI,https://vidsrc.to/embed/movie/9597
27140,93,_v3xyZT9oA4,https://vidsrc.to/embed/movie/12485
27155,64,47aEME-QFg0,https://vidsrc.to/embed/movie/17074
27156,87,,https://vidsrc.to/embed/movie/18491
27176,70,K5DBB1PNew0,https://vidsrc.to/embed/movie/29587
27178,96,Mr7WImqnKBM,https://vidsrc.to/embed/movie/3716
27186,71,-6jw9S5Ym10,https://vidsrc.to/embed/movie/21348
27193,82,XvGjrOLjG-s,https://vidsrc.to/embed/movie/2332
27246,96,mp_h_ZqHhF0,https://vidsrc.to/embed/movie/28031
27255,118,xq1gXC3119A,https://vidsrc.to/embed/movie/43423
27266,128,xjmvuBY3560,https://vidsrc.to/embed/movie/844
27306,85,RwiA8nC9C0w,https://vidsrc.to/embed/movie/53048
27317,115,EBQHp2__AVQ,https://vidsrc.to/embed/movie/11075
27320,87,,https://vidsrc.to/embed/movie/16171
27328,100,dR3TDPgrfHA,https://vidsrc.to/embed/movie/36246
27368,108,_MPJs0vD_oQ,https://vidsrc.to/embed/movie/2899
27369,75,wQrH5qDZQg0,https://vidsrc.to/embed/movie/44756
27370,91,2akHzDTQhi0,https://vidsrc.to/embed/movie/18088
27373,129,1po8PgfJU_Q,https://vidsrc.to/embed/movie/20536
27397,108,9SyVl0SDpjg,https://vidsrc.to/embed/movie/2440
27408,110,izIgroi7_NU,https://vidsrc.to/embed/movie/10955
27416,88,,https://vidsrc.to/embed/movie/10978
27420,83,6COJDiGk93c,https://vidsrc.to/embed/movie/81540
27426,107,FPdVCH1mIiw,https://vidsrc.to/embed/movie/11847
27434,88,QB-rO_IInDw,https://vidsrc.to/embed/movie/11056
27441,48,Aw3NWowp114,https://vidsrc.to/embed/movie/919
27450,124,oBdYQloJ0as,https://vidsrc.to/embed/movie/10046
27473,88,xP7_wJYDKqo,https://vidsrc.to/embed/movie/10726
27478,85,SIZDns0DU6I,https://vidsrc.to/embed/movie/9298
27480,97,hdl-HHBE7dg,https://vidsrc.to/embed/movie/13899
27482,94,2m1aCPB_Ni8,https://vidsrc.to/embed/movie/437
27513,122,d_LphQx4sP8,https://vidsrc.to/embed/movie/9025
27523,137,4lnyW3vIGvI,https://vidsrc.to/embed/movie/11178
27539,94,bXhDTZX0cWk,https://vidsrc.to/embed/movie/10918
27563,113,Z4Pe4aSw71I,https://vidsrc.to/embed/movie/16184
27604,99,Xh-uW3fAB-s,https://vidsrc.to/embed/movie/12720
27618,101,2UjlbkED_Zk,https://vidsrc.to/embed/movie/10077
27619,77,p0DTnqn71WQ,https://vidsrc.to/embed/movie/11430
27644,125,AFQuK5jOpKU,https://vidsrc.to/embed/movie/38970
27660,102,94fPVqJqBGA,https://vidsrc.to/embed/movie/55931
27664,93,rpulsB9aJHc,https://vidsrc.to/embed/movie/12703
27667,70,,https://vidsrc.to/embed/movie/32250
27674,86,XS8gh5qMlFw,https://vidsrc.to/embed/movie/9282
27683,101,6kaz5We9Bm4,https://vidsrc.to/embed/movie/10891
27685,90,uZ6ZAOZozzY,https://vidsrc.to/embed/movie/12540
27689,97,,https://vidsrc.to/embed/movie/60672
27692,112,F2oGHM87iKo,https://vidsrc.to/embed/movie/24241
27704,155,CV8gaI67YOQ,https://vidsrc.to/embed/movie/3177
27705,96,cA_ctD7fB3w,https://vidsrc.to/embed/movie/19277
27706,108,fccho1IyX8Y,https://vidsrc.to/embed/movie/11774
27716,100,D-9zg3f0wCs,https://vidsrc.to/embed/movie/4972
27721,133,2HJXPvM1y2E,https://vidsrc.to/embed/movie/2841
27722,112,1xMEQuwVnHI,https://vidsrc.to/embed/movie/11606
27728,100,0XkATpPvqEA,https://vidsrc.to/embed/movie/12140
27731,75,yVnlvaxFQ6E,https://vidsrc.to/embed/movie/15370
27741,129,VAepcd9zwgg,https://vidsrc.to/embed/movie/12496
27746,94,rj7TQHjbsq8,https://vidsrc.to/embed/movie/10361
27762,106,,https://vidsrc.to/embed/movie/25757
27768,104,34YVqhsyDzA,https://vidsrc.to/embed/movie/21200
27769,104,XiXvcySnuD8,https://vidsrc.to/embed/movie/40876
27772,92,lhXRpEBQ6iI,https://vidsrc.to/embed/movie/11838
27773,120,tAaBkFChaRg,https://vidsrc.to/embed/movie/670
27776,105,hwEcwJ8BcNc,https://vidsrc.to/embed/movie/25500
27778,95,clmJQwTJ5fY,https://vidsrc.to/embed/movie/12583
27784,112,Qi2g9i015h0,https://vidsrc.to/embed/movie/9694
27788,103,HfKjVvyONoM,https://vidsrc.to/embed/movie/9667
27790,98,QHcQF8LNvfE,https://vidsrc.to/embed/movie/13373
27793,92,9_sXs02IOLs,https://vidsrc.to/embed/movie/10304
27802,119,4at78Tm57JI,https://vidsrc.to/embed/movie/11647
27803,126,0qqvyzamlns,https://vidsrc.to/embed/movie/1913
27808,130,GtzwDv0lrBg,https://vidsrc.to/embed/movie/2539
27815,97,QVtJgU6WTj8,https://vidsrc.to/embed/movie/5528
27816,90,jWygHIALgLQ,https://vidsrc.to/embed/movie/10105
27820,91,aDpneKa9YxA,https://vidsrc.to/embed/movie/1114
27821,128,a7O8mPlNlRY,https://vidsrc.to/embed/movie/179
27822,80,Z9q1qJi1nMs,https://vidsrc.to/embed/movie/83
27826,91,LAx3wi8UEkw,https://vidsrc.to/embed/movie/55177
27829,85,,https://vidsrc.to/embed/movie/26766
27830,120,eEnEAUXL4Tw,https://vidsrc.to/embed/movie/24747
27831,105,QtrbWfZtxxM,https://vidsrc.to/embed/movie/4836
27834,111,mEKp-Ort7hU,https://vidsrc.to/embed/movie/11190
27837,113,bANHr1Qc-7k,https://vidsrc.to/embed/movie/11866
27838,90,zKbyAyhLnY4,https://vidsrc.to/embed/movie/12281
27846,145,2MMx53V8M8s,https://vidsrc.to/embed/movie/11420
27850,80,Qzui2HM8pIs,https://vidsrc.to/embed/movie/3396
27866,126,1-K4FP4pu-Q,https://vidsrc.to/embed/movie/1126
27869,148,Nnx2CjhHADM,https://vidsrc.to/embed/movie/11658
27873,140,LFX6IA_4hH8,https://vidsrc.to/embed/movie/11401
27879,107,dUZDSzE3qIQ,https://vidsrc.to/embed/movie/1843
27882,105,ADy8f6t4Ri8,https://vidsrc.to/embed/movie/291
27899,109,3QlZ5O8_bGk,https://vidsrc.to/embed/movie/8357
27904,100,VUB4s-bHHoQ,https://vidsrc.to/embed/movie/3509
27905,141,1xeis94QNB0,https://vidsrc.to/embed/movie/11662
27912,74,,https://vidsrc.to/embed/movie/13372
30707,132,5_RsHRmIRBY,https://vidsrc.to/embed/movie/70
30745,130,1Tt2BZc7ueY,https://vidsrc.to/embed/movie/12487
30749,122,y1G1uWhGGYs,https://vidsrc.to/embed/movie/205
30793,115,p6JAQ2aoXm0,https://vidsrc.to/embed/movie/118
30803,88,S-S5n0JniDw,https://vidsrc.to/embed/movie/1280
30810,119,XVRXYnGz-Mo,https://vidsrc.to/embed/movie/421
30812,170,dkwypzOQf8o,https://vidsrc.to/embed/movie/2567
30816,141,fX3HuPZ5q5g,https://vidsrc.to/embed/movie/9833
30818,118,Bz8bY2xn3bA,https://vidsrc.to/embed/movie/6478
30820,87,X7SjEfXP-gQ,https://vidsrc.to/embed/movie/9692
30822,110,8M7z4LoGVEY,https://vidsrc.to/embed/movie/1901
30825,115,48S3ogRGpjM,https://vidsrc.to/embed/movie/693
30846,95,oHO6MlSu7_k,https://vidsrc.to/embed/movie/842
30850,132,mdbzRtxVtns,https://vidsrc.to/embed/movie/11162
30883,93,Ski1HSuFKW8,https://vidsrc.to/embed/movie/15045
30890,111,A4Kfvfio75w,https://vidsrc.to/embed/movie/42420
30894,98,haHHr5_VX7I,https://vidsrc.to/embed/movie/11804
30994,103,mrJn4MAfN_E,https://vidsrc.to/embed/movie/47876
31000,106,DsH_rZjkP3A,https://vidsrc.to/embed/movie/66600
31030,134,lE-E-KU-S3g,https://vidsrc.to/embed/movie/43442
31038,92,k6B_BEmo7ws,https://vidsrc.to/embed/movie/33766
31049,88,WVlpZP7Q2f0,https://vidsrc.to/embed/movie/120328
31114,111,66t8HdBVdPM,https://vidsrc.to/embed/movie/25350
31116,134,6xw4I67VP_U,https://vidsrc.to/embed/movie/16442
31123,85,,https://vidsrc.to/embed/movie/7229
31150,81,S5vOLSBI9So,https://vidsrc.to/embed/movie/16220
31162,122,m9pBWtZHV1o,https://vidsrc.to/embed/movie/10609
31184,105,ps4iKlkc41E,https://vidsrc.to/embed/movie/11633
31221,97,etfIjKxKzqw,https://vidsrc.to/embed/movie/9947
31223,102,PL64Q_JM5qw,https://vidsrc.to/embed/movie/6439
31225,136,MV5v0zNDrlE,https://vidsrc.to/embed/movie/7214
31260,96,meqdyqCaRVU,https://vidsrc.to/embed/movie/42390
31297,95,1Un7yzDEDk0,https://vidsrc.to/embed/movie/43892
31309,178,54IuJ8ivZl0,https://vidsrc.to/embed/movie/8422
31364,131,0n_HQwQU8ls,https://vidsrc.to/embed/movie/11423
31410,155,Bp1RXmM1-60,https://vidsrc.to/embed/movie/613
31424,98,Zcgl9YqTlPA,https://vidsrc.to/embed/movie/12142
31427,101,o9uEkTPchIo,https://vidsrc.to/embed/movie/11096
31431,89,,https://vidsrc.to/embed/movie/8968
31433,88,DS1bOLtMNfc,https://vidsrc.to/embed/movie/6961
31435,104,m2X4M3WT0W4,https://vidsrc.to/embed/movie/31165
31437,141,ThksKmIMGAM,https://vidsrc.to/embed/movie/2517
31445,98,fsXqZtK4vrU,https://vidsrc.to/embed/movie/11413
31522,120,pQGznARA69s,https://vidsrc.to/embed/movie/661
31545,132,g2Sbo6JpDsY,https://vidsrc.to/embed/movie/29259
31553,96,,https://vidsrc.to/embed/movie/2436
31610,127,,https://vidsrc.to/embed/movie/34561
31617,187,1ZzCrkIf5Sc,https://vidsrc.to/embed/movie/16638
31658,119,ARCQf2CEr8k,https://vidsrc.to/embed/movie/4935
31660,126,rQpbBwA0r14,https://vidsrc.to/embed/movie/8953
31664,121,IZk9jCGbn_I,https://vidsrc.to/embed/movie/10951
31685,118,dMaq_pfxs-0,https://vidsrc.to/embed/movie/8488
31692,104,6w3ljYDeVrU,https://vidsrc.to/embed/movie/32588
31694,112,nFYwqts1_TI,https://vidsrc.to/embed/movie/57825
31696,121,819JCbGfZpg,https://vidsrc.to/embed/movie/561
31698,94,FKwtGHbpVDU,https://vidsrc.to/embed/movie/10214
31700,106,FtfWMexIZNc,https://vidsrc.to/embed/movie/17880
31702,98,y6K2osE1NJo,https://vidsrc.to/embed/movie/8340
31737,107,Nmy8NFY_19k,https://vidsrc.to/embed/movie/1942
31804,114,SU-7ZwbH7Fc,https://vidsrc.to/embed/movie/3040
31867,100,a39EYIVPAhE,https://vidsrc.to/embed/movie/13498
31878,99,-m3IB7N_PRk,https://vidsrc.to/embed/movie/9470
31903,150,,https://vidsrc.to/embed/movie/19765
31909,95,Esdz_gBnUc4,https://vidsrc.to/embed/movie/37527
31921,113,CxzoWxT2E2Y,https://vidsrc.to/embed/movie/29578
31923,107,Ubpu8IGJpNc,https://vidsrc.to/embed/movie/2926
31925,102,eLDBW7N02JU,https://vidsrc.to/embed/movie/54302
31952,107,Dx5Rt2BPLLc,https://vidsrc.to/embed/movie/5204
31973,74,JM_KpDmdF98,https://vidsrc.to/embed/movie/8016
32009,117,nFi0lV3fMRU,https://vidsrc.to/embed/movie/16186
32017,95,3H-20BCGsek,https://vidsrc.to/embed/movie/10022
32019,119,Cx4ZswI5Lno,https://vidsrc.to/embed/movie/4551
32022,85,,https://vidsrc.to/embed/movie/30856
32029,113,HCt4L7RPweE,https://vidsrc.to/embed/movie/2026
32058,105,vkmMWLwvXzw,https://vidsrc.to/embed/movie/15771
32060,87,tMtD-0NOi2A,https://vidsrc.to/embed/movie/76804
32116,97,bAXlvLKapFU,https://vidsrc.to/embed/movie/38148
32160,91,,https://vidsrc.to/embed/movie/31835
32179,92,LciQ1A5PvLI,https://vidsrc.to/embed/movie/1093
32213,97,T5x4LJ9d84Y,https://vidsrc.to/embed/movie/438
32234,117,U_u7Hvj14s0,https://vidsrc.to/embed/movie/42222
32243,109,DmxS1GIUXtQ,https://vidsrc.to/embed/movie/11196
32289,98,jYfssnIBaAk,https://vidsrc.to/embed/movie/13374
32291,100,coPNaZp6EE4,https://vidsrc.to/embed/movie/9688
32294,90,,https://vidsrc.to/embed/movie/228890
32296,115,iv4SzMPlwp4,https://vidsrc.to/embed/movie/10040
32298,105,2Nef33uJ_VA,https://vidsrc.to/embed/movie/11638
32300,91,ySFxUMCutV8,https://vidsrc.to/embed/movie/540
32302,93,t34b2GbNeEE,https://vidsrc.to/embed/movie/77120
32314,94,MNtADqCQ_Nc,https://vidsrc.to/embed/movie/48463
32371,111,p8M12Ca2XgM,https://vidsrc.to/embed/movie/26038
32387,122,FGhpT8PGslA,https://vidsrc.to/embed/movie/19884
32392,124,oq2l1O9KY5g,https://vidsrc.to/embed/movie/37748
32442,113,LjAGMVR_4ck,https://vidsrc.to/embed/movie/12778
32456,119,KUBqMHPy3bI,https://vidsrc.to/embed/movie/15283
32460,89,,https://vidsrc.to/embed/movie/158
32469,106,COGLBSB7Fwg,https://vidsrc.to/embed/movie/5996
32511,180,18yH_9ZT27Q,https://vidsrc.to/embed/movie/44154
32515,95,Nn45GsPoZrc,https://vidsrc.to/embed/movie/28448
32554,113,NTyRMfdDfc8,https://vidsrc.to/embed/movie/42994
32584,111,J4NhD8BFaPg,https://vidsrc.to/embed/movie/17113
32587,124,0p0h_YCinMs,https://vidsrc.to/embed/movie/187
32589,105,twy94Qb5EIs,https://vidsrc.to/embed/movie/14177
32596,124,VvA4Tbjk8tk,https://vidsrc.to/embed/movie/7364
32598,104,uKaldffU02c,https://vidsrc.to/embed/movie/11431
32620,115,,https://vidsrc.to/embed/movie/51945
32632,114,_Zf7hAqlzns,https://vidsrc.to/embed/movie/26332
32649,106,i_9BAH_qO-4,https://vidsrc.to/embed/movie/42229
32657,30,,https://vidsrc.to/embed/movie/49565
32659,108,,https://vidsrc.to/embed/movie/2029
32666,87,6akH8QHyRMA,https://vidsrc.to/embed/movie/44181
32728,91,WWCO_PdJMao,https://vidsrc.to/embed/movie/19971
32743,99,hV1JeyjofRk,https://vidsrc.to/embed/movie/9674
32770,117,P5e2IM4QAMY,https://vidsrc.to/embed/movie/3875
32799,88,uPC7OBgY09Y,https://vidsrc.to/embed/movie/9653
32862,95,5sIpOXJ_XFk,https://vidsrc.to/embed/movie/39225
32875,86,,https://vidsrc.to/embed/movie/4595
32892,95,pBj_yleyrLE,https://vidsrc.to/embed/movie/31442
32898,15,JEGIyo-dKmA,https://vidsrc.to/embed/movie/775
32906,109,5M7Y_zun-vg,https://vidsrc.to/embed/movie/50183
32914,132,HV1MidLk3nI,https://vidsrc.to/embed/movie/7342
32917,204,oW1kJAIklRY,https://vidsrc.to/embed/movie/45267
33004,109,MbGNcoB2Y4I,https://vidsrc.to/embed/movie/7453
33085,90,j_Lm2PXb3tk,https://vidsrc.to/embed/movie/10065
33090,81,j0XHdTGBHVs,https://vidsrc.to/embed/movie/30863
33124,117,aBcPXnLR6Oc,https://vidsrc.to/embed/movie/9393
33126,119,bu4r_NmgRLk,https://vidsrc.to/embed/movie/16972
33132,94,,https://vidsrc.to/embed/movie/13409
33138,100,7Ht6ewQlXhY,https://vidsrc.to/embed/movie/13073
33145,107,MRPr34vEbC8,https://vidsrc.to/embed/movie/8976
33148,95,-aSAFqkxrzc,https://vidsrc.to/embed/movie/27360
33158,101,TS8Pl4tsJGQ,https://vidsrc.to/embed/movie/11679
33162,144,6Z2wGCZ2fSM,https://vidsrc.to/embed/movie/1495
33164,113,ezUtqfB24Cg,https://vidsrc.to/embed/movie/10066
33166,112,dgepOrbliX4,https://vidsrc.to/embed/movie/1640
33171,105,nsr0ivj0JOg,https://vidsrc.to/embed/movie/11171
33188,93,oVdlDugQl0M,https://vidsrc.to/embed/movie/14750
33201,115,75-Z8jw3PPM,https://vidsrc.to/embed/movie/53116
33237,115,Eawnyxm9vWs,https://vidsrc.to/embed/movie/43881
33294,80,Xvd1gBGKqJs,https://vidsrc.to/embed/movie/9463
33310,89,,https://vidsrc.to/embed/movie/26810
33312,93,VPVNvoJcS8k,https://vidsrc.to/embed/movie/20625
33421,105,D1Mh8wJOeg8,https://vidsrc.to/embed/movie/10913
33435,169,K-DWcJLrSuU,https://vidsrc.to/embed/movie/38643
33437,103,AoBkHA7-I84,https://vidsrc.to/embed/movie/10027
33493,140,5UnjrG_N8hU,https://vidsrc.to/embed/movie/1895
33495,95,uhVqNhOKVws,https://vidsrc.to/embed/movie/9981
33499,101,mW4iEGH1-1E,https://vidsrc.to/embed/movie/4379
33558,103,XNHLc79HF6o,https://vidsrc.to/embed/movie/14694
33564,104,,https://vidsrc.to/embed/movie/20271
33615,86,dm-eiFVtRws,https://vidsrc.to/embed/movie/953
33629,91,4oThxQN6xso,https://vidsrc.to/embed/movie/13064
33639,105,F5wEb_3S2VM,https://vidsrc.to/embed/movie/14358
33644,116,MVODGSW_oxA,https://vidsrc.to/embed/movie/12700
33646,113,pKqv0NcaOak,https://vidsrc.to/embed/movie/9291
33649,97,78h8WeP3Oas,https://vidsrc.to/embed/movie/19316
33660,144,PpdRWplFjG8,https://vidsrc.to/embed/movie/921
33669,119,eV1IkLvTe1I,https://vidsrc.to/embed/movie/9779
33672,107,ZJYGCp3NC8I,https://vidsrc.to/embed/movie/9787
33677,93,,https://vidsrc.to/embed/movie/23825
33679,120,TWB_icm5M38,https://vidsrc.to/embed/movie/787
33681,92,mJP65NQwII8,https://vidsrc.to/embed/movie/14199
33683,91,SIFwOugjyKQ,https://vidsrc.to/embed/movie/10226
33725,90,WGsCzaI5qrM,https://vidsrc.to/embed/movie/12109
33779,114,,https://vidsrc.to/embed/movie/13589
33781,174,TorZfZwuhls,https://vidsrc.to/embed/movie/11620
33794,140,lirBhHXvDSg,https://vidsrc.to/embed/movie/272
33801,125,rXNM802ip-Q,https://vidsrc.to/embed/movie/15767
33815,100,uXhk2QJm-14,https://vidsrc.to/embed/movie/15648
33826,95,gMd6hKlDslY,https://vidsrc.to/embed/movie/25248
33830,101,K0aTcuB9IPw,https://vidsrc.to/embed/movie/11451
33834,93,atXJB9luiko,https://vidsrc.to/embed/movie/11683
33836,102,hS05j44UKUU,https://vidsrc.to/embed/movie/9722
33838,86,,https://vidsrc.to/embed/movie/2287
33880,91,t87QILBZd_I,https://vidsrc.to/embed/movie/1382
33896,125,X5ZflHaxH3A,https://vidsrc.to/embed/movie/33908
33966,93,,https://vidsrc.to/embed/movie/12574
34018,87,cmhUNAx0M6U,https://vidsrc.to/embed/movie/22553
34048,117,TLnQXsKn5-E,https://vidsrc.to/embed/movie/74
34072,80,JZWt5YkhVp8,https://vidsrc.to/embed/movie/1667
34129,86,uOAKDKAfieU,https://vidsrc.to/embed/movie/7233
34143,105,t24DuU9TXRM,https://vidsrc.to/embed/movie/9009
34148,107,odDwZgpMJoQ,https://vidsrc.to/embed/movie/1553
34150,106,QIx2jkXYu34,https://vidsrc.to/embed/movie/9738
34153,88,AmvXbrrOAkU,https://vidsrc.to/embed/movie/14278
34164,128,z-rgRTsjaG4,https://vidsrc.to/embed/movie/14922
34271,116,AJREAFCY3Bs,https://vidsrc.to/embed/movie/10476
34292,93,e0k2YvEns-M,https://vidsrc.to/embed/movie/11309
34312,89,TiwkKyCwHDQ,https://vidsrc.to/embed/movie/31063
34319,136,pZsDzeJh4nU,https://vidsrc.to/embed/movie/1635
34321,113,1RPfmcc5L7A,https://vidsrc.to/embed/movie/13341
34323,111,rK6HXh9zRdU,https://vidsrc.to/embed/movie/1696
34326,97,EG1dt0I1wps,https://vidsrc.to/embed/movie/1665
34330,104,,https://vidsrc.to/embed/movie/9775
34332,100,G7aMWVN1ThM,https://vidsrc.to/embed/movie/11459
34334,121,dJ8FNgRQFuA,https://vidsrc.to/embed/movie/10048
34336,98,slyOhXAeDXQ,https://vidsrc.to/embed/movie/11648
34338,89,CxGD0rk547Y,https://vidsrc.to/embed/movie/15258
34397,89,8ImEUX53wZk,https://vidsrc.to/embed/movie/37632
34405,119,zybHB2V27G8,https://vidsrc.to/embed/movie/16320
34437,106,aRWaJ_CqqVg,https://vidsrc.to/embed/movie/308
34450,126,68runFBrG5M,https://vidsrc.to/embed/movie/25074
34482,90,,https://vidsrc.to/embed/movie/39946
34520,104,lJzWkSmeMaY,https://vidsrc.to/embed/movie/6519
34523,108,Fjj2WZh8pco,https://vidsrc.to/embed/movie/13919
34528,106,mUj7k7Ypb60,https://vidsrc.to/embed/movie/1444
34530,83,NlsISs23Qfs,https://vidsrc.to/embed/movie/11453
34532,104,Ue86OkmeQxU,https://vidsrc.to/embed/movie/9913
34534,109,vZPi0K6UoP8,https://vidsrc.to/embed/movie/8292
34536,132,N51IAYnlNK0,https://vidsrc.to/embed/movie/13922
34540,109,m1_ud4OUn7k,https://vidsrc.to/embed/movie/14166
34542,103,uWA7GtDmNFU,https://vidsrc.to/embed/movie/501
34800,82,9aNxqORENSY,https://vidsrc.to/embed/movie/17824
34811,100,BcFcDPWysEE,https://vidsrc.to/embed/movie/11328
35015,100,bwebjc4mfYk,https://vidsrc.to/embed/movie/15907
35347,73,YGCo5Tva39s,https://vidsrc.to/embed/movie/11848
35807,123,uNQo_PQh1W4,https://vidsrc.to/embed/movie/43313
35836,116,QVucTi58nA8,https://vidsrc.to/embed/movie/6957
35957,85,Z9M9mkcyO48,https://vidsrc.to/embed/movie/11460
36289,109,CdNgs_fl3rI,https://vidsrc.to/embed/movie/9564
36363,135,HxSHlpAldTg,https://vidsrc.to/embed/movie/20874
36397,76,HPurt-LTyKM,https://vidsrc.to/embed/movie/14175
36401,118,ohxNxVlk2GQ,https://vidsrc.to/embed/movie/4442
36477,91,T4mzrmBql-E,https://vidsrc.to/embed/movie/13169
36509,97,Q5AHUMpBtCE,https://vidsrc.to/embed/movie/9042
36517,129,9FycLyDTCWQ,https://vidsrc.to/embed/movie/1985
36519,88,rEggzzOVOyo,https://vidsrc.to/embed/movie/9335
36525,95,pLp2tgybrKA,https://vidsrc.to/embed/movie/9007
36527,100,,https://vidsrc.to/embed/movie/9777
36529,122,AL8jpJkKUnM,https://vidsrc.to/embed/movie/1830
36533,90,RybzZQodTtg,https://vidsrc.to/embed/movie/10092
36535,105,tSUOYY4oukc,https://vidsrc.to/embed/movie/340
36537,96,MqRXF4gfC7U,https://vidsrc.to/embed/movie/1546
36850,105,rkQBl5enUuE,https://vidsrc.to/embed/movie/10753
36931,123,DdEvxSxZAdE,https://vidsrc.to/embed/movie/11636
37211,80,wwccQt_4g6k,https://vidsrc.to/embed/movie/22575
37240,98,BcuStxJHv4c,https://vidsrc.to/embed/movie/14286
37380,105,LljkKoPs1Gg,https://vidsrc.to/embed/movie/8814
37382,127,fzP2Pz3ZEfE,https://vidsrc.to/embed/movie/9923
37384,94,HJEsNjH3JT8,https://vidsrc.to/embed/movie/7553
37444,100,,https://vidsrc.to/embed/movie/3118
37475,108,6_C_8K_KnG8,https://vidsrc.to/embed/movie/1947
37477,83,uKryYt2bWlk,https://vidsrc.to/embed/movie/9074
37495,120,LEH7nDkiPEk,https://vidsrc.to/embed/movie/16133
37545,82,HFRRq-UGOHc,https://vidsrc.to/embed/movie/10319
37720,122,Bi-PLwxwvy8,https://vidsrc.to/embed/movie/8643
37727,98,o_TUxNsMh30,https://vidsrc.to/embed/movie/9315
37729,77,BgwJEpmPKk8,https://vidsrc.to/embed/movie/3933
37731,109,EAe-1Lv1KYU,https://vidsrc.to/embed/movie/8923
37733,96,jsEcDGKh56U,https://vidsrc.to/embed/movie/59
37736,130,4aUGLJicck8,https://vidsrc.to/embed/movie/257
37739,120,sv6FZMeA2Mw,https://vidsrc.to/embed/movie/15487
37741,114,vq-kLlga0EI,https://vidsrc.to/embed/movie/398
37830,101,E4UYgWsiMqI,https://vidsrc.to/embed/movie/647
37844,112,KRbtDCxcN-M,https://vidsrc.to/embed/movie/14544
37853,110,5uMDUHdN24o,https://vidsrc.to/embed/movie/11968
37857,101,swrcKRVgeGI,https://vidsrc.to/embed/movie/14517
38038,85,BXYNHHj4KDw,https://vidsrc.to/embed/movie/533
38061,103,x7L-kF5Im1Y,https://vidsrc.to/embed/movie/5236
38095,119,q5O2tfiaTxU,https://vidsrc.to/embed/movie/11344
38164,141,8BP3nIRxiCU,https://vidsrc.to/embed/movie/43807
38388,118,--qOSiMyD84,https://vidsrc.to/embed/movie/9763
38583,93,TTfy3obpWQU,https://vidsrc.to/embed/movie/10017
38992,122,vcsdAwqZ-WI,https://vidsrc.to/embed/movie/9910
39183,134,xZvu-SczR1Y,https://vidsrc.to/embed/movie/142
39231,123,qyPq2BS8Ug0,https://vidsrc.to/embed/movie/9621
39292,92,1Qg9ZahBu8c,https://vidsrc.to/embed/movie/3291
39307,106,,https://vidsrc.to/embed/movie/12920
39381,104,BL9l9W49SRY,https://vidsrc.to/embed/movie/16608
39400,100,ovNTb39_viI,https://vidsrc.to/embed/movie/791
39414,104,YODMeNOSofo,https://vidsrc.to/embed/movie/2610
39435,129,gs19Vnl8M3E,https://vidsrc.to/embed/movie/1656
39449,102,sTecl1pXoaU,https://vidsrc.to/embed/movie/2313
39516,125,pDZQk4Y8OkQ,https://vidsrc.to/embed/movie/16729
39715,94,rSXb-9fkWFs,https://vidsrc.to/embed/movie/8274
39801,124,a-h6_7VfQ34,https://vidsrc.to/embed/movie/42000
39869,139,vFk2Vy1bWHQ,https://vidsrc.to/embed/movie/1951
40148,115,DNXtExBM-KM,https://vidsrc.to/embed/movie/10851
40278,123,-aBP-c28_1M,https://vidsrc.to/embed/movie/25
40339,81,POAACdKjsn0,https://vidsrc.to/embed/movie/9982
40412,90,4k9mkQjEzuY,https://vidsrc.to/embed/movie/12877
40414,116,KRrr-CDXijs,https://vidsrc.to/embed/movie/11661
40478,88,AA910vCNRe4,https://vidsrc.to/embed/movie/38761
40491,69,Vf_D3ZzYLy0,https://vidsrc.to/embed/movie/7974
40578,85,,https://vidsrc.to/embed/movie/46917
40581,94,vIBBVzy5UoQ,https://vidsrc.to/embed/movie/10033
40583,128,FmMKoLho9fg,https://vidsrc.to/embed/movie/231
40597,88,,https://vidsrc.to/embed/movie/68098
40614,108,84mGKTTv5Gc,https://vidsrc.to/embed/movie/8999
40617,85,QZUzM_p6a1k,https://vidsrc.to/embed/movie/8555
40629,128,tbW-pmLT5UU,https://vidsrc.to/embed/movie/4348
40723,99,eMaEkGjm4dM,https://vidsrc.to/embed/movie/9885
40732,100,vJ0Kg8UyHK0,https://vidsrc.to/embed/movie/9392
40815,157,4xkFJgcCQRE,https://vidsrc.to/embed/movie/674
40819,136,pbQ22zWPYbw,https://vidsrc.to/embed/movie/69
40826,135,BH0MLyu6HjY,https://vidsrc.to/embed/movie/1833
40851,101,hxrF-X1yn6Q,https://vidsrc.to/embed/movie/6795
40870,126,w1gSfxLtKSY,https://vidsrc.to/embed/movie/11421
40946,70,,https://vidsrc.to/embed/movie/16156
40959,88,LJ3RRfGWHVE,https://vidsrc.to/embed/movie/9005
40962,90,Ct37x6Fhbx0,https://vidsrc.to/embed/movie/13499
40966,114,T3fZG0HziLg,https://vidsrc.to/embed/movie/7548
41014,96,UztVF1nJTBo,https://vidsrc.to/embed/movie/20345
41285,124,yIC7Ygsy0Cg,https://vidsrc.to/embed/movie/116
41527,90,9O5KYevUkPw,https://vidsrc.to/embed/movie/67
41566,143,3mKPrxjwF7A,https://vidsrc.to/embed/movie/411
41569,188,9extfjDZCts,https://vidsrc.to/embed/movie/254
41571,146,NwJw70Yufug,https://vidsrc.to/embed/movie/1904
41573,103,ps8DhuMfScQ,https://vidsrc.to/embed/movie/9043
41617,86,rFyL2VEfFZM,https://vidsrc.to/embed/movie/14695
41627,121,GTkERWlcJB0,https://vidsrc.to/embed/movie/27031
41716,97,k3qUl2i9lVA,https://vidsrc.to/embed/movie/9515
41724,98,,https://vidsrc.to/embed/movie/29595
41769,92,sjpSqYu_ZGM,https://vidsrc.to/embed/movie/23478
41828,132,ZmWcxvB1j_E,https://vidsrc.to/embed/movie/8290
42002,134,u36iNj52rac,https://vidsrc.to/embed/movie/9899
42004,103,PPbGIErXKpE,https://vidsrc.to/embed/movie/546
42007,97,QWYqikq6YuE,https://vidsrc.to/embed/movie/2800
42009,94,OnLlLwEflHI,https://vidsrc.to/embed/movie/9641
42011,90,5Iwd_Ye-qNs,https://vidsrc.to/embed/movie/7552
42013,94,Tn_H5_O5v20,https://vidsrc.to/embed/movie/9927
42015,112,FLbl01QrMzI,https://vidsrc.to/embed/movie/9681
42018,103,X858gLx6kuc,https://vidsrc.to/embed/movie/10773
42176,95,wVuMrrMiFbM,https://vidsrc.to/embed/movie/88953
42191,2,lkKf9DWmR04,https://vidsrc.to/embed/movie/13925
42285,92,LkDykd9ZmXM,https://vidsrc.to/embed/movie/9568
42418,151,i2LdlqW26zc,https://vidsrc.to/embed/movie/11400
42422,25,kwBcyUGXI2s,https://vidsrc.to/embed/movie/37910
42556,100,XUej2Wcqn4o,https://vidsrc.to/embed/movie/14241
42559,122,ELkh7tj2blo,https://vidsrc.to/embed/movie/79406
42602,84,,https://vidsrc.to/embed/movie/38785
42632,115,deSJEDUi4rQ,https://vidsrc.to/embed/movie/4550
42638,88,tDx_x5X6nnA,https://vidsrc.to/embed/movie/16433
42718,84,BJPy7e5hvSg,https://vidsrc.to/embed/movie/10045
42723,94,R0ShE0EbcCA,https://vidsrc.to/embed/movie/1690
42725,95,sEA_g1UK64k,https://vidsrc.to/embed/movie/9900
42728,125,LAJJay0Uv4M,https://vidsrc.to/embed/movie/9044
42730,118,uEd69QSBI0s,https://vidsrc.to/embed/movie/9918
42732,112,9cG7aa-oG8w,https://vidsrc.to/embed/movie/17379
42734,81,_WGv6Rgp72k,https://vidsrc.to/embed/movie/10982
42740,98,zAkQ-gvErDw,https://vidsrc.to/embed/movie/25890
42761,90,DqV7A6V1xZE,https://vidsrc.to/embed/movie/39345
42943,126,XOJpN9GnGw4,https://vidsrc.to/embed/movie/12701
42946,105,Xn-b_DoUXnE,https://vidsrc.to/embed/movie/21519
43289,118,st1MwQD8V8Y,https://vidsrc.to/embed/movie/28638
43333,115,2R0pRl18js8,https://vidsrc.to/embed/movie/7509
43376,117,XM5A4ETW_Io,https://vidsrc.to/embed/movie/2117
43396,127,02Yy1vihIKs,https://vidsrc.to/embed/movie/9912
43419,93,gEoz9mpxBVg,https://vidsrc.to/embed/movie/1969
43460,94,6VtAJ6aYqMo,https://vidsrc.to/embed/movie/8435
43556,108,jMQT5wQN-pk,https://vidsrc.to/embed/movie/13275
43558,99,345vOvSvGPw,https://vidsrc.to/embed/movie/11565
43560,97,rA9R6oustLk,https://vidsrc.to/embed/movie/11283
43677,106,,https://vidsrc.to/embed/movie/31894
43679,92,ectjqGg92M8,https://vidsrc.to/embed/movie/9286
43684,99,6hpZyd9Yx90,https://vidsrc.to/embed/movie/15363
43708,100,w7DA-xtN6nU,https://vidsrc.to/embed/movie/292
43744,93,oir0eyldvsY,https://vidsrc.to/embed/movie/1544
43836,93,er7sxi-ur1A,https://vidsrc.to/embed/movie/12096
43869,87,CUjd98rZCVM,https://vidsrc.to/embed/movie/9975
43904,87,xFxmelljiyg,https://vidsrc.to/embed/movie/10053
43912,113,aCy6_bgJ6-k,https://vidsrc.to/embed/movie/9959
43914,98,aAd7krUOJJg,https://vidsrc.to/embed/movie/14256
43917,120,HRQ1JeRieCQ,https://vidsrc.to/embed/movie/9036
43919,83,23QoNhfK_qg,https://vidsrc.to/embed/movie/10073
43921,122,bBboyvN3s-o,https://vidsrc.to/embed/movie/7304
43928,87,3O79UT32DzY,https://vidsrc.to/embed/movie/9920
43930,103,rkJInkePtOY,https://vidsrc.to/embed/movie/10025
43932,88,spyTqeP8i7c,https://vidsrc.to/embed/movie/9682
43936,105,55nKvGV0APA,https://vidsrc.to/embed/movie/2207
44004,97,4KZM3PRV0NM,https://vidsrc.to/embed/movie/6877
44020,72,IQ9QjHVaurM,https://vidsrc.to/embed/movie/14609
44191,132,3ge0navn9E0,https://vidsrc.to/embed/movie/752
44193,105,D4OhwrMidSU,https://vidsrc.to/embed/movie/9655
44195,92,Df32RijORLo,https://vidsrc.to/embed/movie/9388
44197,125,tjlkibbkK6w,https://vidsrc.to/embed/movie/9950
44199,129,4G7n7O5pel0,https://vidsrc.to/embed/movie/388
44204,94,yCO4FbYyZIk,https://vidsrc.to/embed/movie/868
44225,103,UhzXwfatkvk,https://vidsrc.to/embed/movie/14191
44238,85,fPTC15gu_gk,https://vidsrc.to/embed/movie/18009
44241,94,,https://vidsrc.to/embed/movie/19286
44243,95,biZ_dM_Becc,https://vidsrc.to/embed/movie/19287
44301,78,ouvpguaIfjw,https://vidsrc.to/embed/movie/1379
44397,107,weZ6GEXeYl0,https://vidsrc.to/embed/movie/9792
44399,98,S09rcCJl8pc,https://vidsrc.to/embed/movie/10067
44511,88,pv0B0Z6mZrQ,https://vidsrc.to/embed/movie/35555
44555,137,n3_iLOp6IhM,https://vidsrc.to/embed/movie/582
44597,92,RY-cennt8CQ,https://vidsrc.to/embed/movie/37939
44613,118,-yWRRvTBUz4,https://vidsrc.to/embed/movie/12763
44633,110,2qtFPOxDMs4,https://vidsrc.to/embed/movie/13222
44657,81,j9HXcsE0gI8,https://vidsrc.to/embed/movie/1561
44665,110,oYOiObTFtNk,https://vidsrc.to/embed/movie/186
44694,121,ZmWsnWy0iUA,https://vidsrc.to/embed/movie/219
44709,113,8Sf4Lwxg6lQ,https://vidsrc.to/embed/movie/13751
44719,84,,https://vidsrc.to/embed/movie/53961
44731,86,DjzqGzuZSfI,https://vidsrc.to/embed/movie/10069
44759,116,W7eAJ3f7C5c,https://vidsrc.to/embed/movie/3093
44761,110,awbOgB7yB_Q,https://vidsrc.to/embed/movie/9270
44773,90,ydALzlrpycA,https://vidsrc.to/embed/movie/28349
44777,93,,https://vidsrc.to/embed/movie/10177
44788,98,,https://vidsrc.to/embed/movie/16070
44828,96,2IBFP82BJ3I,https://vidsrc.to/embed/movie/9035
44849,105,ASYZhy0cmeU,https://vidsrc.to/embed/movie/9389
44851,91,9hZ8a4McwQY,https://vidsrc.to/embed/movie/460
44929,116,tdo-bnAM3Po,https://vidsrc.to/embed/movie/4441
44931,75,Df1CGxqS1MA,https://vidsrc.to/embed/movie/84954
44937,96,1nbBpVo9_pg,https://vidsrc.to/embed/movie/11490
44943,128,foZuOsf5tEk,https://vidsrc.to/embed/movie/11304
44972,83,h0zAlXr1UOs,https://vidsrc.to/embed/movie/4257
44974,104,hvx0m2SeOSk,https://vidsrc.to/embed/movie/2652
45028,105,DE3TZSdjVFM,https://vidsrc.to/embed/movie/9526
45062,108,qacVtga4IYQ,https://vidsrc.to/embed/movie/5820
45074,82,2Ud851VoYzU,https://vidsrc.to/embed/movie/9904
45081,125,1mfnhu8sO5k,https://vidsrc.to/embed/movie/588
45106,107,Q3jWiFc645c,https://vidsrc.to/embed/movie/9310
45175,107,ONUCmbDwz54,https://vidsrc.to/embed/movie/16367
45183,105,4Pev6lkexo8,https://vidsrc.to/embed/movie/8982
45186,126,4oVva0muTE8,https://vidsrc.to/embed/movie/956
45208,99,47yTN7kwp3o,https://vidsrc.to/embed/movie/9530
45210,111,kHdqw6scuIc,https://vidsrc.to/embed/movie/9829
45221,105,jNBS2KcY7QQ,https://vidsrc.to/embed/movie/10115
45361,83,8Mr1wMiihKI,https://vidsrc.to/embed/movie/10008
45382,112,Uuz6SrxywFg,https://vidsrc.to/embed/movie/7870
45440,102,IEp9pGNW6PA,https://vidsrc.to/embed/movie/9786
45442,98,lMBnf57f3AU,https://vidsrc.to/embed/movie/503
45447,149,Xy6aVei3Mnk,https://vidsrc.to/embed/movie/591
45499,104,X8ozc_dQprk,https://vidsrc.to/embed/movie/36668
45501,106,SfTaJUh3_J4,https://vidsrc.to/embed/movie/9767
45503,120,gegNMYvY_yg,https://vidsrc.to/embed/movie/13689
45517,117,bOs0p2E4sZw,https://vidsrc.to/embed/movie/920
45635,91,Cd252I7A6NE,https://vidsrc.to/embed/movie/15402
45648,87,g7NA-VaOzbw,https://vidsrc.to/embed/movie/80919
45658,98,kQbccINEr4Q,https://vidsrc.to/embed/movie/38344
45666,92,m2Vh4tfnvKk,https://vidsrc.to/embed/movie/9353
45668,99,V02lqEpbk2Y,https://vidsrc.to/embed/movie/2044
45672,107,APUqyhgtCfk,https://vidsrc.to/embed/movie/9339
45722,151,9SFWn9taQTw,https://vidsrc.to/embed/movie/58
45726,108,TluIBiITdkA,https://vidsrc.to/embed/movie/1819
45728,97,JeAgPiCi94o,https://vidsrc.to/embed/movie/2295
45730,110,j_EfR05ku4Q,https://vidsrc.to/embed/movie/9697
45732,95,7FY2efhRS4U,https://vidsrc.to/embed/movie/4474
45880,123,yBWyKRoh98U,https://vidsrc.to/embed/movie/1887
45928,92,nsJAlrYjGz8,https://vidsrc.to/embed/movie/13508
45950,100,wnjx6KETmi4,https://vidsrc.to/embed/movie/1781
45969,83,WW9BFI1ii40,https://vidsrc.to/embed/movie/16270
46062,98,mpgel-TjMKk,https://vidsrc.to/embed/movie/10947
46105,98,l4VFrHKjB0g,https://vidsrc.to/embed/movie/17628
46231,102,TzYTheLQjVA,https://vidsrc.to/embed/movie/17741
46322,103,4I3oUkBnFG0,https://vidsrc.to/embed/movie/7549
46335,104,K6RWbKMSDcg,https://vidsrc.to/embed/movie/9615
46347,91,VXtsDoAreBk,https://vidsrc.to/embed/movie/20604
46367,99,FIpQagY4Dqw,https://vidsrc.to/embed/movie/31692
46530,154,gKrGjD7ItsQ,https://vidsrc.to/embed/movie/1452
46559,95,rCpbOAFQXUY,https://vidsrc.to/embed/movie/7872
46572,82,JZVkLqcqmGk,https://vidsrc.to/embed/movie/18191
46574,88,RnUQWxYJY3Q,https://vidsrc.to/embed/movie/14474
46578,102,oabGaaCLZ5g,https://vidsrc.to/embed/movie/773
46664,96,ZU8nIwPEpus,https://vidsrc.to/embed/movie/21631
46723,143,PqPNksLZIAk,https://vidsrc.to/embed/movie/1164
46772,86,uCWSgdKwlfU,https://vidsrc.to/embed/movie/13141
46850,94,JLK7de9juXs,https://vidsrc.to/embed/movie/35199
46855,145,sxnCZ0nR2a4,https://vidsrc.to/embed/movie/15383
46862,72,sF9Xqa5wt-o,https://vidsrc.to/embed/movie/47850
46865,98,x9STUnqrE_c,https://vidsrc.to/embed/movie/9072
46965,105,5noedIVk8Cs,https://vidsrc.to/embed/movie/326
46970,108,myKtVl8N7jU,https://vidsrc.to/embed/movie/9718
46972,108,Ltba1_-tRT4,https://vidsrc.to/embed/movie/1593
46974,129,8M9lz5R1K2A,https://vidsrc.to/embed/movie/1852
46976,113,PZpg8VII7es,https://vidsrc.to/embed/movie/1262
47044,132,rxv9ck8Xrio,https://vidsrc.to/embed/movie/82
47099,117,DMOBlEcRuw8,https://vidsrc.to/embed/movie/1402
47122,87,hDmtPKruS6s,https://vidsrc.to/embed/movie/9293
47124,89,1UArmfHdeyk,https://vidsrc.to/embed/movie/9906
47200,88,218nsccFpag,https://vidsrc.to/embed/movie/1948
47202,115,iPAFnmmJf_Y,https://vidsrc.to/embed/movie/148
47254,106,IzWbjvuIgAc,https://vidsrc.to/embed/movie/5289
47261,91,akr3vKaKNSE,https://vidsrc.to/embed/movie/9782
47382,104,2_g--dceQoY,https://vidsrc.to/embed/movie/9762
47384,88,5y7q5b3WyEc,https://vidsrc.to/embed/movie/14113
47404,103,2fmmCsyK1dY,https://vidsrc.to/embed/movie/21712
47423,107,BNdg2Ds3Fpw,https://vidsrc.to/embed/movie/7859
47446,87,DfURXKUwbFA,https://vidsrc.to/embed/movie/16998
47465,120,RXw2q4qzud4,https://vidsrc.to/embed/movie/11559
47516,97,MT_mqkj9ht4,https://vidsrc.to/embed/movie/10118
47518,93,NRfS_Pvk0Kg,https://vidsrc.to/embed/movie/9788
47538,115,ti4ldRJ0sRA,https://vidsrc.to/embed/movie/11689
47566,92,,https://vidsrc.to/embed/movie/33813
47610,110,QngdF-55AGc,https://vidsrc.to/embed/movie/1491
47629,103,mqL42sjb96I,https://vidsrc.to/embed/movie/1165
47640,110,4ZBJxhjqUgs,https://vidsrc.to/embed/movie/9988
47644,105,Aux_hRJYED8,https://vidsrc.to/embed/movie/11652
47646,121,vLn7aNjVNMA,https://vidsrc.to/embed/movie/13816
47721,34,KorAPe9TV7E,https://vidsrc.to/embed/movie/15265
47725,91,tQl1GRR97BA,https://vidsrc.to/embed/movie/11227
47736,61,,https://vidsrc.to/embed/movie/33810
47774,90,,https://vidsrc.to/embed/movie/41937
47793,85,85cmTNBH42k,https://vidsrc.to/embed/movie/24055
47810,102,r86OlE7rlFc,https://vidsrc.to/embed/movie/9708
47894,127,6yvHe_ksnDA,https://vidsrc.to/embed/movie/1116
47937,96,Yb6gBdtK9TQ,https://vidsrc.to/embed/movie/5072
47950,126,-e3Q4EOs624,https://vidsrc.to/embed/movie/1249
47952,97,mNdijA2KlJo,https://vidsrc.to/embed/movie/9954
47970,115,6O8SsSLKq2E,https://vidsrc.to/embed/movie/7511
47978,96,713Ce4DlRn0,https://vidsrc.to/embed/movie/13075
47997,85,clYwX8Z43zg,https://vidsrc.to/embed/movie/7512
47999,84,QBxATt-sP7Q,https://vidsrc.to/embed/movie/1776
48001,90,eXDkdjHAVIU,https://vidsrc.to/embed/movie/1963
48032,114,Z50NSjFyFiA,https://vidsrc.to/embed/movie/10846
48043,96,pT1B1ykme2M,https://vidsrc.to/embed/movie/1381
48082,106,dHtE0szIip0,https://vidsrc.to/embed/movie/300
48142,121,49DrnE1s6ho,https://vidsrc.to/embed/movie/9676
48150,91,wCPk_IxZY7E,https://vidsrc.to/embed/movie/6948
48161,125,BF25qyiEUpU,https://vidsrc.to/embed/movie/9766
48214,123,MO5W5OHbBxc,https://vidsrc.to/embed/movie/1595
48262,93,07gup1pWsTo,https://vidsrc.to/embed/movie/1666
48304,138,gSw5l5jMnPM,https://vidsrc.to/embed/movie/1579
48319,138,fpIXMVSnsOY,https://vidsrc.to/embed/movie/9664
48322,92,qBZPCE0jr6M,https://vidsrc.to/embed/movie/12094
48326,125,uxAgqD8_Osw,https://vidsrc.to/embed/movie/1717
48342,84,dbB58fGIn2g,https://vidsrc.to/embed/movie/15624
48385,84,vlnUa_dNsRQ,https://vidsrc.to/embed/movie/496
48394,118,6tYUOAMsydg,https://vidsrc.to/embed/movie/1417
48412,139,fvVrlOS8vC4,https://vidsrc.to/embed/movie/4643
48414,86,YHQAL6s3Mk8,https://vidsrc.to/embed/movie/7484
48416,100,Jh-nQKB8fwg,https://vidsrc.to/embed/movie/9842
48516,151,r-MiSNsCdQ4,https://vidsrc.to/embed/movie/1422
48518,91,lU-j7yER67Y,https://vidsrc.to/embed/movie/10781
48520,103,uq96WOiaL08,https://vidsrc.to/embed/movie/9794
48560,116,vYOzcty_81M,https://vidsrc.to/embed/movie/7510
48593,115,qmUxABTagIA,https://vidsrc.to/embed/movie/9895
48596,92,NaYiwodqOv4,https://vidsrc.to/embed/movie/8975
48638,148,LOkiSgBakz4,https://vidsrc.to/embed/movie/42236
48678,87,SBxxrDaC-qE,https://vidsrc.to/embed/movie/10070
48696,137,xiuWqJK0IFw,https://vidsrc.to/embed/movie/1440
48698,101,zrOXlsSLy0o,https://vidsrc.to/embed/movie/13364
48741,99,NTfyVYqYL90,https://vidsrc.to/embed/movie/14201
48744,101,mzsUiy1OC6Q,https://vidsrc.to/embed/movie/1378
48774,109,2VT2apoX90o,https://vidsrc.to/embed/movie/9693
48780,130,ObGVA1WOqyE,https://vidsrc.to/embed/movie/1124
48783,135,2GdDPaT2nEo,https://vidsrc.to/embed/movie/3683
48872,93,,https://vidsrc.to/embed/movie/6077
48877,108,Whxt7ewIbGo,https://vidsrc.to/embed/movie/214
48879,101,8Z7N_pzL4C4,https://vidsrc.to/embed/movie/1123
48883,97,HOZOEmBK-QQ,https://vidsrc.to/embed/movie/21173
48982,85,zTj0LvKXIO0,https://vidsrc.to/embed/movie/11619
48997,147,zutiIw_2e2g,https://vidsrc.to/embed/movie/1427
49013,92,jpyBrTSUO5k,https://vidsrc.to/embed/movie/13767
49110,88,c4DLVTazJRs,https://vidsrc.to/embed/movie/27295
49220,86,QYlsn7C24hQ,https://vidsrc.to/embed/movie/14799
49265,115,k9w5RCI8PEc,https://vidsrc.to/embed/movie/8588
49272,144,U4NT78c-pYs,https://vidsrc.to/embed/movie/36557
49274,108,ThMZMdH3gVA,https://vidsrc.to/embed/movie/9836
49276,89,SvLfSSULpEI,https://vidsrc.to/embed/movie/9809
49278,126,VdCRypsfZDE,https://vidsrc.to/embed/movie/7551
49280,120,dakDA3bY_6E,https://vidsrc.to/embed/movie/10741
49284,81,gxsV-S81hVY,https://vidsrc.to/embed/movie/2357
49314,116,XbS7M4-Y87Y,https://vidsrc.to/embed/movie/7873
49347,116,TwhLTpicFqQ,https://vidsrc.to/embed/movie/8324
49389,12,In3mRDX0uqk,https://vidsrc.to/embed/movie/5698
49396,93,vz6BkxJFZ5o,https://vidsrc.to/embed/movie/2179
49524,101,UiSfup00uZY,https://vidsrc.to/embed/movie/2447
49530,143,stEtrTrDlrw,https://vidsrc.to/embed/movie/1372
49647,97,ORMcpzpmLTU,https://vidsrc.to/embed/movie/9986
49649,104,MAqm-1zUyno,https://vidsrc.to/embed/movie/2486
49651,102,K_z4bNupt1A,https://vidsrc.to/embed/movie/1246
49666,122,SODvv2xxvgI,https://vidsrc.to/embed/movie/18615
49688,124,xKQHVdgCeXo,https://vidsrc.to/embed/movie/13210
49735,94,,https://vidsrc.to/embed/movie/12795
49772,125,1oevR8c35Qk,https://vidsrc.to/embed/movie/14202
49793,124,y3V6Qz3zz4s,https://vidsrc.to/embed/movie/11170
49822,167,MKStOxOrxiE,https://vidsrc.to/embed/movie/1247
49824,130,DTgGuFOh2M0,https://vidsrc.to/embed/movie/1125
49932,180,kS2v-icgBj4,https://vidsrc.to/embed/movie/1730
49957,109,Wr0gGySdMkQ,https://vidsrc.to/embed/movie/8618
49961,92,AruRpjQquQQ,https://vidsrc.to/embed/movie/1259
50003,87,luSqcSVGknU,https://vidsrc.to/embed/movie/9053
50005,114,c-W5dl98ZWA,https://vidsrc.to/embed/movie/1494
50064,108,z9pLfBQfwhM,https://vidsrc.to/embed/movie/182
50068,141,g65ewJJ1USc,https://vidsrc.to/embed/movie/1251
50147,92,XGFJdvQw65o,https://vidsrc.to/embed/movie/9656
50158,114,jA6RTM9NE8s,https://vidsrc.to/embed/movie/1931
50160,92,PqF25DJk-fo,https://vidsrc.to/embed/movie/13967
50189,97,tkU2pjpt0Eo,https://vidsrc.to/embed/movie/8275
50354,115,Kgl0YzRoBfw,https://vidsrc.to/embed/movie/11578
50356,107,,https://vidsrc.to/embed/movie/11972
50440,93,RARfk8cXPeg,https://vidsrc.to/embed/movie/4283
50442,122,VPWjDJmbrak,https://vidsrc.to/embed/movie/7457
50445,84,,https://vidsrc.to/embed/movie/8398
50514,124,-lKCRdGXCeM,https://vidsrc.to/embed/movie/3549
50601,95,T2TDSEG57hI,https://vidsrc.to/embed/movie/1265
50610,86,AaTvl23xRpA,https://vidsrc.to/embed/movie/14137
50613,78,2EZtStZZKEs,https://vidsrc.to/embed/movie/15689
50658,135,wrTLjPS2gN4,https://vidsrc.to/embed/movie/13365
50740,40,,https://vidsrc.to/embed/movie/51863
50792,111,802GQQ2XyUk,https://vidsrc.to/embed/movie/13668
50794,109,202uOuNsgow,https://vidsrc.to/embed/movie/7516
50796,98,jDvS856hLms,https://vidsrc.to/embed/movie/10075
50800,90,22XGp20H-A4,https://vidsrc.to/embed/movie/9966
50802,102,aUE8gHEPJ_I,https://vidsrc.to/embed/movie/1257
50804,121,ECOUSPHn4Sg,https://vidsrc.to/embed/movie/1248
50806,102,IsJCWdwVdQ0,https://vidsrc.to/embed/movie/9757
50842,99,OyPBZsli7e0,https://vidsrc.to/embed/movie/5206
50851,118,4Kbitg2mKOM,https://vidsrc.to/embed/movie/14761
50872,111,NgsQ8mVkN8w,https://vidsrc.to/embed/movie/2062
50912,120,yAOQBuPHV3M,https://vidsrc.to/embed/movie/2266
50923,104,390WaPcxnFI,https://vidsrc.to/embed/movie/5172
50954,95,7uh2l0TQrdo,https://vidsrc.to/embed/movie/37725
50999,90,lVwxn-UJ284,https://vidsrc.to/embed/movie/13517
51037,85,qRYPZvHPBg0,https://vidsrc.to/embed/movie/9828
51077,114,nu6R7ypaz5g,https://vidsrc.to/embed/movie/1250
51080,110,XJuLFKeRoJg,https://vidsrc.to/embed/movie/4169
51082,100,lXISGEKBdOk,https://vidsrc.to/embed/movie/16555
51084,104,gwac2AZTrJI,https://vidsrc.to/embed/movie/11172
51086,97,TUTlOC4mVQ8,https://vidsrc.to/embed/movie/3594
51088,83,dC6gXV0qjGI,https://vidsrc.to/embed/movie/10090
51091,116,hZR1JL1ySaw,https://vidsrc.to/embed/movie/7874
51167,112,KTmrUXNxwWI,https://vidsrc.to/embed/movie/13393
51174,91,qnta4dqSMcM,https://vidsrc.to/embed/movie/12271
51255,121,L6PKkxn7pq0,https://vidsrc.to/embed/movie/4638
51412,96,wOLv3cqeolk,https://vidsrc.to/embed/movie/1738
51471,117,cRuWRy5McCM,https://vidsrc.to/embed/movie/15163
51498,87,dwMXQ-04g9g,https://vidsrc.to/embed/movie/10845
51540,157,yNncHPl1UXg,https://vidsrc.to/embed/movie/1949
51545,108,d99iy7uHe8Q,https://vidsrc.to/embed/movie/11330
51562,95,,https://vidsrc.to/embed/movie/10942
51573,14,98eh_4z4hfA,https://vidsrc.to/embed/movie/27040
51575,100,r6SSpOJ_aS4,https://vidsrc.to/embed/movie/11199
51662,117,UrIbxk7idYA,https://vidsrc.to/embed/movie/1271
51666,99,VHXpeVGJg0Q,https://vidsrc.to/embed/movie/10790
51694,96,p5JwoOHPmbw,https://vidsrc.to/embed/movie/14055
51705,104,RqQaWB6u-p8,https://vidsrc.to/embed/movie/6691
51709,120,xrLY0wO06l4,https://vidsrc.to/embed/movie/1255
51834,120,4w54MfAxj14,https://vidsrc.to/embed/movie/2977
51884,122,5MCD1Q4KKac,https://vidsrc.to/embed/movie/16727
51925,96,2ALLgKiE4gU,https://vidsrc.to/embed/movie/9963
51927,89,NvVPn1gD1Xw,https://vidsrc.to/embed/movie/14001
51931,124,yzQYokimcg0,https://vidsrc.to/embed/movie/2355
51933,104,tJRTDl3z87E,https://vidsrc.to/embed/movie/16385
51935,124,A3lPVwYOdzA,https://vidsrc.to/embed/movie/7485
51937,89,Fy2t5N2WljM,https://vidsrc.to/embed/movie/9793
51939,87,PXhhPJ1LdoI,https://vidsrc.to/embed/movie/1273
52241,99,e9oyHy_ZigY,https://vidsrc.to/embed/movie/8270
52245,93,YFE-6XlAAmE,https://vidsrc.to/embed/movie/9955
52279,92,gTNVXQ-GgFw,https://vidsrc.to/embed/movie/10172
52283,99,uJmoEPwudN0,https://vidsrc.to/embed/movie/1683
52287,95,S396-fnLldk,https://vidsrc.to/embed/movie/1267
52299,100,l1ZnFT2qAJU,https://vidsrc.to/embed/movie/16018
52319,99,qH2PeTVIpfs,https://vidsrc.to/embed/movie/22311
52375,116,djWXQ9Pz1OI,https://vidsrc.to/embed/movie/9903
52435,25,8J1AXS8C20M,https://vidsrc.to/embed/movie/13377
52458,105,LoemUrP3EKQ,https://vidsrc.to/embed/movie/8271
52462,86,0IOXw6NHCVA,https://vidsrc.to/embed/movie/13158
52579,140,ovNIoQn5Tvo,https://vidsrc.to/embed/movie/1407
52604,113,B9jSN5CXO-g,https://vidsrc.to/embed/movie/6145
52644,85,9DCyrUheIpM,https://vidsrc.to/embed/movie/10294
52668,97,qs43QuyMu4w,https://vidsrc.to/embed/movie/13067
52694,90,LZfIzJ6XwPQ,https://vidsrc.to/embed/movie/1268
52712,102,BGfVZ1DS_vg,https://vidsrc.to/embed/movie/9785
52715,108,ZPNnyR8fPDE,https://vidsrc.to/embed/movie/13280
52722,139,e5wUilOeOmg,https://vidsrc.to/embed/movie/559
52724,124,kGWgHKHBWm8,https://vidsrc.to/embed/movie/1950
52730,88,O1Uf_oqCdDw,https://vidsrc.to/embed/movie/13352
52784,89,HGM8jnpFFkk,https://vidsrc.to/embed/movie/13894
52885,90,a6avI9oPgnw,https://vidsrc.to/embed/movie/4977
52950,146,FLY79X1VJj8,https://vidsrc.to/embed/movie/2269
52952,101,0Fkxda3WGe4,https://vidsrc.to/embed/movie/11798
52967,110,e-uNrAwb8-0,https://vidsrc.to/embed/movie/1919
52973,129,K6oqO-xMERc,https://vidsrc.to/embed/movie/4964
52975,116,hsFtWsRn99U,https://vidsrc.to/embed/movie/2976
53022,109,kSYEu47WbJY,https://vidsrc.to/embed/movie/11205
53024,86,IY3cx3U0gYE,https://vidsrc.to/embed/movie/36676
53121,93,_MoIr7811Bs,https://vidsrc.to/embed/movie/810
53123,85,iBYTsu3L6r4,https://vidsrc.to/embed/movie/5723
53127,98,SlXPgld35ag,https://vidsrc.to/embed/movie/12526
53129,120,hXfbVIFc6t4,https://vidsrc.to/embed/movie/3432
53140,106,eYUHJ978EU8,https://vidsrc.to/embed/movie/14207
53161,105,E1Wn7GfJnnA,https://vidsrc.to/embed/movie/5488
53280,90,c7Aer6QJee4,https://vidsrc.to/embed/movie/10063
53318,103,JEBhL6ks7E4,https://vidsrc.to/embed/movie/12225
53355,101,,https://vidsrc.to/embed/movie/2241
53435,93,,https://vidsrc.to/embed/movie/1691
53447,84,8-pKxaN34K0,https://vidsrc.to/embed/movie/1990
53450,104,,https://vidsrc.to/embed/movie/170261
53453,92,Adhky7H8YXY,https://vidsrc.to/embed/movie/22049
53460,85,7mPdQRXFiPA,https://vidsrc.to/embed/movie/9408
53464,92,7whodtti908,https://vidsrc.to/embed/movie/1979
53466,99,oxkAM7KEjWE,https://vidsrc.to/embed/movie/14043
53468,92,,https://vidsrc.to/embed/movie/10288
53519,113,EAPy76vxF5s,https://vidsrc.to/embed/movie/1991
53550,125,oByaEHTGBUM,https://vidsrc.to/embed/movie/9952
53574,87,aE1kEbWbH1w,https://vidsrc.to/embed/movie/17320
53578,85,x_4KXH-AUGY,https://vidsrc.to/embed/movie/21427
53808,99,go3ELJdpkx4,https://vidsrc.to/embed/movie/11211
53894,123,8BJyyyRYbSk,https://vidsrc.to/embed/movie/2359
53921,108,G7EDc354h1k,https://vidsrc.to/embed/movie/1988
53953,104,lmB3FUVQ_28,https://vidsrc.to/embed/movie/3021
53956,91,SPbXMBZhFc8,https://vidsrc.to/embed/movie/2196
53974,91,HmyfIOp30aI,https://vidsrc.to/embed/movie/2959
53993,96,R1QArbkQsVw,https://vidsrc.to/embed/movie/2698
53996,144,ahYjx0rQvqQ,https://vidsrc.to/embed/movie/1858
54001,138,47PHbQTmw5g,https://vidsrc.to/embed/movie/675
54004,115,ryrFuOLpoOM,https://vidsrc.to/embed/movie/3563
54121,93,qdYOfdwB_iM,https://vidsrc.to/embed/movie/37292
54190,133,OYa3K2kKfUM,https://vidsrc.to/embed/movie/4688
54256,88,DhdrA9qz79o,https://vidsrc.to/embed/movie/10074
54259,127,8fsi_QqU5j8,https://vidsrc.to/embed/movie/2270
54272,87,HVDieI6Dp2s,https://vidsrc.to/embed/movie/35
54274,105,KSZ98kUVQFo,https://vidsrc.to/embed/movie/5857
54276,104,qm68An_PzAs,https://vidsrc.to/embed/movie/3638
54281,97,b_DVwLq0wn0,https://vidsrc.to/embed/movie/8669
54286,115,ohkW_xbPl9A,https://vidsrc.to/embed/movie/2503
54354,86,,https://vidsrc.to/embed/movie/54546
54372,131,4AqH7AAYWHs,https://vidsrc.to/embed/movie/10795
54503,113,MuhWxdD0qno,https://vidsrc.to/embed/movie/8363
54617,98,,https://vidsrc.to/embed/movie/17350
54648,90,FRDRWXfQyJE,https://vidsrc.to/embed/movie/5174
54686,102,p-01n4dptzg,https://vidsrc.to/embed/movie/9703
54732,90,UAZUiH5wJhI,https://vidsrc.to/embed/movie/9750
54734,108,N-Hua-wJzVc,https://vidsrc.to/embed/movie/10760
54736,110,T7xGu-SnWUk,https://vidsrc.to/embed/movie/4349
54745,101,yjRSX-s_GIs,https://vidsrc.to/embed/movie/13068
54768,89,fNibbOj7mOk,https://vidsrc.to/embed/movie/14144
54771,99,QsFHAg9Ij-0,https://vidsrc.to/embed/movie/4858
54780,105,Fwb8euJ-Evk,https://vidsrc.to/embed/movie/12435
54785,110,iOPDeXTbHzg,https://vidsrc.to/embed/movie/2082
54787,105,NZuJuuZabx8,https://vidsrc.to/embed/movie/11835
54796,96,BePjI5H-tjM,https://vidsrc.to/embed/movie/1845
54881,83,L5XvArGGIzk,https://vidsrc.to/embed/movie/13958
54908,91,i9KDTzVN2jM,https://vidsrc.to/embed/movie/2335
54934,93,LuCV3ZGPkZM,https://vidsrc.to/embed/movie/10071
54962,100,4_xd_UemIo0,https://vidsrc.to/embed/movie/12994
54995,105,j1cjXKdox0M,https://vidsrc.to/embed/movie/1992
54997,122,Kv6apbWxb5M,https://vidsrc.to/embed/movie/5176
54999,86,jlx4n_ibNZE,https://vidsrc.to/embed/movie/4141
55020,96,m6pnqyDTUL0,https://vidsrc.to/embed/movie/13173
55036,117,,https://vidsrc.to/embed/movie/14786
55052,123,WZAttjca0b8,https://vidsrc.to/embed/movie/4347
55067,92,brRQf48QRQg,https://vidsrc.to/embed/movie/523
55069,114,UjS7v4AEYco,https://vidsrc.to/embed/movie/2009
55071,102,vINM0CAysc8,https://vidsrc.to/embed/movie/12901
55080,122,ypveUYwYEA8,https://vidsrc.to/embed/movie/4413
55094,124,,https://vidsrc.to/embed/movie/6973
55110,105,6c00yTRIksM,https://vidsrc.to/embed/movie/4629
55112,106,7fFS6u5Om3s,https://vidsrc.to/embed/movie/15361
55116,101,mrGwQvqj2iE,https://vidsrc.to/embed/movie/5353
55118,100,ifilHp3_dWQ,https://vidsrc.to/embed/movie/2252
55190,91,9qmiH4ROTtA,https://vidsrc.to/embed/movie/6641
55232,94,eDMjVARsCOk,https://vidsrc.to/embed/movie/7737
55241,87,B7TTA63VFA4,https://vidsrc.to/embed/movie/13257
55245,101,8VoPV8_s9Ec,https://vidsrc.to/embed/movie/10030
55247,148,XZG1FzyB8DI,https://vidsrc.to/embed/movie/5915
55250,110,xo3XEQxbaEk,https://vidsrc.to/embed/movie/13680
55253,158,XPUIXdpImF0,https://vidsrc.to/embed/movie/4588
55259,99,fDCwHOPLUr4,https://vidsrc.to/embed/movie/2274
55261,116,ON1-SohDqDg,https://vidsrc.to/embed/movie/9038
55267,98,5t2lxao1MvM,https://vidsrc.to/embed/movie/7211
55269,92,F6OEo1wKJEQ,https://vidsrc.to/embed/movie/4538
55272,118,vCXVToxZNB4,https://vidsrc.to/embed/movie/2001
55274,114,0wNboYbgYjo,https://vidsrc.to/embed/movie/4517
55276,120,OKDiHrQABwI,https://vidsrc.to/embed/movie/4566
55278,89,x1uminNbJbQ,https://vidsrc.to/embed/movie/4520
55280,107,tVWXhZz5SAk,https://vidsrc.to/embed/movie/6615
55282,113,sNEsmw56cv0,https://vidsrc.to/embed/movie/4513
55290,113,itPTyd3DkEw,https://vidsrc.to/embed/movie/4771
55294,90,,https://vidsrc.to/embed/movie/14251
55391,107,5Ursbql-Nu8,https://vidsrc.to/embed/movie/13197
55442,95,NZ22VyjJ6n8,https://vidsrc.to/embed/movie/2011
55444,121,XCbOrTbBr6Y,https://vidsrc.to/embed/movie/5708
55451,106,N15xTA50Rns,https://vidsrc.to/embed/movie/5951
55492,101,mY_BXNvbr8E,https://vidsrc.to/embed/movie/15667
55553,86,yHLDaupMK_c,https://vidsrc.to/embed/movie/3603
55555,122,JxjCqy6hVRk,https://vidsrc.to/embed/movie/2014
55577,93,OxwdZMMymqY,https://vidsrc.to/embed/movie/663
55620,98,HpJAucyX7RE,https://vidsrc.to/embed/movie/15651
55687,82,K5YH9zwleFM,https://vidsrc.to/embed/movie/14279
55729,93,vJmZWm2rpEg,https://vidsrc.to/embed/movie/5718
55765,157,BV_nssS6Zkg,https://vidsrc.to/embed/movie/4982
55805,117,kiE8t8xbCog,https://vidsrc.to/embed/movie/7972
55814,112,TGPhtOMOCcg,https://vidsrc.to/embed/movie/2013
55820,122,A0oNrgumrlE,https://vidsrc.to/embed/movie/6977
55830,102,Dko0wesoCRc,https://vidsrc.to/embed/movie/4953
55844,87,,https://vidsrc.to/embed/movie/10520
55854,100,,https://vidsrc.to/embed/movie/37368
55908,87,w01A_70hifM,https://vidsrc.to/embed/movie/13363
55946,92,VvooOSNWrDE,https://vidsrc.to/embed/movie/4515
55995,115,DaShOr5AeKA,https://vidsrc.to/embed/movie/2310
56003,145,Sbovtczv99U,https://vidsrc.to/embed/movie/4723
56012,239,8S9667S9_a0,https://vidsrc.to/embed/movie/16768
56022,99,,https://vidsrc.to/embed/movie/24732
56060,115,DcaT75mNwvo,https://vidsrc.to/embed/movie/12555
56145,126,LhCKXJNGzN8,https://vidsrc.to/embed/movie/5876
56152,107,IJwUFq8uOr0,https://vidsrc.to/embed/movie/4523
56169,84,RzR2J7_QBHg,https://vidsrc.to/embed/movie/13483
56171,113,x7u-Ve9kBeQ,https://vidsrc.to/embed/movie/2268
56174,101,4uDU6SUpr8k,https://vidsrc.to/embed/movie/6479
56176,92,sc-C8uumMkw,https://vidsrc.to/embed/movie/6477
56251,89,gEzbMNlxG_8,https://vidsrc.to/embed/movie/7249
56274,91,jzFo1V6UbSs,https://vidsrc.to/embed/movie/13998
56286,135,abVh39ZmUag,https://vidsrc.to/embed/movie/3902
56333,114,Z7sd0bBNkOU,https://vidsrc.to/embed/movie/8272
56336,97,VanCRj8eI9o,https://vidsrc.to/embed/movie/13186
56339,105,t-OlnNqnddQ,https://vidsrc.to/embed/movie/6537
56367,96,miy1fE-8Z0U,https://vidsrc.to/embed/movie/7326
56379,90,Hb1MGccPtUs,https://vidsrc.to/embed/movie/33003
56563,80,wkoX0pEwSCw,https://vidsrc.to/embed/movie/13348
56587,97,f-eyQswdc-c,https://vidsrc.to/embed/movie/7350
56607,128,sLtavGjAOJY,https://vidsrc.to/embed/movie/7979
56715,88,H1xRtrKq1kc,https://vidsrc.to/embed/movie/13198
56757,116,AAU7dRxGvco,https://vidsrc.to/embed/movie/13885
56775,124,INo4JrUl0YY,https://vidsrc.to/embed/movie/6637
56782,158,-bEwlq_7f4s,https://vidsrc.to/embed/movie/7345
56788,102,eUWXQLIgk8A,https://vidsrc.to/embed/movie/6538
56801,94,XbTWLrZLYmU,https://vidsrc.to/embed/movie/440
56805,96,-Mv9PMbpkZw,https://vidsrc.to/embed/movie/6575
56837,127,4JLw0kXO2N4,https://vidsrc.to/embed/movie/19103
56869,112,,https://vidsrc.to/embed/movie/40860
56915,112,iuvPpCMgA9U,https://vidsrc.to/embed/movie/54318
56921,88,eIJmeBOSIyE,https://vidsrc.to/embed/movie/69315
56941,126,KYLQwQUgZ-I,https://vidsrc.to/embed/movie/6023
56949,111,gB2bILnrypc,https://vidsrc.to/embed/movie/6557
57147,108,tJ6nOkkuJtI,https://vidsrc.to/embed/movie/4787
57183,162,tn_2Ie_jtX8,https://vidsrc.to/embed/movie/7508
57243,83,QWYlLb0jm8U,https://vidsrc.to/embed/movie/5259
57274,78,oPvHTzqY2fM,https://vidsrc.to/embed/movie/8329
57326,127,Jo1zfiEeZZs,https://vidsrc.to/embed/movie/2312
57368,85,wxqSIsxMlYQ,https://vidsrc.to/embed/movie/7191
57421,84,3C33S_cqiJ8,https://vidsrc.to/embed/movie/11908
57499,104,,https://vidsrc.to/embed/movie/41845
57502,33,wRu-jX4tASQ,https://vidsrc.to/embed/movie/25078
57504,98,boZINHGDxMw,https://vidsrc.to/embed/movie/14069
57522,96,mhrNZYA4Cyc,https://vidsrc.to/embed/movie/14423
57526,101,1gkLco-Kaoo,https://vidsrc.to/embed/movie/8090
57528,92,2oVMgRVk4lE,https://vidsrc.to/embed/movie/7555
57532,84,RY-zJtYYolo,https://vidsrc.to/embed/movie/7278
57536,87,ZKyowLXH8sk,https://vidsrc.to/embed/movie/14220
57637,103,Uy6Akrt4ePQ,https://vidsrc.to/embed/movie/13059
57640,120,Yjivaeh5YOk,https://vidsrc.to/embed/movie/11253
57669,108,bc4lG_BbIEw,https://vidsrc.to/embed/movie/8321
57843,119,SF81Myp0-Ng,https://vidsrc.to/embed/movie/13054
57910,94,NV3_O50BJK0,https://vidsrc.to/embed/movie/13121
57951,112,LNckeLY3Kkw,https://vidsrc.to/embed/movie/8676
58047,112,,https://vidsrc.to/embed/movie/8390
58078,95,,https://vidsrc.to/embed/movie/13641
58103,90,LGnLCP-lfrA,https://vidsrc.to/embed/movie/7461
58105,95,_yTZ8E3vbsE,https://vidsrc.to/embed/movie/8204
58107,98,bL2wDI-O5YQ,https://vidsrc.to/embed/movie/8328
58154,115,2YoiWr-yvws,https://vidsrc.to/embed/movie/12184
58156,91,-gv-sxP-4Os,https://vidsrc.to/embed/movie/13260
58162,100,OnJkCPpIngs,https://vidsrc.to/embed/movie/7942
58191,106,,https://vidsrc.to/embed/movie/13362
58291,83,GMsD0Y3vUsQ,https://vidsrc.to/embed/movie/13493
58293,109,GMO8PC94egI,https://vidsrc.to/embed/movie/7840
58299,86,,https://vidsrc.to/embed/movie/12222
58303,98,,https://vidsrc.to/embed/movie/7862
58306,125,Hr_PNoCZXg4,https://vidsrc.to/embed/movie/12246
58309,105,gZKbo8kJIso,https://vidsrc.to/embed/movie/16666
58315,87,0KUA1d8-6eg,https://vidsrc.to/embed/movie/12177
58332,96,c_8kL7L7arE,https://vidsrc.to/embed/movie/13025
58347,104,2k-oNOYRxnk,https://vidsrc.to/embed/movie/7985
58351,106,fTX9BuWTxv8,https://vidsrc.to/embed/movie/7343
58376,118,P3RQB-jQulE,https://vidsrc.to/embed/movie/13016
58404,75,HGoU6KOA9ZI,https://vidsrc.to/embed/movie/14011
58425,97,EuftN2ViiN4,https://vidsrc.to/embed/movie/14793
58492,106,R1MH_8F0A24,https://vidsrc.to/embed/movie/14054
58559,152,_PZpmTj1Q8Q,https://vidsrc.to/embed/movie/155
58627,113,7X8O-OBJY4g,https://vidsrc.to/embed/movie/8456
58655,110,j3-_AgJnTyo,https://vidsrc.to/embed/movie/8457
58783,125,GHV7pHa6MGg,https://vidsrc.to/embed/movie/7797
58803,123,0DpvqzPdXoc,https://vidsrc.to/embed/movie/8065
58806,95,be0bBWnUrnY,https://vidsrc.to/embed/movie/12890
58826,95,Xc0Fvt6XvkM,https://vidsrc.to/embed/movie/24411
58839,114,Yl-aiyudEI4,https://vidsrc.to/embed/movie/4942
58842,123,H3_DBNwZon4,https://vidsrc.to/embed/movie/14044
58876,113,Mv2-oQj1R-8,https://vidsrc.to/embed/movie/8988
58879,122,V2dGuxTsuxY,https://vidsrc.to/embed/movie/7944
58964,83,0-Aqb1lFNtQ,https://vidsrc.to/embed/movie/13312
58972,96,NfXn2pE_ExE,https://vidsrc.to/embed/movie/10488
58975,91,cyglpQU5sJ0,https://vidsrc.to/embed/movie/11152
58998,111,K4xD8ZMdJms,https://vidsrc.to/embed/movie/9870
59014,82,9QDtDtj0WcM,https://vidsrc.to/embed/movie/11918
59016,109,jdHjrd4P9Rs,https://vidsrc.to/embed/movie/1266
59018,104,KY0FEt3mBog,https://vidsrc.to/embed/movie/12473
59022,101,HCsrvuxF9AM,https://vidsrc.to/embed/movie/13335
59026,104,sF4EL5G7qhQ,https://vidsrc.to/embed/movie/8827
59037,135,M_RpBi3W1Eo,https://vidsrc.to/embed/movie/7459
59118,118,y230r-imiHM,https://vidsrc.to/embed/movie/10503
59126,101,XdkyLrDpaUg,https://vidsrc.to/embed/movie/13007
59129,90,fEI-v5pdivA,https://vidsrc.to/embed/movie/9017
59131,80,aaQbVOOId5c,https://vidsrc.to/embed/movie/25119
59141,95,hMsRJE9UM3M,https://vidsrc.to/embed/movie/13258
59143,89,,https://vidsrc.to/embed/movie/14236
59220,102,LImhTTFu4b8,https://vidsrc.to/embed/movie/7861
59295,90,7M0DJz5sH-g,https://vidsrc.to/embed/movie/13359
59306,89,Bb3Oh-i0Kpw,https://vidsrc.to/embed/movie/8617
59315,126,8ugaeA-nMTc,https://vidsrc.to/embed/movie/1726
59333,101,XFQN3biQ4x8,https://vidsrc.to/embed/movie/10761
59336,99,uRRTjflCJew,https://vidsrc.to/embed/movie/12400
59369,94,ZxKDnpiJaVc,https://vidsrc.to/embed/movie/8681
59387,117,sDs4Mwme-DM,https://vidsrc.to/embed/movie/14784
59421,99,UqXBQaKrvPg,https://vidsrc.to/embed/movie/9029
59429,89,Sp-R7u6XJPs,https://vidsrc.to/embed/movie/8277
59440,91,mJ9AkTrbxgk,https://vidsrc.to/embed/movie/12586
59501,150,bgK53cIYlZs,https://vidsrc.to/embed/movie/2454
59549,89,zbL9lyk2kqY,https://vidsrc.to/embed/movie/17483
59604,91,biRvF7UwW4Q,https://vidsrc.to/embed/movie/15356
59667,94,YHE_jTzfGnk,https://vidsrc.to/embed/movie/12808
59725,146,8lofhd7Ubnk,https://vidsrc.to/embed/movie/4564
59727,86,jKGiF5m-FNY,https://vidsrc.to/embed/movie/10665
59731,105,3KzGfuFFSxA,https://vidsrc.to/embed/movie/13636
59738,90,y9lA94P7shQ,https://vidsrc.to/embed/movie/9022
59784,90,TD0YUZw_oHY,https://vidsrc.to/embed/movie/9502
59810,116,RKAec6tLJwo,https://vidsrc.to/embed/movie/14050
59814,101,bkttiSWZlhA,https://vidsrc.to/embed/movie/14019
59900,113,ucmnTmYpGhI,https://vidsrc.to/embed/movie/10661
59915,85,Z14NEY-pSfE,https://vidsrc.to/embed/movie/13848
59947,94,3f_vTpJKpU4,https://vidsrc.to/embed/movie/45408
59985,87,wZ3g8Gx3RxY,https://vidsrc.to/embed/movie/12912
59995,106,oTL_iIxQ9Hc,https://vidsrc.to/embed/movie/14748
60030,90,riL5PAtYNIk,https://vidsrc.to/embed/movie/18467
60037,90,TIQ21m1Ks08,https://vidsrc.to/embed/movie/8645
60040,114,dz6eBeW19Lg,https://vidsrc.to/embed/movie/1724
60046,125,NIhSnm1j3go,https://vidsrc.to/embed/movie/13405
60069,98,Tbr_L9Gap_M,https://vidsrc.to/embed/movie/10681
60072,110,b9YEdjEKme0,https://vidsrc.to/embed/movie/8909
60074,92,TxhelzCKFjc,https://vidsrc.to/embed/movie/8960
60126,110,-fYuByCXniA,https://vidsrc.to/embed/movie/11665
60141,101,sFAwSum6zfY,https://vidsrc.to/embed/movie/10748
60161,90,xGwC7U6Sf3o,https://vidsrc.to/embed/movie/12889
60289,100,F_tl7YF2tFc,https://vidsrc.to/embed/movie/8359
60291,120,EOHCjGhy6vY,https://vidsrc.to/embed/movie/13003
60293,99,3VwN-KCpM6w,https://vidsrc.to/embed/movie/13990
60303,108,728UDCNk964,https://vidsrc.to/embed/movie/10842
60333,99,w8QIA2o2T6k,https://vidsrc.to/embed/movie/12172
60363,94,VPU0JRE_cxU,https://vidsrc.to/embed/movie/13009
60365,25,,https://vidsrc.to/embed/movie/13675
60389,97,H_Q4D4s3HSQ,https://vidsrc.to/embed/movie/14111
60397,108,8RBNHdG35WY,https://vidsrc.to/embed/movie/11631
60408,106,_6Mx3HZ4_tI,https://vidsrc.to/embed/movie/8265
60487,25,eiOHiN39N9w,https://vidsrc.to/embed/movie/13353
60514,93,a6gUG2VKbig,https://vidsrc.to/embed/movie/88751
60516,90,8GCeBhbo_W0,https://vidsrc.to/embed/movie/11260
60522,96,esEtMdkrwqQ,https://vidsrc.to/embed/movie/13964
60538,84,qDhRhmrC80g,https://vidsrc.to/embed/movie/14456
60647,111,DoY8iu8_sCw,https://vidsrc.to/embed/movie/6687
60684,163,89xoXmHgG00,https://vidsrc.to/embed/movie/13183
60735,92,AKdyC58Mrt8,https://vidsrc.to/embed/movie/12247
60737,94,,https://vidsrc.to/embed/movie/22100
60753,103,zq5uhFXNQhg,https://vidsrc.to/embed/movie/13012
60756,98,CewglxElBK0,https://vidsrc.to/embed/movie/12133
60760,104,_9KV4ESQ8HU,https://vidsrc.to/embed/movie/8836
60766,94,EIawNRm9NWM,https://vidsrc.to/embed/movie/14048
60803,25,,https://vidsrc.to/embed/movie/18846
60818,185,cSOUIuGcY74,https://vidsrc.to/embed/movie/11910
60832,95,OtKpgs9cXSg,https://vidsrc.to/embed/movie/12192
60857,77,v0jEN2_REy4,https://vidsrc.to/embed/movie/16725
60885,97,rcvdaF_sOdI,https://vidsrc.to/embed/movie/15865
60894,110,8fNabjyaKUo,https://vidsrc.to/embed/movie/14061
60904,136,,https://vidsrc.to/embed/movie/43680
60937,112,ol-U0ibnVD4,https://vidsrc.to/embed/movie/1735
60941,103,wtUiRfMy_uI,https://vidsrc.to/embed/movie/10185
60950,96,4Ur7BmMYiIs,https://vidsrc.to/embed/movie/5038
61011,108,daQ7iYY80H4,https://vidsrc.to/embed/movie/13251
61024,112,2T2o2WPNMXU,https://vidsrc.to/embed/movie/10189
61026,145,pd0bqLQrtdE,https://vidsrc.to/embed/movie/12289
61071,117,6gWcI4MkR3A,https://vidsrc.to/embed/movie/10188
61073,84,6Cz8JZPHKYs,https://vidsrc.to/embed/movie/13300
61123,111,8UiHFHF-Nqk,https://vidsrc.to/embed/movie/13649
61132,107,VsEdmjAudSI,https://vidsrc.to/embed/movie/7446
61160,98,hh3P3DoZZh4,https://vidsrc.to/embed/movie/12180
61167,99,Mf97fnD3ed0,https://vidsrc.to/embed/movie/13107
61210,111,AJZDiM-Kb8U,https://vidsrc.to/embed/movie/13256
61236,90,XbXdwBNkCmk,https://vidsrc.to/embed/movie/8885
61240,115,o2LywKbT5oM,https://vidsrc.to/embed/movie/13310
61246,92,EOKhaew8ZWc,https://vidsrc.to/embed/movie/12621
61248,105,C8bxcJZrus0,https://vidsrc.to/embed/movie/10483
61250,97,NX_Ufhxprto,https://vidsrc.to/embed/movie/12620
61255,102,QFpOSZIegeg,https://vidsrc.to/embed/movie/10186
61262,111,O92QxxgeCO8,https://vidsrc.to/embed/movie/13515
61289,121,5BjjQQKIbjU,https://vidsrc.to/embed/movie/13637
61319,71,S-CmRhFa6pQ,https://vidsrc.to/embed/movie/14298
61323,96,jksnxStXol0,https://vidsrc.to/embed/movie/4944
61348,87,tihG_2BSUqg,https://vidsrc.to/embed/movie/13805
61350,101,_wW9pYbRkjk,https://vidsrc.to/embed/movie/9381
61352,114,Qq5i8y09ea0,https://vidsrc.to/embed/movie/13291
61394,90,SNjzV_nNDvg,https://vidsrc.to/embed/movie/14771
61401,103,1CPyav6hQlI,https://vidsrc.to/embed/movie/8285
61465,99,e_b2QVAVRpc,https://vidsrc.to/embed/movie/13184
61628,129,sLBAXCAszPc,https://vidsrc.to/embed/movie/38019
61692,88,a-Ib1F-NT6c,https://vidsrc.to/embed/movie/14458
61697,101,1kRShW-XMRs,https://vidsrc.to/embed/movie/13389
61705,110,7dY9qARW9xg,https://vidsrc.to/embed/movie/13279
61729,102,hWbCr7-oS9I,https://vidsrc.to/embed/movie/12797
61818,99,,https://vidsrc.to/embed/movie/16456
61986,115,,https://vidsrc.to/embed/movie/12690
62008,82,po_MeXvBYZ0,https://vidsrc.to/embed/movie/37776
62081,118,olRdPXwiSjk,https://vidsrc.to/embed/movie/13027
62113,110,A37JEYMwgRU,https://vidsrc.to/embed/movie/13092
62155,89,0yYcfsYZaWU,https://vidsrc.to/embed/movie/12182
62208,96,,https://vidsrc.to/embed/movie/46492
62250,137,MN7-tepnIfY,https://vidsrc.to/embed/movie/8882
62293,110,FFg-oduezDs,https://vidsrc.to/embed/movie/12783
62299,88,uKPBJVn30Ew,https://vidsrc.to/embed/movie/12683
62344,113,1wDDgSwEo1s,https://vidsrc.to/embed/movie/14976
62374,128,1ejuhWeqaZA,https://vidsrc.to/embed/movie/12113
62376,95,U4qNrdYmsj0,https://vidsrc.to/embed/movie/13600
62383,99,,https://vidsrc.to/embed/movie/30266
62394,100,GklHaGfncJI,https://vidsrc.to/embed/movie/13051
62434,102,u2Y3cCOkz8o,https://vidsrc.to/embed/movie/10358
62437,129,ZdJd5y3mHEU,https://vidsrc.to/embed/movie/10523
62439,101,PsIt1K1C2c4,https://vidsrc.to/embed/movie/13596
62511,124,i2q8F0yRmrs,https://vidsrc.to/embed/movie/4960
62586,82,IgSEIE5qPA8,https://vidsrc.to/embed/movie/13948
62718,100,ogBjxasdQR0,https://vidsrc.to/embed/movie/12689
62792,130,626pWrVEAN8,https://vidsrc.to/embed/movie/13150
62799,130,-gdiHS__LyQ,https://vidsrc.to/embed/movie/14325
62836,75,,https://vidsrc.to/embed/movie/15289
62849,114,mnigSqJ2i10,https://vidsrc.to/embed/movie/13809
62956,88,0aHJmM2uvBY,https://vidsrc.to/embed/movie/13253
62999,89,cSo0k5a0l0w,https://vidsrc.to/embed/movie/10527
63033,121,HAR2w1zNrlY,https://vidsrc.to/embed/movie/8338
63062,141,IF5hwg4FNEU,https://vidsrc.to/embed/movie/3580
63072,111,bO8EqMsxOiU,https://vidsrc.to/embed/movie/20766
63082,121,AIzbwV7on6Q,https://vidsrc.to/embed/movie/12405
63113,106,BBqYaFEWBxI,https://vidsrc.to/embed/movie/10764
63131,99,wtFESEqa9fA,https://vidsrc.to/embed/movie/15373
63179,112,jSfYTHhDEDU,https://vidsrc.to/embed/movie/8938
63222,96,_T_Whr4tQOs,https://vidsrc.to/embed/movie/13672
63239,88,py03Zy3dEwc,https://vidsrc.to/embed/movie/42884
63276,130,TOQleOskvmI,https://vidsrc.to/embed/movie/14943
63312,120,eyQfRmnAJv8,https://vidsrc.to/embed/movie/4627
63393,99,UpmE5h_6Jb0,https://vidsrc.to/embed/movie/13655
63436,95,J9TpHotLQk8,https://vidsrc.to/embed/movie/11917
63515,112,jTpSSQdVegc,https://vidsrc.to/embed/movie/22358
63540,91,sXvSEVO1Heo,https://vidsrc.to/embed/movie/14405
63768,87,EYV06jT4QiM,https://vidsrc.to/embed/movie/88435
63808,128,lq5qNzm3w-U,https://vidsrc.to/embed/movie/8841
63826,82,LYfvKLhG4Iw,https://vidsrc.to/embed/movie/13220
63853,165,4XED0wWC_jc,https://vidsrc.to/embed/movie/6972
63859,98,IBsg00NnzGg,https://vidsrc.to/embed/movie/13053
63876,128,0rMzrruIIm8,https://vidsrc.to/embed/movie/10139
63992,122,nxvGVSc6Ls8,https://vidsrc.to/embed/movie/8966
64010,84,GAgCHQCF9Jo,https://vidsrc.to/embed/movie/16342
64030,104,aNO-fmVu4RI,https://vidsrc.to/embed/movie/13387
64032,88,6veo6Js7HUE,https://vidsrc.to/embed/movie/12193
64034,94,uwysOfnX2Qg,https://vidsrc.to/embed/movie/14574
64114,118,pOafIB3KqkM,https://vidsrc.to/embed/movie/14438
64116,87,PhPQR0pYWUc,https://vidsrc.to/embed/movie/14248
64197,96,K9IiUbBV4zc,https://vidsrc.to/embed/movie/10360
64231,102,liABMxEvPAc,https://vidsrc.to/embed/movie/13056
64278,151,mL5McgLd-xw,https://vidsrc.to/embed/movie/34283
64285,30,,https://vidsrc.to/embed/movie/14447
64497,104,7eCVD3WTEtU,https://vidsrc.to/embed/movie/10200
64499,134,fqTw2dtVQzw,https://vidsrc.to/embed/movie/8881
64501,135,O7JIkJDxbzU,https://vidsrc.to/embed/movie/8880
64575,104,f8S0ANEp4vc,https://vidsrc.to/embed/movie/14359
64614,116,F8zue_BzNsw,https://vidsrc.to/embed/movie/13223
64620,122,O9S1RKNgdLw,https://vidsrc.to/embed/movie/11499
64622,124,JA1J2WmFGUw,https://vidsrc.to/embed/movie/8055
64695,103,aniMBlNX1LE,https://vidsrc.to/embed/movie/13980
64716,123,hvu2F6t26hs,https://vidsrc.to/embed/movie/11321
64839,109,qjhGZhRJ3j0,https://vidsrc.to/embed/movie/12163
64957,166,lqijVXvw7_E,https://vidsrc.to/embed/movie/4922
64969,104,fifBy4N3-_k,https://vidsrc.to/embed/movie/10201
64983,121,DlRCilnho1w,https://vidsrc.to/embed/movie/2253
64993,63,iPsu_sk-e7Q,https://vidsrc.to/embed/movie/38142
65037,90,nAiufwSyMPs,https://vidsrc.to/embed/movie/6936
65088,99,e-6N1NZrQAQ,https://vidsrc.to/embed/movie/10202
65130,119,J_l8p1cjJ5o,https://vidsrc.to/embed/movie/4148
65133,33,,https://vidsrc.to/embed/movie/194113
65188,94,l7ughuxTn_Q,https://vidsrc.to/embed/movie/15584
65193,98,BgIMeJXiPho,https://vidsrc.to/embed/movie/13971
65216,137,7APcuF5nNfQ,https://vidsrc.to/embed/movie/13813
65225,123,,https://vidsrc.to/embed/movie/13180
65230,115,KR5UBtAxseo,https://vidsrc.to/embed/movie/14306
65350,98,,https://vidsrc.to/embed/movie/113916
65514,106,3IUR6P5VwGo,https://vidsrc.to/embed/movie/14756
65577,93,I7b-Vfz0ga4,https://vidsrc.to/embed/movie/10199
65585,89,KBDE4uznmIw,https://vidsrc.to/embed/movie/10521
65588,105,DvH4PskPZ4M,https://vidsrc.to/embed/movie/26235
65596,113,n0O-P4bSWfM,https://vidsrc.to/embed/movie/13635
65601,101,afxUFef1fNY,https://vidsrc.to/embed/movie/14435
65631,99,pQyaZ8wlNCM,https://vidsrc.to/embed/movie/13177
65642,92,0XSAGj2liCI,https://vidsrc.to/embed/movie/14139
65682,92,p3RoSaeaZlY,https://vidsrc.to/embed/movie/12437
65685,106,8k24gVJxnZ4,https://vidsrc.to/embed/movie/2309
65738,93,w7Uvrt9eS04,https://vidsrc.to/embed/movie/18543
65740,92,,https://vidsrc.to/embed/movie/21029
65802,91,Ib4VZ1uvP6U,https://vidsrc.to/embed/movie/14560
65810,122,kDDv6pAbN_U,https://vidsrc.to/embed/movie/14410
65982,115,bwUB35s_hP8,https://vidsrc.to/embed/movie/10529
66090,91,fjR4Sk1nozM,https://vidsrc.to/embed/movie/13510
66097,100,T6iQnnHNF50,https://vidsrc.to/embed/movie/14836
66171,111,Pl3KNqCEtQ4,https://vidsrc.to/embed/movie/13455
66203,129,2c3rxHgfRTo,https://vidsrc.to/embed/movie/10184
66240,87,UwFq5DVpKeI,https://vidsrc.to/embed/movie/14849
66297,90,-NeQ6aGWX74,https://vidsrc.to/embed/movie/15060
66310,108,HeFRfvk39MU,https://vidsrc.to/embed/movie/13492
66320,95,7IBG2V98IBY,https://vidsrc.to/embed/movie/4832
66335,101,GDLv1x2bi4I,https://vidsrc.to/embed/movie/14711
66371,130,RXTP_wRSHQw,https://vidsrc.to/embed/movie/16804
66509,146,gMhMQuOIWiQ,https://vidsrc.to/embed/movie/20829
66511,105,drdf8OeBUUM,https://vidsrc.to/embed/movie/30508
66665,98,Hp_ZwQH2nfI,https://vidsrc.to/embed/movie/19255
66785,130,HSBKqPbZz0Y,https://vidsrc.to/embed/movie/15067
66798,92,rXoA6HRjDro,https://vidsrc.to/embed/movie/15159
66915,77,w7axM3VHFqs,https://vidsrc.to/embed/movie/20421
66943,92,q1DIFtBcozI,https://vidsrc.to/embed/movie/13849
67087,105,um5DuTLzw-I,https://vidsrc.to/embed/movie/16538
67168,87,vF1BJGl4nMc,https://vidsrc.to/embed/movie/13094
67193,125,c_CNK9g9Kj0,https://vidsrc.to/embed/movie/16558
67197,121,A2oDiEVXuDo,https://vidsrc.to/embed/movie/13811
67255,152,rIrjgFphVIc,https://vidsrc.to/embed/movie/15472
67295,25,,https://vidsrc.to/embed/movie/15854
67361,105,UVEusP3F_V0,https://vidsrc.to/embed/movie/16325
67408,94,KrGiuIY-gDc,https://vidsrc.to/embed/movie/15512
67508,149,6IVKAAsqcrI,https://vidsrc.to/embed/movie/6968
67534,109,kCdtAFar0XM,https://vidsrc.to/embed/movie/13161
67618,100,,https://vidsrc.to/embed/movie/13808
67665,81,t92nKWryKXw,https://vidsrc.to/embed/movie/18094
67695,86,O83-RR1UjWI,https://vidsrc.to/embed/movie/16991
67734,107,4F--nHysJkw,https://vidsrc.to/embed/movie/16614
67788,104,d-jE5WJ7J28,https://vidsrc.to/embed/movie/20048
67888,66,,https://vidsrc.to/embed/movie/55773
67923,107,ne5E7hOQqn0,https://vidsrc.to/embed/movie/13804
67997,106,NSTdPxndUzE,https://vidsrc.to/embed/movie/19833
68073,135,hRh1-cyWfGQ,https://vidsrc.to/embed/movie/18947
68135,102,2wn6pAIRjjY,https://vidsrc.to/embed/movie/16996
68157,153,uSEDz-my7XQ,https://vidsrc.to/embed/movie/16869
68159,127,s1Sp1QvyQQI,https://vidsrc.to/embed/movie/16995
68194,97,RVnHpLho18c,https://vidsrc.to/embed/movie/21641
68205,96,t2koYVqwzT4,https://vidsrc.to/embed/movie/15092
68269,105,MElrsyE_QAM,https://vidsrc.to/embed/movie/18320
68319,107,8TQ-gD4UCmI,https://vidsrc.to/embed/movie/2080
68347,96,HFlTivEUlTw,https://vidsrc.to/embed/movie/21191
68358,127,pFVvigZ5wQY,https://vidsrc.to/embed/movie/13475
68444,90,yuza5zUJRhk,https://vidsrc.to/embed/movie/16279
68480,104,yjwEvzssehs,https://vidsrc.to/embed/movie/11160
68522,90,DlF2zaiVyLM,https://vidsrc.to/embed/movie/10946
68536,141,,https://vidsrc.to/embed/movie/30416
68552,113,J3vAjpip1Ns,https://vidsrc.to/embed/movie/15577
68554,139,arb2-aZMDFg,https://vidsrc.to/embed/movie/13448
68597,114,59aPiY2buLI,https://vidsrc.to/embed/movie/42738
68600,87,IKy_bvHa1wU,https://vidsrc.to/embed/movie/14141
68650,106,x5Dfuhm-zwY,https://vidsrc.to/embed/movie/17740
68793,105,lPLY8O1y0qA,https://vidsrc.to/embed/movie/18360
68835,97,fNoTwdruADE,https://vidsrc.to/embed/movie/19375
68848,114,BFwQSk6WWgQ,https://vidsrc.to/embed/movie/21755
68872,125,JM_KpDmdF98,https://vidsrc.to/embed/movie/8429
68886,90,pLaqnK4UVIg,https://vidsrc.to/embed/movie/19955
68932,117,z1YHoyCxdVQ,https://vidsrc.to/embed/movie/17332
68945,101,7Q5-lhCpDIA,https://vidsrc.to/embed/movie/21832
68954,96,Ajcdb4FAL7A,https://vidsrc.to/embed/movie/14160
68959,105,M_4nfoT93Rs,https://vidsrc.to/embed/movie/14003
69069,91,8VZ7bKZ4FWE,https://vidsrc.to/embed/movie/17927
69118,117,I5NPIpRRhPU,https://vidsrc.to/embed/movie/13975
69122,100,tlize92ffnY,https://vidsrc.to/embed/movie/18785
69131,95,jxiUMyqyWPw,https://vidsrc.to/embed/movie/16164
69140,91,6XLcRvf-slw,https://vidsrc.to/embed/movie/37924
69211,80,Vr3uDod2Kd4,https://vidsrc.to/embed/movie/27134
69224,105,,https://vidsrc.to/embed/movie/64968
69227,99,,https://vidsrc.to/embed/movie/34300
69251,81,,https://vidsrc.to/embed/movie/13856
69275,88,2qUo2tS6t7U,https://vidsrc.to/embed/movie/14451
69278,102,uBPEr0csKCY,https://vidsrc.to/embed/movie/18162
69304,107,70U393tWjrw,https://vidsrc.to/embed/movie/19724
69306,106,6-8DF96kLtQ,https://vidsrc.to/embed/movie/18487
69394,114,IWQ9phw1C9w,https://vidsrc.to/embed/movie/33409
69406,108,jHraHCjK094,https://vidsrc.to/embed/movie/18240
69436,97,4H_Eepvg3aU,https://vidsrc.to/embed/movie/17610
69453,90,wxNhutT6gPQ,https://vidsrc.to/embed/movie/27085
69469,77,sPet3b0xG2k,https://vidsrc.to/embed/movie/19508
69481,131,4mgWq9wZs2o,https://vidsrc.to/embed/movie/12162
69495,95,KDO6ImFasS0,https://vidsrc.to/embed/movie/16240
69516,116,XPFRaCnkVzE,https://vidsrc.to/embed/movie/8284
69529,95,RoLYZf-1E8o,https://vidsrc.to/embed/movie/62320
69604,92,8NgdravJjjc,https://vidsrc.to/embed/movie/19265
69606,115,wHLufMUep0o,https://vidsrc.to/embed/movie/12556
69640,140,pv0DMzFwEW4,https://vidsrc.to/embed/movie/11322
69644,94,byUCa2vjDik,https://vidsrc.to/embed/movie/8355
69654,89,,https://vidsrc.to/embed/movie/176241
69712,109,KGEDVTiI6E4,https://vidsrc.to/embed/movie/10024
69720,85,MV2g1nqfT4A,https://vidsrc.to/embed/movie/15423
69746,26,ts9SKwNV3Cs,https://vidsrc.to/embed/movie/16440
69757,95,oBxR8cEt2xM,https://vidsrc.to/embed/movie/19913
69784,83,pxyJ_ZQVhTI,https://vidsrc.to/embed/movie/18480
69805,95,Ay1P1owkW-k,https://vidsrc.to/embed/movie/14728
69904,94,CahcqFwnRfM,https://vidsrc.to/embed/movie/9592
69951,123,Iqe85ffv9-w,https://vidsrc.to/embed/movie/8054
69953,113,,https://vidsrc.to/embed/movie/19929
69988,94,_1sQedSS5iQ,https://vidsrc.to/embed/movie/23720
70159,123,m5BSLNAKIZs,https://vidsrc.to/embed/movie/21208
70183,96,DvsZtGxsvV0,https://vidsrc.to/embed/movie/20943
70206,90,EE1sL7QWL5c,https://vidsrc.to/embed/movie/21407
70286,112,_BjWEn5yvmw,https://vidsrc.to/embed/movie/17654
70293,123,ozRK7VXQl-k,https://vidsrc.to/embed/movie/24803
70301,108,bXk6H17Ecjw,https://vidsrc.to/embed/movie/17335
70305,98,SX2PWpcJlrY,https://vidsrc.to/embed/movie/13836
70334,102,KwOcs1E97_w,https://vidsrc.to/embed/movie/18126
70336,118,aFtzNHTB4C0,https://vidsrc.to/embed/movie/14869
70451,118,WbK4WTQFf9U,https://vidsrc.to/embed/movie/13752
70492,54,yfFFZ3HCI1E,https://vidsrc.to/embed/movie/40743
70533,101,q9tcjD5GrBQ,https://vidsrc.to/embed/movie/15137
70545,85,zKkmfiGxY5w,https://vidsrc.to/embed/movie/11115
70565,89,319rv1jhR_Y,https://vidsrc.to/embed/movie/19905
70599,107,3_8WZxHScMk,https://vidsrc.to/embed/movie/24420
70637,82,KIetcsELZvo,https://vidsrc.to/embed/movie/31216
70641,93,wk1_kDJhyBk,https://vidsrc.to/embed/movie/19556
70663,102,-2iBfm1x7vU,https://vidsrc.to/embed/movie/19840
70687,88,ewisKyyuF78,https://vidsrc.to/embed/movie/25183
70697,88,AD_fezWiaZ0,https://vidsrc.to/embed/movie/19585
70703,120,fr1_TMVrYv4,https://vidsrc.to/embed/movie/41682
70708,127,XJ_XTIsMKig,https://vidsrc.to/embed/movie/11928
70728,92,Ey5VRdEGhNI,https://vidsrc.to/embed/movie/18533
70862,97,ZmBB10fII9Y,https://vidsrc.to/embed/movie/22492
70932,95,AkRMBRxC_Gk,https://vidsrc.to/embed/movie/23049
70946,95,2p1Fu5lvrc4,https://vidsrc.to/embed/movie/26914
70984,120,rDDeqPuIME0,https://vidsrc.to/embed/movie/26320
70990,97,ed6O609Kz_E,https://vidsrc.to/embed/movie/35203
70994,105,66Xrr9KRSE0,https://vidsrc.to/embed/movie/24150
71033,130,ZhEuUDO0YUQ,https://vidsrc.to/embed/movie/25376
71057,79,_qApXdc1WPY,https://vidsrc.to/embed/movie/12244
71106,83,WBV340x3GcA,https://vidsrc.to/embed/movie/22494
71108,144,9JOXs8KEiDY,https://vidsrc.to/embed/movie/37903
71129,75,B_v_-A26xK8,https://vidsrc.to/embed/movie/17445
71131,60,,https://vidsrc.to/embed/movie/63581
71147,88,,https://vidsrc.to/embed/movie/72083
71156,94,2qmdTQxvSHg,https://vidsrc.to/embed/movie/10313
71205,107,mC3tkheD5gc,https://vidsrc.to/embed/movie/19994
71211,108,21uA1eWi59s,https://vidsrc.to/embed/movie/11323
71248,92,mgIJjka3PK8,https://vidsrc.to/embed/movie/12569
71252,82,I3s-Ca73utM,https://vidsrc.to/embed/movie/19912
71264,90,BPH0ct2oXBg,https://vidsrc.to/embed/movie/22794
71268,113,nkUvBCW-tS4,https://vidsrc.to/embed/movie/26367
71282,94,IJDGUxqEdYY,https://vidsrc.to/embed/movie/18570
71302,66,RYRWvMaFJjE,https://vidsrc.to/embed/movie/18724
71304,134,j9XMJJ5DZso,https://vidsrc.to/embed/movie/22536
71327,119,K2FkxivSuVg,https://vidsrc.to/embed/movie/29963
71341,90,bllPxoe-7to,https://vidsrc.to/embed/movie/30685
71429,99,VBzZvAzAMvY,https://vidsrc.to/embed/movie/20178
71438,114,9gPbHqmjhNU,https://vidsrc.to/embed/movie/25050
71453,23,,https://vidsrc.to/embed/movie/91262
71462,92,FBWd-1vUNHI,https://vidsrc.to/embed/movie/23128
71464,106,mDKHWRbK2_Q,https://vidsrc.to/embed/movie/12573
71466,104,nkilMXjv0YE,https://vidsrc.to/embed/movie/28053
71468,106,ZBGeErufQdY,https://vidsrc.to/embed/movie/24869
71484,86,vLPD_9uFmVI,https://vidsrc.to/embed/movie/36800
71494,77,PKvitNahpTk,https://vidsrc.to/embed/movie/23127
71500,82,CzfRvyJ1wjc,https://vidsrc.to/embed/movie/23202
71518,111,RQGPdXnb2Gg,https://vidsrc.to/embed/movie/22798
71520,100,RhRnmyBjOLs,https://vidsrc.to/embed/movie/23082
71530,89,TPS4cQDP-3Q,https://vidsrc.to/embed/movie/19959
71535,87,8m9EVP8X7N8,https://vidsrc.to/embed/movie/19908
71550,94,WxHZA_1Hf8Q,https://vidsrc.to/embed/movie/18176
71579,100,DUeYKwxTCGQ,https://vidsrc.to/embed/movie/24684
71619,110,isEnyrd2Moc,https://vidsrc.to/embed/movie/11156
71640,84,V08EBWQLzyU,https://vidsrc.to/embed/movie/26763
71668,113,X4j_NTFos9c,https://vidsrc.to/embed/movie/19899
71732,85,sIQ-xcI1zKQ,https://vidsrc.to/embed/movie/21910
71745,101,G6DD3K86X8k,https://vidsrc.to/embed/movie/16523
71810,98,_SG7kiDdjMg,https://vidsrc.to/embed/movie/3513
71823,103,VJVtzGhuDf8,https://vidsrc.to/embed/movie/12572
71838,109,LX6kVRsdXW4,https://vidsrc.to/embed/movie/22803
71867,108,U-pkqjmzVPo,https://vidsrc.to/embed/movie/33806
71899,92,kGATShQbydk,https://vidsrc.to/embed/movie/24238
71902,98,rUPR7rxVKQk,https://vidsrc.to/embed/movie/19918
71910,95,ZQzH98dSSk0,https://vidsrc.to/embed/movie/24056
71970,94,6_MGMSzEMM4,https://vidsrc.to/embed/movie/30506
71999,111,OY3PJrrK9zU,https://vidsrc.to/embed/movie/2973
72011,110,En0DYdjMVoY,https://vidsrc.to/embed/movie/22947
72129,90,iadkoC3aIEs,https://vidsrc.to/embed/movie/22804
72142,237,5Fxa5NuVrqU,https://vidsrc.to/embed/movie/28422
72165,109,93FNs4lDgeI,https://vidsrc.to/embed/movie/24418
72167,118,lSsvg_fcdd4,https://vidsrc.to/embed/movie/22821
72171,85,96Y24a0cyCE,https://vidsrc.to/embed/movie/24804
72178,133,gama8x1E0r4,https://vidsrc.to/embed/movie/14968
72224,89,qdpFpfIBkXc,https://vidsrc.to/embed/movie/22820
72226,87,VuIaCvIFWIA,https://vidsrc.to/embed/movie/10315
72294,96,HqK7ETwEE94,https://vidsrc.to/embed/movie/17979
72308,112,ZmDtqSyvcc8,https://vidsrc.to/embed/movie/105077
72330,98,JU_FTUQ1iLI,https://vidsrc.to/embed/movie/4475
72356,6,gaCfY57LIkA,https://vidsrc.to/embed/movie/24480
72378,158,ce0N3TEcFw0,https://vidsrc.to/embed/movie/14161
72395,110,urFY3jp759c,https://vidsrc.to/embed/movie/25793
72405,122,R0zPHEAphTM,https://vidsrc.to/embed/movie/11699
72407,131,q58iQSHhZGg,https://vidsrc.to/embed/movie/18239
72424,88,pAdJsfL8jGE,https://vidsrc.to/embed/movie/17774
72489,99,H6tg0YwLJQQ,https://vidsrc.to/embed/movie/22832
72554,108,Et37NAjAG7s,https://vidsrc.to/embed/movie/33273
72591,90,2bA86VQAGYw,https://vidsrc.to/embed/movie/6058
72601,73,YixMJJzOCoA,https://vidsrc.to/embed/movie/34003
72603,30,SvjEHkYm4cY,https://vidsrc.to/embed/movie/25472
72605,105,BvIj2H1ne0k,https://vidsrc.to/embed/movie/7445
72624,85,A61PWlWh_ds,https://vidsrc.to/embed/movie/18595
72641,129,KA56LqFszYI,https://vidsrc.to/embed/movie/22881
72692,66,yKOeF8v67OI,https://vidsrc.to/embed/movie/15400
72694,104,heBOLodYfUI,https://vidsrc.to/embed/movie/22640
72696,88,I3Urdwvu8W8,https://vidsrc.to/embed/movie/22949
72714,95,Hm7Babs_FJU,https://vidsrc.to/embed/movie/30238
72720,100,UdX3-5qBlQQ,https://vidsrc.to/embed/movie/34653
72731,136,QydPyttFzhs,https://vidsrc.to/embed/movie/7980
72733,134,kKLDqC0rLIY,https://vidsrc.to/embed/movie/22954
72737,98,Kw4fSwQbrFo,https://vidsrc.to/embed/movie/10198
72874,98,,https://vidsrc.to/embed/movie/27719
72919,103,i4E05P-Hwt4,https://vidsrc.to/embed/movie/24438
72998,162,jm2sNLIPPvA,https://vidsrc.to/embed/movie/19995
73015,121,_O09NjpB4AI,https://vidsrc.to/embed/movie/22897
73017,129,zBQfbc1t_I8,https://vidsrc.to/embed/movie/10528
73106,93,SWYLgOrrsno,https://vidsrc.to/embed/movie/26123
73211,96,0W6y6pncMJQ,https://vidsrc.to/embed/movie/23963
73266,89,_6vVncYxUTI,https://vidsrc.to/embed/movie/22327
73268,98,ADcmnVZQ9x8,https://vidsrc.to/embed/movie/19901
73290,93,Y6U7mAnPtw4,https://vidsrc.to/embed/movie/28178
73319,100,wUwju8fo9tQ,https://vidsrc.to/embed/movie/25195
73323,147,vVGbPFdU96A,https://vidsrc.to/embed/movie/33613
73344,155,l69ARbQt-Ko,https://vidsrc.to/embed/movie/21575
73386,96,pfevfBvR0Ys,https://vidsrc.to/embed/movie/25927
73431,91,UOWUwTlnxhM,https://vidsrc.to/embed/movie/24271
73488,91,Z0-k5PmGryE,https://vidsrc.to/embed/movie/1450
73499,93,,https://vidsrc.to/embed/movie/81895
73501,74,,https://vidsrc.to/embed/movie/148435
73515,80,FJyNcgNlsV8,https://vidsrc.to/embed/movie/20107
73676,136,BjHdKRhQCRo,https://vidsrc.to/embed/movie/25676
73681,119,3aait4aOxP0,https://vidsrc.to/embed/movie/25205
73741,83,3Io-Hfflq8k,https://vidsrc.to/embed/movie/25602
73808,125,akiHkFxV24w,https://vidsrc.to/embed/movie/13855
73822,107,Llcgzs1jNOM,https://vidsrc.to/embed/movie/57978
73854,52,W6IAY9bSP7s,https://vidsrc.to/embed/movie/13382
73858,83,AQKkYL2pbHY,https://vidsrc.to/embed/movie/13358
73876,93,sGVavZQmZjU,https://vidsrc.to/embed/movie/15255
73881,171,zIKu9k50SDo,https://vidsrc.to/embed/movie/20453
73929,100,P6p01-in6-k,https://vidsrc.to/embed/movie/22894
74075,90,srbmLtGc6vQ,https://vidsrc.to/embed/movie/23988
74089,101,,https://vidsrc.to/embed/movie/51120
74095,82,3wOqciTZRik,https://vidsrc.to/embed/movie/21453
74154,91,1tl9EMqLrWM,https://vidsrc.to/embed/movie/13477
74226,138,N172cmoSsGc,https://vidsrc.to/embed/movie/94706
74275,98,01dljIcgiMw,https://vidsrc.to/embed/movie/8952
74282,230,hK64_7dEO-w,https://vidsrc.to/embed/movie/40724
74324,108,cpkN0JdXRpM,https://vidsrc.to/embed/movie/33602
74370,95,qNvSIzYJcCQ,https://vidsrc.to/embed/movie/25983
74450,125,fXyHuuYtR00,https://vidsrc.to/embed/movie/32856
74452,103,3xSuR1zZCII,https://vidsrc.to/embed/movie/7978
74458,138,qdPw9x9h5CY,https://vidsrc.to/embed/movie/11324
74510,129,oSsodK7KFXQ,https://vidsrc.to/embed/movie/24253
74530,118,R86InkfdboA,https://vidsrc.to/embed/movie/32657
74532,107,NAH8qgVY9jE,https://vidsrc.to/embed/movie/23742
74545,128,WrvkY6rAgHU,https://vidsrc.to/embed/movie/11439
74553,79,tMPhHTtKZ8Q,https://vidsrc.to/embed/movie/26963
74624,127,RbuEhwselE0,https://vidsrc.to/embed/movie/26428
74668,101,jDDFNpj9xBQ,https://vidsrc.to/embed/movie/15357
74677,87,,https://vidsrc.to/embed/movie/18489
74683,89,,https://vidsrc.to/embed/movie/19962
74696,85,cKAVPfI_8MU,https://vidsrc.to/embed/movie/45576
74698,101,JqnjK79fGSw,https://vidsrc.to/embed/movie/23023
74727,0,,https://vidsrc.to/embed/movie/20871
74750,84,XPNY-94UfG4,https://vidsrc.to/embed/movie/10664
74754,100,cG_e8k9PILM,https://vidsrc.to/embed/movie/17473
74789,108,9POCgSRVvf0,https://vidsrc.to/embed/movie/12155
74791,77,w3uG8LLuVPQ,https://vidsrc.to/embed/movie/40623
74795,115,e3KJ21TLKVE,https://vidsrc.to/embed/movie/22972
74851,92,-jAbatBqqSc,https://vidsrc.to/embed/movie/26389
74868,112,YVbdd8oOwOY,https://vidsrc.to/embed/movie/23488
74916,107,cwdliqOGTLw,https://vidsrc.to/embed/movie/27583
74946,104,oWJJGXvL7PM,https://vidsrc.to/embed/movie/34016
74948,103,zA_fB1SbtHQ,https://vidsrc.to/embed/movie/25941
75341,113,oRUo4cWejYM,https://vidsrc.to/embed/movie/23169
75389,96,HaaMPMrg8oY,https://vidsrc.to/embed/movie/15846
75395,94,5cZPZ7dwvZk,https://vidsrc.to/embed/movie/44363
75446,112,eOwjfPJEwxc,https://vidsrc.to/embed/movie/31299
75803,103,wKfmsOfYNh8,https://vidsrc.to/embed/movie/34563
75805,110,t1EcJJ6XzBc,https://vidsrc.to/embed/movie/27573
75813,104,rGRiuTbpjLw,https://vidsrc.to/embed/movie/12834
75816,92,fjdBwE44RT4,https://vidsrc.to/embed/movie/31723
75947,105,3XBg6BgOSgs,https://vidsrc.to/embed/movie/32688
75985,111,jl9Nvg4yuus,https://vidsrc.to/embed/movie/31867
76030,109,oTXOxLI0kVQ,https://vidsrc.to/embed/movie/28355
76054,104,VmLSHC6N1Pk,https://vidsrc.to/embed/movie/36970
76060,98,qGM67hJ9rxQ,https://vidsrc.to/embed/movie/34423
76077,101,CZoViO13tq8,https://vidsrc.to/embed/movie/23048
76091,129,0oBwQHWeYxo,https://vidsrc.to/embed/movie/30018
76093,98,KZtbJ_I9IFM,https://vidsrc.to/embed/movie/10191
76143,117,,https://vidsrc.to/embed/movie/21467
76173,104,fEph0QOxMZM,https://vidsrc.to/embed/movie/27936
76175,106,TfyunOnMGqM,https://vidsrc.to/embed/movie/18823
76251,118,RdBiTjy7AEI,https://vidsrc.to/embed/movie/23483
76293,88,aspBKFz2dBI,https://vidsrc.to/embed/movie/35056
76301,75,-n-aCYNr__Y,https://vidsrc.to/embed/movie/13417
76738,80,j9SipMwaK68,https://vidsrc.to/embed/movie/52903
76743,103,,https://vidsrc.to/embed/movie/8980
76751,118,,https://vidsrc.to/embed/movie/25572
76763,107,39qrViRxCqw,https://vidsrc.to/embed/movie/27586
77191,92,LkbR3nQqcrk,https://vidsrc.to/embed/movie/34803
77201,93,Es-CEAWXcfw,https://vidsrc.to/embed/movie/37861
77206,92,It4DJi918z4,https://vidsrc.to/embed/movie/33217
77233,104,3HLzmH9VB6A,https://vidsrc.to/embed/movie/36443
77266,120,gpYlgpusS14,https://vidsrc.to/embed/movie/12411
77364,97,OmFTjvdrfyY,https://vidsrc.to/embed/movie/34813
77421,91,lMw0kLmuHOE,https://vidsrc.to/embed/movie/39053
77427,91,glfBurdSUS8,https://vidsrc.to/embed/movie/37169
77455,86,oHJBdDSTbLw,https://vidsrc.to/embed/movie/39452
77561,124,BoohRoVA9WQ,https://vidsrc.to/embed/movie/10138
77667,90,ZOuk5oPqljE,https://vidsrc.to/embed/movie/37931
77709,121,kRPoV62HmS0,https://vidsrc.to/embed/movie/15877
77795,120,ROxGAncAi2U,https://vidsrc.to/embed/movie/34069
77798,95,aNWZVIYGapI,https://vidsrc.to/embed/movie/23437
77800,97,o_yOtVBR0CM,https://vidsrc.to/embed/movie/37495
77841,106,-EwEFLnlxvM,https://vidsrc.to/embed/movie/37565
77846,117,s07eOhWSqQc,https://vidsrc.to/embed/movie/12219
77866,140,gnT3DRvQXXM,https://vidsrc.to/embed/movie/20662
77881,119,DeFPWDgDzBc,https://vidsrc.to/embed/movie/21245
77893,134,2-DFFNUE1-U,https://vidsrc.to/embed/movie/34626
77931,61,k4uwrghMdSo,https://vidsrc.to/embed/movie/37511
78034,94,XYDeHIszUqA,https://vidsrc.to/embed/movie/36801
78039,112,aw0NChcdQfQ,https://vidsrc.to/embed/movie/46705
78041,100,NXX51rOSHuE,https://vidsrc.to/embed/movie/37821
78088,95,d8KBYAvYpO4,https://vidsrc.to/embed/movie/26388
78103,112,mikwRioy0eE,https://vidsrc.to/embed/movie/30527
78105,116,SOlc7fV9zL0,https://vidsrc.to/embed/movie/9543
78116,90,zi9WlsYCr-k,https://vidsrc.to/embed/movie/40247
78142,160,rnFhbq1n0_Y,https://vidsrc.to/embed/movie/25846
78160,73,,https://vidsrc.to/embed/movie/198306
78174,146,pY7sAJm8Fuk,https://vidsrc.to/embed/movie/37786
78218,97,F_7b3kzWzg8,https://vidsrc.to/embed/movie/38199
78264,106,cut4IW0oz1w,https://vidsrc.to/embed/movie/34806
78266,104,NL3Glfcx4_I,https://vidsrc.to/embed/movie/37707
78316,105,165tXUPESnk,https://vidsrc.to/embed/movie/37056
78349,101,hbivC9ztGOE,https://vidsrc.to/embed/movie/29917
78467,81,3Ppqbnhp7PI,https://vidsrc.to/embed/movie/20533
78469,117,exyzEFrmLuM,https://vidsrc.to/embed/movie/34544
78499,102,2BlMNH1QTeE,https://vidsrc.to/embed/movie/10193
78544,79,,https://vidsrc.to/embed/movie/198308
78574,101,bE_X2pDRXyY,https://vidsrc.to/embed/movie/39013
78620,102,P8u7zNIsNWo,https://vidsrc.to/embed/movie/32068
78626,110,SUAs8CE4oEY,https://vidsrc.to/embed/movie/21531
78637,93,Ma9oseKpj9g,https://vidsrc.to/embed/movie/10192
78703,100,pxS_FWBOW0M,https://vidsrc.to/embed/movie/39545
78746,93,kcRyNY13Nnc,https://vidsrc.to/embed/movie/40819
78772,124,kX2DKZcDM-o,https://vidsrc.to/embed/movie/24021
78836,161,HkPMjoUqYXU,https://vidsrc.to/embed/movie/34647
78893,103,WdoiHMCVqMQ,https://vidsrc.to/embed/movie/10196
78959,109,RY8DdS38P44,https://vidsrc.to/embed/movie/15102
79006,151,XJG5xzhNnCc,https://vidsrc.to/embed/movie/76180
79008,67,U7y0v_Fjv2w,https://vidsrc.to/embed/movie/16023
79057,107,1Er_EeF2Ozc,https://vidsrc.to/embed/movie/34851
79073,86,6nvfWfr2jUE,https://vidsrc.to/embed/movie/37659
79091,95,zzCZ1W_CUoI,https://vidsrc.to/embed/movie/20352
79132,148,cdx31ak4KbQ,https://vidsrc.to/embed/movie/27205
79134,102,Nk1ERmswxsY,https://vidsrc.to/embed/movie/38365
79139,109,NDPPUJqFgks,https://vidsrc.to/embed/movie/27022
79185,109,VDoNfrBlY3o,https://vidsrc.to/embed/movie/37834
79224,140,XY8amUImEu0,https://vidsrc.to/embed/movie/38575
79242,106,RixlpHKfb6M,https://vidsrc.to/embed/movie/39781
79251,104,RcHq2W1dXRU,https://vidsrc.to/embed/movie/73861
79259,86,zBZ8mTtoI9I,https://vidsrc.to/embed/movie/40850
79274,75,EcFghlzjEak,https://vidsrc.to/embed/movie/40662
79333,94,,https://vidsrc.to/embed/movie/39768
79357,141,-GzJ1gA6Mg0,https://vidsrc.to/embed/movie/31011
79428,114,CVY_IRA8NTw,https://vidsrc.to/embed/movie/38778
79501,96,Li2Xnrp8wdI,https://vidsrc.to/embed/movie/36274
79536,136,,https://vidsrc.to/embed/movie/25335
79553,108,4ynwOQX1A7k,https://vidsrc.to/embed/movie/37472
79590,95,uGyLFdzhw-c,https://vidsrc.to/embed/movie/24122
79677,100,dKTpGn3BM64,https://vidsrc.to/embed/movie/53190
79684,110,iumOefBwx00,https://vidsrc.to/embed/movie/39414
79695,103,G_OQpXk8vAQ,https://vidsrc.to/embed/movie/27578
79702,113,5wL2I_JVzgw,https://vidsrc.to/embed/movie/22538
79798,96,iECgGlD9dK0,https://vidsrc.to/embed/movie/26280
79868,114,uDE5L6xXNDY,https://vidsrc.to/embed/movie/38150
79879,88,AImr8U_7CX4,https://vidsrc.to/embed/movie/43593
79946,96,n2Y3GoN2PGw,https://vidsrc.to/embed/movie/41479
80083,41,B4VX95mjiT4,https://vidsrc.to/embed/movie/28609
80094,87,dOxQ7DmBQRg,https://vidsrc.to/embed/movie/38358
80124,83,,https://vidsrc.to/embed/movie/49943
80139,64,D2HmdYiWMeA,https://vidsrc.to/embed/movie/14158
80162,98,aPjnHm3ZGUs,https://vidsrc.to/embed/movie/37905
80166,101,EEYqgyXyk9A,https://vidsrc.to/embed/movie/41210
80219,105,LNDLSS7faQo,https://vidsrc.to/embed/movie/23631
80241,102,1PHW-pyURHo,https://vidsrc.to/embed/movie/38073
80363,97,SRRN6MvCdeg,https://vidsrc.to/embed/movie/35791
80454,104,,https://vidsrc.to/embed/movie/60678
80463,121,rBCNU0XT9GY,https://vidsrc.to/embed/movie/37799
80489,125,uAjECYnrYks,https://vidsrc.to/embed/movie/23168
80549,93,KNbPnqyvItk,https://vidsrc.to/embed/movie/37735
80551,133,mjay5vgIwt4,https://vidsrc.to/embed/movie/38167
80553,84,C4h4ZY8whbg,https://vidsrc.to/embed/movie/38568
80572,107,N4-oww1rA28,https://vidsrc.to/embed/movie/43939
80584,98,4slgrOOK66A,https://vidsrc.to/embed/movie/15179
80586,89,aXeJ8NM7c9g,https://vidsrc.to/embed/movie/43949
80615,97,I_vJ0jS3i3o,https://vidsrc.to/embed/movie/41216
80693,102,0dSk92CbuFE,https://vidsrc.to/embed/movie/43923
80748,76,-iaZZx-ldvU,https://vidsrc.to/embed/movie/25694
80831,116,a7pl481di_4,https://vidsrc.to/embed/movie/41402
80834,14,HOfdboHvshg,https://vidsrc.to/embed/movie/45745
80839,123,,https://vidsrc.to/embed/movie/39486
80858,105,cD-qihNzHuk,https://vidsrc.to/embed/movie/38303
80860,114,ZNSeUYw95NY,https://vidsrc.to/embed/movie/38408
80862,87,BuE98oeL-e0,https://vidsrc.to/embed/movie/42296
80864,98,QO6atZvg4y0,https://vidsrc.to/embed/movie/38031
80880,105,evhh3NE3fyw,https://vidsrc.to/embed/movie/44113
80906,109,FzrBurlJUNk,https://vidsrc.to/embed/movie/44639
80969,104,sXiRZhDEo8A,https://vidsrc.to/embed/movie/42188
81018,80,Gf7TJ3z6Jus,https://vidsrc.to/embed/movie/41201
81087,155,XphAPuNppQA,https://vidsrc.to/embed/movie/16344
81132,82,6s2uiPubmoA,https://vidsrc.to/embed/movie/45649
81156,94,fKwjU_pSSW4,https://vidsrc.to/embed/movie/16290
81191,111,h9FLXNiGtQs,https://vidsrc.to/embed/movie/39440
81229,111,-JZ_moituIo,https://vidsrc.to/embed/movie/39514
81257,118,,https://vidsrc.to/embed/movie/44716
81417,91,ftD6rIAR-Hw,https://vidsrc.to/embed/movie/41436
81456,97,YknK1G-g-qc,https://vidsrc.to/embed/movie/51241
81512,129,toJPUHh3EKI,https://vidsrc.to/embed/movie/44603
81520,96,qq-yqajCo6k,https://vidsrc.to/embed/movie/38234
81535,90,A1PxwwdEXao,https://vidsrc.to/embed/movie/41439
81537,95,hEtu68oxBfc,https://vidsrc.to/embed/movie/41733
81562,94,OlhLOWTnVoQ,https://vidsrc.to/embed/movie/44115
81564,96,bixkC-ZrH34,https://vidsrc.to/embed/movie/38055
81591,108,2Pxc_5f27Kg,https://vidsrc.to/embed/movie/44214
81681,81,,https://vidsrc.to/embed/movie/41058
81786,106,7sTf6PRFylU,https://vidsrc.to/embed/movie/48303
81788,133,lCOpDla3lVo,https://vidsrc.to/embed/movie/43539
81819,148,ygyeEOcKGWM,https://vidsrc.to/embed/movie/45958
81831,122,PFJpbtWLHww,https://vidsrc.to/embed/movie/36940
81834,146,Su1LOpjvdZ4,https://vidsrc.to/embed/movie/12444
81845,118,HXMqX9s67kY,https://vidsrc.to/embed/movie/45269
81910,101,,https://vidsrc.to/embed/movie/41999
81932,116,LRIZ4mCi5Ps,https://vidsrc.to/embed/movie/45317
81949,97,0bQakUseu4g,https://vidsrc.to/embed/movie/41556
82041,84,1jkPj0Nso30,https://vidsrc.to/embed/movie/46420
82053,108,wUQVZ6MlZ64,https://vidsrc.to/embed/movie/45324
82088,96,KE_yskjXBOA,https://vidsrc.to/embed/movie/47979
82093,103,Hsm9jQcq0Ms,https://vidsrc.to/embed/movie/48838
82095,93,mnoW5-DmIUM,https://vidsrc.to/embed/movie/42684
82152,86,2jtZmQ_GM8Y,https://vidsrc.to/embed/movie/38117
82167,112,h6w7Dh-QxzY,https://vidsrc.to/embed/movie/43347
82169,113,LuGUVkO0cRM,https://vidsrc.to/embed/movie/10140
82202,103,GRp5LkBkqnQ,https://vidsrc.to/embed/movie/37710
82242,83,tuvq7XF35lQ,https://vidsrc.to/embed/movie/48395
82366,85,-p7Asu0zaR4,https://vidsrc.to/embed/movie/43919
82378,101,Ca6hW4J7Jeo,https://vidsrc.to/embed/movie/46503
82459,110,Q5fEgKj9QNs,https://vidsrc.to/embed/movie/44264
82461,126,m9CTGwEZiPk,https://vidsrc.to/embed/movie/20526
82499,121,8u_gSd9eIO8,https://vidsrc.to/embed/movie/42888
82527,134,OtNlrEBrp8Y,https://vidsrc.to/embed/movie/46829
82534,104,xa5qg7cB1ZQ,https://vidsrc.to/embed/movie/44129
82641,111,jd8GXguZJfQ,https://vidsrc.to/embed/movie/54178
82667,144,xwWgp1bqVwE,https://vidsrc.to/embed/movie/49797
82684,78,aIcP9LE4m9c,https://vidsrc.to/embed/movie/46788
82744,98,SbJ3Itb4vsI,https://vidsrc.to/embed/movie/41283
82765,96,QSGqxZVpLOY,https://vidsrc.to/embed/movie/35138
82767,91,2vXjg_UApr4,https://vidsrc.to/embed/movie/27585
82848,25,,https://vidsrc.to/embed/movie/23282
82852,98,KfmGjA1OJ5A,https://vidsrc.to/embed/movie/39451
82857,101,AV9iah71iPQ,https://vidsrc.to/embed/movie/50071
83086,119,_KqN85L-Vzk,https://vidsrc.to/embed/movie/42297
83132,94,DskjJGeaRQA,https://vidsrc.to/embed/movie/51739
83134,89,NdNpFoWrBDQ,https://vidsrc.to/embed/movie/46838
83177,80,9iyYTz0Bh0Y,https://vidsrc.to/embed/movie/41515
83270,113,OD-MuEKbOAM,https://vidsrc.to/embed/movie/46138
83349,119,PMA-taGtfXs,https://vidsrc.to/embed/movie/40805
83369,133,mMRJonfmQY0,https://vidsrc.to/embed/movie/49009
83374,100,Kq64CHaV8yA,https://vidsrc.to/embed/movie/46528
83480,95,yjCg3WCzKaU,https://vidsrc.to/embed/movie/23047
83601,90,FYcS09xisRE,https://vidsrc.to/embed/movie/43950
83613,119,0JlTboo4cPM,https://vidsrc.to/embed/movie/49849
83796,96,RBZVsLoSsDU,https://vidsrc.to/embed/movie/14556
83803,6,k3XqALiIQHI,https://vidsrc.to/embed/movie/40619
83910,111,2n5Jy27aVqk,https://vidsrc.to/embed/movie/44564
83969,89,,https://vidsrc.to/embed/movie/43810
83976,107,K9bPJmy68Rs,https://vidsrc.to/embed/movie/63578
84152,106,4TLppsfzQH8,https://vidsrc.to/embed/movie/51876
84156,94,cijkIXXiSW4,https://vidsrc.to/embed/movie/89704
84189,108,,https://vidsrc.to/embed/movie/43947
84240,103,lfjROoB2O-A,https://vidsrc.to/embed/movie/53596
84246,116,,https://vidsrc.to/embed/movie/52844
84273,161,QYLLFpNn4lM,https://vidsrc.to/embed/movie/54293
84374,107,X7bRikS7C3o,https://vidsrc.to/embed/movie/41630
84414,76,K9x2pGc_y9o,https://vidsrc.to/embed/movie/56590
84512,80,,https://vidsrc.to/embed/movie/120843
84523,114,,https://vidsrc.to/embed/movie/39029
84553,82,,https://vidsrc.to/embed/movie/148432
84615,87,_eoYXRXGu54,https://vidsrc.to/embed/movie/52067
84637,84,tgO03BFtvSc,https://vidsrc.to/embed/movie/45772
84696,91,TH65zyrzmfI,https://vidsrc.to/embed/movie/50204
84716,119,061ZyqHhdCo,https://vidsrc.to/embed/movie/18438
84772,104,16Jfld1-kOI,https://vidsrc.to/embed/movie/39513
84799,99,rpMOBrntEBs,https://vidsrc.to/embed/movie/37618
84844,122,PeWGNfQhfPY,https://vidsrc.to/embed/movie/20993
84942,104,jouaan70m4c,https://vidsrc.to/embed/movie/47327
84944,107,wIKG4s_uSRg,https://vidsrc.to/embed/movie/44896
84950,97,ZsSNCmGUK2I,https://vidsrc.to/embed/movie/50725
84952,107,B2_UYaJ4hkA,https://vidsrc.to/embed/movie/54186
84954,106,fSeWHl1PaKs,https://vidsrc.to/embed/movie/38050
85020,93,CMklQNn0OH0,https://vidsrc.to/embed/movie/27582
85022,105,nJxwye_VdS8,https://vidsrc.to/embed/movie/48988
85025,114,SItBFjaLArU,https://vidsrc.to/embed/movie/49494
85056,109,XR2QSlHpKg4,https://vidsrc.to/embed/movie/46529
85131,116,eFDq1K4ZTls,https://vidsrc.to/embed/movie/44943
85179,114,HQ7q7eHzs-Q,https://vidsrc.to/embed/movie/28874
85213,91,l0MSitTAYyA,https://vidsrc.to/embed/movie/56831
85259,25,,https://vidsrc.to/embed/movie/36540
85261,88,JWYVQzG0rYk,https://vidsrc.to/embed/movie/50321
85316,25,,https://vidsrc.to/embed/movie/72185
85334,96,UV7h4-2ZUqE,https://vidsrc.to/embed/movie/26011
85342,115,CkfHjJRLLnI,https://vidsrc.to/embed/movie/47931
85367,117,fpj7i2CPt8M,https://vidsrc.to/embed/movie/50546
85394,90,wmMUlNeLApU,https://vidsrc.to/embed/movie/59490
85399,107,0bnDBexQ-Yw,https://vidsrc.to/embed/movie/38322
85401,96,tLj_Bzw8n90,https://vidsrc.to/embed/movie/45132
85412,104,uvwEyHeRSvE,https://vidsrc.to/embed/movie/46146
85414,93,0dafmG_c8kc,https://vidsrc.to/embed/movie/45612
85438,120,8IFsdfk3mlk,https://vidsrc.to/embed/movie/38684
85510,110,vJ0xYZ5mVMc,https://vidsrc.to/embed/movie/23629
85565,97,87Ocy8J0RYM,https://vidsrc.to/embed/movie/58232
85736,8,osErRS4m4S8,https://vidsrc.to/embed/movie/13413
85788,102,M-irQA7NIrk,https://vidsrc.to/embed/movie/49018
85796,86,ssHEAOrAdCU,https://vidsrc.to/embed/movie/49010
85885,109,27gpqR5ADUs,https://vidsrc.to/embed/movie/48650
86000,88,ESD3mlgpSwM,https://vidsrc.to/embed/movie/39356
86014,99,U3gnyS-n7SE,https://vidsrc.to/embed/movie/60307
86028,108,6OkJht5KB-I,https://vidsrc.to/embed/movie/53172
86059,95,Z7M3ofz3TvA,https://vidsrc.to/embed/movie/50359
86066,97,,https://vidsrc.to/embed/movie/64484
86142,141,Xpm007vne54,https://vidsrc.to/embed/movie/58857
86190,111,Tjtv8tVtVRw,https://vidsrc.to/embed/movie/50456
86279,75,qoyKe-HxmFk,https://vidsrc.to/embed/movie/54527
86286,72,Vb9FcQBALCw,https://vidsrc.to/embed/movie/23521
86290,102,GaUvt81gH9c,https://vidsrc.to/embed/movie/46105
86293,110,SiJvHi-dUVU,https://vidsrc.to/embed/movie/49012
86295,111,vvV1WDueIC0,https://vidsrc.to/embed/movie/41446
86298,96,P1GRO31ve5Q,https://vidsrc.to/embed/movie/46195
86347,60,,https://vidsrc.to/embed/movie/30969
86355,97,6W07bFa4TzM,https://vidsrc.to/embed/movie/56780
86377,57,Y8ynUspj4c8,https://vidsrc.to/embed/movie/24447
86504,77,,https://vidsrc.to/embed/movie/167966
86548,122,CFxM3M0mwHM,https://vidsrc.to/embed/movie/55787
86593,89,Iw41OjRgymg,https://vidsrc.to/embed/movie/57586
86644,131,P1UVXvKnCLM,https://vidsrc.to/embed/movie/51497
86668,60,,https://vidsrc.to/embed/movie/241620
86721,79,vaDvCEL8Dyk,https://vidsrc.to/embed/movie/42521
86781,131,XJ69WnwvZhE,https://vidsrc.to/embed/movie/46738
86815,112,MWeOjBCi3c4,https://vidsrc.to/embed/movie/43959
86817,112,U2p1u13R-eE,https://vidsrc.to/embed/movie/49022
86833,125,RyI5ihZNJXU,https://vidsrc.to/embed/movie/55721
86835,87,hinWQiv2rVc,https://vidsrc.to/embed/movie/38321
86864,101,83j8YlkU7J8,https://vidsrc.to/embed/movie/39410
86880,136,0BXCVe8Yww4,https://vidsrc.to/embed/movie/1865
86882,94,FAfR8omt-CY,https://vidsrc.to/embed/movie/59436
86892,119,38rPoGSr19U,https://vidsrc.to/embed/movie/51608
86898,139,RrAz1YLh8nY,https://vidsrc.to/embed/movie/8967
86911,102,ohF5ZO_zOYU,https://vidsrc.to/embed/movie/45243
86922,108,m3nHe_DOKmo,https://vidsrc.to/embed/movie/52077
86960,93,ydQV56Tj0bQ,https://vidsrc.to/embed/movie/21469
87028,91,7NX30f8b1Oo,https://vidsrc.to/embed/movie/49950
87192,88,m0ntk1o4V3k,https://vidsrc.to/embed/movie/59678
87194,128,0hy54CpKeqk,https://vidsrc.to/embed/movie/59468
87197,132,uAOz_28BJ0g,https://vidsrc.to/embed/movie/51533
87222,91,FQ63rqSRrEI,https://vidsrc.to/embed/movie/49444
87232,132,2BAYQD_j6Xc,https://vidsrc.to/embed/movie/49538
87234,98,6CAntLzsQ74,https://vidsrc.to/embed/movie/49020
87287,82,AndtsMdk2fc,https://vidsrc.to/embed/movie/70862
87298,97,MZC-s2oNLT0,https://vidsrc.to/embed/movie/45658
87304,104,yA4OE09Bt60,https://vidsrc.to/embed/movie/55347
87306,112,t-0XuYxh67w,https://vidsrc.to/embed/movie/37686
87413,87,,https://vidsrc.to/embed/movie/19963
87430,114,ojYMekJgqJU,https://vidsrc.to/embed/movie/44912
87444,98,wicRCAGNcpk,https://vidsrc.to/embed/movie/56272
87483,94,7Js0ADU4owQ,https://vidsrc.to/embed/movie/58224
87485,92,GahC5cVsU6A,https://vidsrc.to/embed/movie/52449
87520,154,XeUtb5L9iNE,https://vidsrc.to/embed/movie/38356
87522,98,x_-tWhlcQok,https://vidsrc.to/embed/movie/59861
87529,102,KS8wdVZqVrU,https://vidsrc.to/embed/movie/38319
87660,97,fXQ5VfBTNpg,https://vidsrc.to/embed/movie/65034
87785,107,0DItbZIVKhk,https://vidsrc.to/embed/movie/22907
87834,75,,https://vidsrc.to/embed/movie/73884
87867,102,pNJxxRi7AeE,https://vidsrc.to/embed/movie/38317
87869,98,VpUeQV8sdOc,https://vidsrc.to/embed/movie/51540
87876,106,lg5hj2c5Nkk,https://vidsrc.to/embed/movie/49013
87960,56,,https://vidsrc.to/embed/movie/24792
88069,102,YyYq4rrvjdQ,https://vidsrc.to/embed/movie/67109
88094,101,quC36o_9ZLo,https://vidsrc.to/embed/movie/64780
88108,109,X0n3Q_VDQk8,https://vidsrc.to/embed/movie/59860
88125,130,5NYt1qirBWg,https://vidsrc.to/embed/movie/12445
88129,100,J8lZi3ocbYk,https://vidsrc.to/embed/movie/64690
88140,124,W4DlMggBPvc,https://vidsrc.to/embed/movie/1771
88163,118,W7U03cW7k-Y,https://vidsrc.to/embed/movie/50646
88179,107,DVOei5MjGQY,https://vidsrc.to/embed/movie/51828
88235,96,iJxBKglv2zw,https://vidsrc.to/embed/movie/67913
88267,63,bmO-_i8AyCw,https://vidsrc.to/embed/movie/51162
88272,102,GL50yBcw5wA,https://vidsrc.to/embed/movie/65599
88356,103,vc0dljW2ZaU,https://vidsrc.to/embed/movie/41513
88405,109,MxfaGMuiniI,https://vidsrc.to/embed/movie/50544
88448,118,SbP_OKg3rFs,https://vidsrc.to/embed/movie/50004
88515,97,UrYUrkj_6BY,https://vidsrc.to/embed/movie/55846
88593,156,eZ9cUe0j9l8,https://vidsrc.to/embed/movie/57361
88672,90,1yvn8a16B9Q,https://vidsrc.to/embed/movie/59968
88697,81,l8TZtviEZ-M,https://vidsrc.to/embed/movie/209802
88699,100,e9L88V0yh1U,https://vidsrc.to/embed/movie/51620
88746,105,zN4l05LMReA,https://vidsrc.to/embed/movie/51993
88785,112,p3W7SIrMMaQ,https://vidsrc.to/embed/movie/49520
88810,146,3eajzW3XW7Q,https://vidsrc.to/embed/movie/50014
88812,83,_o8u4pIf3Hs,https://vidsrc.to/embed/movie/62206
88911,82,PyxcjirJXJg,https://vidsrc.to/embed/movie/39413
88932,91,24abND3yDq0,https://vidsrc.to/embed/movie/55779
88954,90,rILHv9oFq38,https://vidsrc.to/embed/movie/55465
89028,99,3kLU13UN7Zo,https://vidsrc.to/embed/movie/46261
89030,106,txgGhyjPZGg,https://vidsrc.to/embed/movie/58151
89039,92,EpTy1EvMqqI,https://vidsrc.to/embed/movie/55420
89047,106,jkKjafEIebw,https://vidsrc.to/embed/movie/44835
89072,98,atjH_jEr1Io,https://vidsrc.to/embed/movie/52015
89085,113,ApMEDQbV2cI,https://vidsrc.to/embed/movie/48289
89090,85,M8kINiFhplc,https://vidsrc.to/embed/movie/55244
89118,120,PavJUoZNT7g,https://vidsrc.to/embed/movie/63311
89190,113,aRVD3nURewE,https://vidsrc.to/embed/movie/37430
89208,92,wzxg93Ah1wg,https://vidsrc.to/embed/movie/16335
89281,93,jE5dJDgZ644,https://vidsrc.to/embed/movie/40016
89305,97,vnJkwF7yb8c,https://vidsrc.to/embed/movie/69798
89343,88,uJ1v6oFHefc,https://vidsrc.to/embed/movie/48572
89386,119,GzI8OhR0IVY,https://vidsrc.to/embed/movie/72744
89388,89,bS7CmZdhwmQ,https://vidsrc.to/embed/movie/70868
89427,91,nDmLLGTQlXY,https://vidsrc.to/embed/movie/65055
89470,106,4sYSyuuLk5g,https://vidsrc.to/embed/movie/39538
89580,124,RwFij9KM-qU,https://vidsrc.to/embed/movie/55785
89582,146,ieTAZUXrBD0,https://vidsrc.to/embed/movie/68341
89586,78,jwfNAPIfip4,https://vidsrc.to/embed/movie/71689
89678,93,84pIV2MjYLc,https://vidsrc.to/embed/movie/18093
89753,127,VW-F1H-Nonk,https://vidsrc.to/embed/movie/49517
89759,123,58Onuy5USTc,https://vidsrc.to/embed/movie/60243
89761,99,ZhunuJRo8jA,https://vidsrc.to/embed/movie/48231
89774,140,I5kzcwcQA1Q,https://vidsrc.to/embed/movie/59440
89804,101,Uha0XfGBdMw,https://vidsrc.to/embed/movie/10316
89837,95,aqkqF--v1tg,https://vidsrc.to/embed/movie/74725
89840,116,2Q8VIPJAox8,https://vidsrc.to/embed/movie/49021
89862,106,IY3FRWcK_LI,https://vidsrc.to/embed/movie/58699
89864,100,pVObFYOU9rE,https://vidsrc.to/embed/movie/40807
89898,112,ch3KGQg9klc,https://vidsrc.to/embed/movie/63375
89904,100,qjCQmpNkBI4,https://vidsrc.to/embed/movie/74643
89939,82,,https://vidsrc.to/embed/movie/123723
89945,13,e1K7qTwXky4,https://vidsrc.to/embed/movie/59852
90057,120,hUraDx3oFVg,https://vidsrc.to/embed/movie/64720
90243,93,i-yHW3drgs4,https://vidsrc.to/embed/movie/58878
90245,72,lTzJ5qsYzpQ,https://vidsrc.to/embed/movie/37239
90249,127,obYuPJH2oTE,https://vidsrc.to/embed/movie/39254
90343,113,fVyU-Hvzpt4,https://vidsrc.to/embed/movie/68817
90353,101,0odxNY-0chg,https://vidsrc.to/embed/movie/59437
90357,93,nvyqXFmV-LI,https://vidsrc.to/embed/movie/76543
90374,101,ERREgOobLOs,https://vidsrc.to/embed/movie/50837
90376,113,bV7Y5cylhNc,https://vidsrc.to/embed/movie/71859
90384,96,Hq8DGAgwFJI,https://vidsrc.to/embed/movie/10005
90403,110,tNMeRJMKpdw,https://vidsrc.to/embed/movie/52451
90405,109,xhYUaR5QiUs,https://vidsrc.to/embed/movie/49530
90428,150,g85NSsbzlyI,https://vidsrc.to/embed/movie/44754
90430,80,Zvg_wK6smK4,https://vidsrc.to/embed/movie/72113
90439,107,5RIU83i-WMM,https://vidsrc.to/embed/movie/50839
90469,83,raF9HO4OTcc,https://vidsrc.to/embed/movie/72571
90471,100,LVxH9UXEoMY,https://vidsrc.to/embed/movie/72432
90524,106,CEVkp5Je7m0,https://vidsrc.to/embed/movie/59965
90528,118,qhfYPrsVpVI,https://vidsrc.to/embed/movie/53487
90531,102,Op9iQiB_ANI,https://vidsrc.to/embed/movie/76025
90576,106,bgkxGrsX-A4,https://vidsrc.to/embed/movie/63492
90600,100,MBjn4tdxC00,https://vidsrc.to/embed/movie/70670
90603,64,s86sUsWRx0Q,https://vidsrc.to/embed/movie/69735
90630,85,W2UZZV3xU6Q,https://vidsrc.to/embed/movie/77801
90717,104,Z4KXF7NWFRE,https://vidsrc.to/embed/movie/59108
90719,137,87UeEHrQpDc,https://vidsrc.to/embed/movie/88794
90738,98,pKRKoZIjiFk,https://vidsrc.to/embed/movie/73499
90769,103,VH6VqnHS_3I,https://vidsrc.to/embed/movie/40658
90809,82,onYkjprd-t8,https://vidsrc.to/embed/movie/65229
90866,126,nZGyAx7YyYM,https://vidsrc.to/embed/movie/44826
90888,110,pE3yR8bZ1pY,https://vidsrc.to/embed/movie/37958
90890,91,Aft-IW9fO5c,https://vidsrc.to/embed/movie/71880
91077,115,3R7OzS54hbo,https://vidsrc.to/embed/movie/65057
91079,90,yx2CVSnQwZA,https://vidsrc.to/embed/movie/60420
91094,103,Mq5LfuvRBVM,https://vidsrc.to/embed/movie/64328
91104,117,PQNLfo-SOR4,https://vidsrc.to/embed/movie/50619
91128,120,-m0yqS3jodU,https://vidsrc.to/embed/movie/23514
91233,5,,https://vidsrc.to/embed/movie/13060
91261,130,,https://vidsrc.to/embed/movie/38336
91266,92,dEpWl0kmJdQ,https://vidsrc.to/embed/movie/15157
91273,124,,https://vidsrc.to/embed/movie/30618
91323,81,kTmF4UnkkbA,https://vidsrc.to/embed/movie/57431
91337,105,rNbriNtEGSA,https://vidsrc.to/embed/movie/45708
91353,85,GgFlDipuvzw,https://vidsrc.to/embed/movie/9369
91355,78,nBZE7eQ4tvI,https://vidsrc.to/embed/movie/9642
91386,99,ZjJnKjkwEKw,https://vidsrc.to/embed/movie/65759
91414,97,7tk-WZSqIGQ,https://vidsrc.to/embed/movie/51052
91470,88,C7CdL8xXmxE,https://vidsrc.to/embed/movie/91550
91485,103,ip_CYHdyUBs,https://vidsrc.to/embed/movie/76163
91488,25,HRLhxj0D59Y,https://vidsrc.to/embed/movie/13396
91500,142,qoUT7q2iTbQ,https://vidsrc.to/embed/movie/70160
91529,165,GAjBzu8ggi0,https://vidsrc.to/embed/movie/49026
91535,135,43WTCO8-C4w,https://vidsrc.to/embed/movie/49040
91542,129,amE1MxxRUFI,https://vidsrc.to/embed/movie/58574
91571,123,bsYrGIQnmxo,https://vidsrc.to/embed/movie/101173
91622,94,okfAW8OztkI,https://vidsrc.to/embed/movie/57157
91628,118,pnDzKi5j_9Q,https://vidsrc.to/embed/movie/62838
91630,133,7wkih9Yvxq0,https://vidsrc.to/embed/movie/56292
91658,158,svucpVzRBD4,https://vidsrc.to/embed/movie/65754
91660,89,IgXzLMQuQ6Y,https://vidsrc.to/embed/movie/71469
91666,88,,https://vidsrc.to/embed/movie/16939
91688,96,TYiYHfciJwE,https://vidsrc.to/embed/movie/51995
91690,100,AsazQGwqTQw,https://vidsrc.to/embed/movie/80038
91784,80,tHhl8Q29Mag,https://vidsrc.to/embed/movie/59006
91842,109,Rp0b5ZXIUvE,https://vidsrc.to/embed/movie/77866
91860,143,,https://vidsrc.to/embed/movie/269963
91873,117,FiNEwLKmSq0,https://vidsrc.to/embed/movie/63574
91890,105,IKPltuiEVJ8,https://vidsrc.to/embed/movie/71688
91935,90,Eaq03LQ-KMw,https://vidsrc.to/embed/movie/72842
91947,117,bN1ZV-aYooY,https://vidsrc.to/embed/movie/79896
91976,117,0ex3kvVa-48,https://vidsrc.to/embed/movie/75174
91978,102,sBJSfqdhyTg,https://vidsrc.to/embed/movie/49527
91981,128,tJEWZ33guH4,https://vidsrc.to/embed/movie/55741
92008,93,Og9dz4KNhJk,https://vidsrc.to/embed/movie/70435
92046,98,,https://vidsrc.to/embed/movie/31337
92048,112,E56OYUV7BWw,https://vidsrc.to/embed/movie/65760
92094,93,,https://vidsrc.to/embed/movie/15044
92192,86,-82qd_rCzOs,https://vidsrc.to/embed/movie/50357
92198,105,bTAVMVJTrv0,https://vidsrc.to/embed/movie/74998
92234,125,NVq6Xr5fcfk,https://vidsrc.to/embed/movie/72431
92243,146,cj2uhyfVNmQ,https://vidsrc.to/embed/movie/76758
92259,113,dvdJ--DV0Uo,https://vidsrc.to/embed/movie/77338
92264,91,VqaDZsHnpJA,https://vidsrc.to/embed/movie/54054
92309,101,_o3NHgFNOVI,https://vidsrc.to/embed/movie/58428
92348,80,b2A718NDTUw,https://vidsrc.to/embed/movie/58704
92391,93,Qn3fDvUXFps,https://vidsrc.to/embed/movie/50698
92420,84,AQ9XG-j4kvU,https://vidsrc.to/embed/movie/76726
92422,95,Z2UZwaEUeE0,https://vidsrc.to/embed/movie/65086
92427,108,,https://vidsrc.to/embed/movie/80125
92439,83,oJZeU7PuytA,https://vidsrc.to/embed/movie/64678
92494,85,2n8Rw7ZWXMM,https://vidsrc.to/embed/movie/13976
92507,115,oWzTOoOpFa8,https://vidsrc.to/embed/movie/59961
92509,104,PcL24s-S6ns,https://vidsrc.to/embed/movie/72570
92535,62,,https://vidsrc.to/embed/movie/80379
92637,97,,https://vidsrc.to/embed/movie/54146
92643,94,gjNCkxnT-xE,https://vidsrc.to/embed/movie/78480
92665,87,cMZhDdNfrE0,https://vidsrc.to/embed/movie/84200
92674,114,,https://vidsrc.to/embed/movie/73700
92681,94,IVX7OidrkXQ,https://vidsrc.to/embed/movie/72545
92694,93,A18GfVdNP1U,https://vidsrc.to/embed/movie/51999
92760,65,A2GeonvTlK8,https://vidsrc.to/embed/movie/37464
92938,96,ibZPd9MX0zg,https://vidsrc.to/embed/movie/71676
93022,86,,https://vidsrc.to/embed/movie/51875
93114,122,51uh1PT6I58,https://vidsrc.to/embed/movie/59045
93134,106,ppH4MBsVTKU,https://vidsrc.to/embed/movie/57243
93139,90,AqZlCWkH4P0,https://vidsrc.to/embed/movie/52454
93208,27,x5Jown0os74,https://vidsrc.to/embed/movie/25831
93242,94,dWE1rlCzEJM,https://vidsrc.to/embed/movie/79548
93270,88,X28d7fbRGSQ,https://vidsrc.to/embed/movie/57214
93272,86,XbGnmKPSq9k,https://vidsrc.to/embed/movie/73723
93287,102,JCBAP2wId5M,https://vidsrc.to/embed/movie/73937
93297,110,35b_UqGYZgw,https://vidsrc.to/embed/movie/75674
93320,67,,https://vidsrc.to/embed/movie/38674
93326,98,oleuD8479uM,https://vidsrc.to/embed/movie/59962
93363,132,WR6HUkzxjR0,https://vidsrc.to/embed/movie/49529
93502,101,,https://vidsrc.to/embed/movie/63493
93510,109,BjRs18rV1FI,https://vidsrc.to/embed/movie/64688
93512,83,yA1w_eX0XsY,https://vidsrc.to/embed/movie/82532
93563,95,BQ4hZqrIM9w,https://vidsrc.to/embed/movie/81796
93598,120,WQQG2zJN7PM,https://vidsrc.to/embed/movie/67748
93610,131,NofVaIpUxHk,https://vidsrc.to/embed/movie/61984
93721,82,0VB_DrsHDQ0,https://vidsrc.to/embed/movie/80767
93723,99,-UGIkWvfBEQ,https://vidsrc.to/embed/movie/82533
93740,107,LqzwMX3ftLI,https://vidsrc.to/embed/movie/81025
93766,99,8jEWLCZA7R8,https://vidsrc.to/embed/movie/57165
93790,98,KXLa3swAa8Y,https://vidsrc.to/embed/movie/74308
93805,93,4lJAw_BtM2g,https://vidsrc.to/embed/movie/10679
93819,91,aa1UJLqYeBU,https://vidsrc.to/embed/movie/74777
93831,114,1akixU65dDY,https://vidsrc.to/embed/movie/71552
93838,101,GDYwcjhvD-Y,https://vidsrc.to/embed/movie/94329
93840,95,7NiAWF7VIFY,https://vidsrc.to/embed/movie/22970
93855,104,yruArw21EGA,https://vidsrc.to/embed/movie/74306
93980,92,RQGXqn00hf4,https://vidsrc.to/embed/movie/76489
93982,111,XMG9HawX1do,https://vidsrc.to/embed/movie/70436
94011,101,HwntbsRIYNs,https://vidsrc.to/embed/movie/54271
94015,106,31JOXM_Nk20,https://vidsrc.to/embed/movie/62764
94018,131,wvXKvbIAq2k,https://vidsrc.to/embed/movie/44833
94070,124,UbJssTq5oNs,https://vidsrc.to/embed/movie/74534
94122,88,9iyg5gB3nT8,https://vidsrc.to/embed/movie/91356
94130,92,2393JZxbiKc,https://vidsrc.to/embed/movie/84404
94150,100,pKgdLjDZ6ig,https://vidsrc.to/embed/movie/75802
94160,88,AVhDYks1ea8,https://vidsrc.to/embed/movie/31967
94262,72,0eXZvsSzITA,https://vidsrc.to/embed/movie/37467
94266,124,Us-5iN5aFqE,https://vidsrc.to/embed/movie/72207
94323,122,vxTN4eX4Vss,https://vidsrc.to/embed/movie/67660
94325,101,t2LI5OOifsQ,https://vidsrc.to/embed/movie/77877
94405,94,s3kTkk4k_5Q,https://vidsrc.to/embed/movie/72387
94478,113,4cVcpz8H3Pk,https://vidsrc.to/embed/movie/62213
94494,93,,https://vidsrc.to/embed/movie/89326
94503,89,rzKabVjQFQQ,https://vidsrc.to/embed/movie/40161
94661,156,,https://vidsrc.to/embed/movie/26815
94677,83,cYplvwBvGA4,https://vidsrc.to/embed/movie/76493
94735,87,91G_d5J7gNg,https://vidsrc.to/embed/movie/28500
94777,106,Y2r9AIfYcV8,https://vidsrc.to/embed/movie/41154
94780,127,7HyhpISiVRQ,https://vidsrc.to/embed/movie/58595
94799,85,U8xElfWyexo,https://vidsrc.to/embed/movie/86812
94810,94,GaBX2sY6V2E,https://vidsrc.to/embed/movie/77561
94833,88,7qNuS8KauZc,https://vidsrc.to/embed/movie/72197
94864,124,cJMIzdf1eo8,https://vidsrc.to/embed/movie/70981
94867,89,hTkcqutbS7E,https://vidsrc.to/embed/movie/111440
94896,99,pQ5YN5epsaw,https://vidsrc.to/embed/movie/92591
94919,100,,https://vidsrc.to/embed/movie/12645
94931,116,9dhBppugluM,https://vidsrc.to/embed/movie/86555
94953,98,Oz7xMY1AbbI,https://vidsrc.to/embed/movie/50647
94959,94,RBCRe73dZb0,https://vidsrc.to/embed/movie/83666
94985,96,ETppILg_CYc,https://vidsrc.to/embed/movie/80389
95004,75,etcAXiSCwZM,https://vidsrc.to/embed/movie/13640
95067,91,BsohmWonrCg,https://vidsrc.to/embed/movie/72358
95088,86,h1xKeElnpGk,https://vidsrc.to/embed/movie/84332
95105,93,PlkWVkpP59U,https://vidsrc.to/embed/movie/80321
95145,50,0PNzQ_D8fjY,https://vidsrc.to/embed/movie/39144
95147,45,nE8WLaCQKCU,https://vidsrc.to/embed/movie/39145
95149,67,Gw3aRtUxra0,https://vidsrc.to/embed/movie/22855
95163,48,DIjku6BtYW4,https://vidsrc.to/embed/movie/116776
95165,60,RuViG2-w_To,https://vidsrc.to/embed/movie/39100
95167,93,OKdLpBLp3nM,https://vidsrc.to/embed/movie/62177
95175,95,hJDidwZ2_Wo,https://vidsrc.to/embed/movie/63193
95182,61,6nkQu1l5Grs,https://vidsrc.to/embed/movie/39101
95193,72,vkXMJaZJoak,https://vidsrc.to/embed/movie/13761
95199,110,3Ef0GCdpnN4,https://vidsrc.to/embed/movie/76494
95201,111,kV43JZ6yWS8,https://vidsrc.to/embed/movie/81836
95207,105,2ilUeTRuDpY,https://vidsrc.to/embed/movie/72331
95218,90,,https://vidsrc.to/embed/movie/89874
95307,123,jFiDeufhxSY,https://vidsrc.to/embed/movie/80585
95309,101,EmXWcXKXWBk,https://vidsrc.to/embed/movie/88005
95311,5,q1K9EH90CyA,https://vidsrc.to/embed/movie/13042
95313,5,D9JkGNhwxb0,https://vidsrc.to/embed/movie/13932
95377,5,8A7Pe8oGhq8,https://vidsrc.to/embed/movie/13933
95441,107,xXDAs23aSQc,https://vidsrc.to/embed/movie/72105
95449,110,Dd0XPRo4LZQ,https://vidsrc.to/embed/movie/77930
95473,46,sGqAtYAkwDo,https://vidsrc.to/embed/movie/39103
95497,46,Ph2tugLEjpc,https://vidsrc.to/embed/movie/39104
95499,70,mDlTYHVoUGA,https://vidsrc.to/embed/movie/34433
95508,108,SwjhaBCZIiI,https://vidsrc.to/embed/movie/95516
95510,136,WLxul0Vzuhk,https://vidsrc.to/embed/movie/1930
95519,51,DJZ3vjBqYFU,https://vidsrc.to/embed/movie/39105
95543,88,0Int9oeZN5o,https://vidsrc.to/embed/movie/57800
95558,93,pvqZzSMIZa0,https://vidsrc.to/embed/movie/84175
95583,131,8imzQaoEwsA,https://vidsrc.to/embed/movie/82525
95624,90,SW_3vg4vdr8,https://vidsrc.to/embed/movie/31218
95633,96,Q8tiOuKjp9c,https://vidsrc.to/embed/movie/40770
95654,4,gEkAxjjuUE0,https://vidsrc.to/embed/movie/13929
95690,97,hNae-InUJ74,https://vidsrc.to/embed/movie/80468
95744,91,EzBwdx2OZ_8,https://vidsrc.to/embed/movie/84165
95761,102,fF8dz-JPjNk,https://vidsrc.to/embed/movie/73567
95771,48,ioU887K1Obk,https://vidsrc.to/embed/movie/44251
95780,50,QQS1n9VZuOg,https://vidsrc.to/embed/movie/39106
95796,91,56v3LxpSZK0,https://vidsrc.to/embed/movie/14863
95839,97,upAYkFugbco,https://vidsrc.to/embed/movie/16716
95843,116,,https://vidsrc.to/embed/movie/52906
95858,4,2VyPPDpT2xU,https://vidsrc.to/embed/movie/13930
95873,104,xb3_AE-UinY,https://vidsrc.to/embed/movie/103332
95875,118,wbE6Wkzuydc,https://vidsrc.to/embed/movie/64635
95939,101,iELanfA565Y,https://vidsrc.to/embed/movie/103747
95949,108,,https://vidsrc.to/embed/movie/56909
95965,48,A2gpattMh34,https://vidsrc.to/embed/movie/39323
96007,45,gcqR2sMrwO0,https://vidsrc.to/embed/movie/18095
96020,94,ntVyIw2n3jw,https://vidsrc.to/embed/movie/76696
96079,143,YvV3g8hLlyU,https://vidsrc.to/embed/movie/37724
96110,85,HjXyHqJVqWI,https://vidsrc.to/embed/movie/77953
96114,92,QPofHkR5K9E,https://vidsrc.to/embed/movie/85414
96121,100,tjymM95UWlc,https://vidsrc.to/embed/movie/82696
96150,100,CYOnT3Gqe9U,https://vidsrc.to/embed/movie/84327
96281,93,mI4L-H0TeNI,https://vidsrc.to/embed/movie/77174
96283,94,1-ixtBsoq2M,https://vidsrc.to/embed/movie/82650
96373,91,cfQlRks4fuo,https://vidsrc.to/embed/movie/109584
96411,42,Ur7v_wJ7Nrw,https://vidsrc.to/embed/movie/76360
96417,91,Pn6ie1zCkZU,https://vidsrc.to/embed/movie/49526
96430,105,QhaPxj1EIhg,https://vidsrc.to/embed/movie/71864
96448,83,ZbWepf-zVHw,https://vidsrc.to/embed/movie/71668
96488,85,tDw7OqVBT-w,https://vidsrc.to/embed/movie/84334
96530,77,Tb6erLy9yjg,https://vidsrc.to/embed/movie/83403
96563,121,B43Cj-JEJdo,https://vidsrc.to/embed/movie/83660
96567,102,lTlh70mx-eM,https://vidsrc.to/embed/movie/83686
96588,112,8dItOM6eYXY,https://vidsrc.to/embed/movie/114150
96606,102,YdOd0CbKDvM,https://vidsrc.to/embed/movie/89708
96610,118,4Kn-MmuK3BI,https://vidsrc.to/embed/movie/59967
96655,89,a_gAJk_CfPI,https://vidsrc.to/embed/movie/84329
96691,95,hoyMT-7wEqs,https://vidsrc.to/embed/movie/71679
96726,87,,https://vidsrc.to/embed/movie/100529
96728,137,RApl06pYIuU,https://vidsrc.to/embed/movie/68722
96737,96,3Sp-2FvUNv0,https://vidsrc.to/embed/movie/49049
96811,109,TYGXe5ggBx0,https://vidsrc.to/embed/movie/77016
96815,116,-uOISibzrUI,https://vidsrc.to/embed/movie/84348
96821,103,x0nTfbg24Qs,https://vidsrc.to/embed/movie/84892
96829,116,BSVDnUgJVYY,https://vidsrc.to/embed/movie/103663
96832,116,sVsAixfCL4Q,https://vidsrc.to/embed/movie/103328
96861,91,otHUjWVgIig,https://vidsrc.to/embed/movie/82675
96917,101,9SNvuq7bULo,https://vidsrc.to/embed/movie/82505
96935,97,iKXL0fAf1M4,https://vidsrc.to/embed/movie/45397
96945,98,,https://vidsrc.to/embed/movie/85735
97168,144,YvNlAZ3xqwI,https://vidsrc.to/embed/movie/90125
97172,87,2e1_XxakM-I,https://vidsrc.to/embed/movie/62214
97188,110,apghx7q9oeY,https://vidsrc.to/embed/movie/82507
97194,83,,https://vidsrc.to/embed/movie/92171
97225,91,q4RK3jY7AVk,https://vidsrc.to/embed/movie/76492
97285,79,,https://vidsrc.to/embed/movie/71723
97304,120,3RrtxIci4T0,https://vidsrc.to/embed/movie/68734
97306,110,fUFUd5m7UH8,https://vidsrc.to/embed/movie/86838
97328,97,rOq-8f6iHqM,https://vidsrc.to/embed/movie/84306
97470,93,GE2CV47Hc7c,https://vidsrc.to/embed/movie/75736
97701,87,BSCyPfiTlkI,https://vidsrc.to/embed/movie/82990
97742,101,Uw7PhPD31Ws,https://vidsrc.to/embed/movie/94348
97752,172,ByehYal_cCs,https://vidsrc.to/embed/movie/83542
97757,143,,https://vidsrc.to/embed/movie/72867
97785,94,f06VJSsh8II,https://vidsrc.to/embed/movie/61012
97836,105,fkgdeh_hzQs,https://vidsrc.to/embed/movie/87826
97858,116,Tv8oX82DByU,https://vidsrc.to/embed/movie/126797
97860,97,qZT98W6GZpA,https://vidsrc.to/embed/movie/64689
97866,99,dmmYc46nSHY,https://vidsrc.to/embed/movie/84287
97870,95,6T7vqxwuWEM,https://vidsrc.to/embed/movie/113947
97904,85,n1J1IKeqAoI,https://vidsrc.to/embed/movie/84341
97913,101,IFIbQSjTopM,https://vidsrc.to/embed/movie/82690
97923,138,WmjawuFvDu4,https://vidsrc.to/embed/movie/87502
97936,129,RxtsC_LZ9eI,https://vidsrc.to/embed/movie/96724
97938,127,j9Hjrs6WQ8M,https://vidsrc.to/embed/movie/87827
97950,96,ZBUpXKzmJww,https://vidsrc.to/embed/movie/97430
97988,85,ctkkn1qSYKw,https://vidsrc.to/embed/movie/123105
98061,129,a6xK4LV9TYU,https://vidsrc.to/embed/movie/98631
98083,85,bR26swEzZ84,https://vidsrc.to/embed/movie/65851
98122,103,GhaT78i1x2M,https://vidsrc.to/embed/movie/80215
98124,76,J0H7Du2txOE,https://vidsrc.to/embed/movie/123025
98154,150,nvP-ZrzA2lk,https://vidsrc.to/embed/movie/72976
98160,79,0_n9_UzNoso,https://vidsrc.to/embed/movie/135708
98175,93,I22Lqr9IRKY,https://vidsrc.to/embed/movie/73935
98203,115,bUXjqQ4GKRg,https://vidsrc.to/embed/movie/50620
98239,93,qtzL95vq3xQ,https://vidsrc.to/embed/movie/60747
98243,97,aPLiBxhoug0,https://vidsrc.to/embed/movie/81188
98279,100,LQ1CGSMoqfo,https://vidsrc.to/embed/movie/101519
98296,95,UqjlM_J93Yk,https://vidsrc.to/embed/movie/97614
98361,118,Ej2YBAuqvGk,https://vidsrc.to/embed/movie/102780
98499,97,MQSUruKozOY,https://vidsrc.to/embed/movie/19274
98503,97,vQgyu8JMsog,https://vidsrc.to/embed/movie/18867
98585,98,_Uw6fweoB8E,https://vidsrc.to/embed/movie/112336
98604,91,a0DIxdy8CZA,https://vidsrc.to/embed/movie/83389
98607,102,R2H_FsmxWzc,https://vidsrc.to/embed/movie/71883
98623,108,h-d_Jsu6834,https://vidsrc.to/embed/movie/25539
98633,96,,https://vidsrc.to/embed/movie/10044
98697,120,,https://vidsrc.to/embed/movie/34280
98799,85,,https://vidsrc.to/embed/movie/110392
98809,169,CXqZK-nbZ74,https://vidsrc.to/embed/movie/49051
98836,94,ic3rsg6mQlA,https://vidsrc.to/embed/movie/87504
98908,91,qC4gPYIMyhI,https://vidsrc.to/embed/movie/40722
99005,97,j9Auh9MI-Kw,https://vidsrc.to/embed/movie/139567
99007,98,07s-cNFffDM,https://vidsrc.to/embed/movie/82654
99030,93,xB5tLxkaoK8,https://vidsrc.to/embed/movie/83186
99087,106,musnXxhyxik,https://vidsrc.to/embed/movie/77875
99106,95,UAwiiGUCeLE,https://vidsrc.to/embed/movie/82687
99112,130,kAbxn_F8lps,https://vidsrc.to/embed/movie/75780
99117,134,2NvTjCELbrk,https://vidsrc.to/embed/movie/89492
99122,101,43rAACwFPRk,https://vidsrc.to/embed/movie/41153
99130,84,lEopHQHTLCs,https://vidsrc.to/embed/movie/44470
99145,113,PaY8EeUYh10,https://vidsrc.to/embed/movie/80278
99149,158,28sHoKcpugw,https://vidsrc.to/embed/movie/82695
99191,88,EgDSetDxR8A,https://vidsrc.to/embed/movie/16315
99415,104,sP-uO3B8ip0,https://vidsrc.to/embed/movie/88042
99437,99,_rvkyNABa78,https://vidsrc.to/embed/movie/75761
99574,106,vzEcZJSdW-4,https://vidsrc.to/embed/movie/133694
99636,134,8dWir9Q_Vek,https://vidsrc.to/embed/movie/118628
99638,112,vC5E4-LRrTk,https://vidsrc.to/embed/movie/38010
99721,92,Z0xYPG-gX0U,https://vidsrc.to/embed/movie/76617
99728,113,LlbN5cQKZik,https://vidsrc.to/embed/movie/82682
99813,78,dD2VyqyKvwg,https://vidsrc.to/embed/movie/142061
99853,76,byI0WG-lpzw,https://vidsrc.to/embed/movie/105538
99910,107,BS-FyAh9cv8,https://vidsrc.to/embed/movie/76640
99917,96,5U9KmAlrEXU,https://vidsrc.to/embed/movie/145197
99992,101,-jdSpJ0EtMk,https://vidsrc.to/embed/movie/84336
100068,84,slF4yFbS-NE,https://vidsrc.to/embed/movie/85872
100083,98,RrvFBjsglA4,https://vidsrc.to/embed/movie/87818
100106,131,SzrpPgnZ71o,https://vidsrc.to/embed/movie/128190
100159,88,RQLE6QWleCo,https://vidsrc.to/embed/movie/117974
100163,88,ErGy23X0B9Q,https://vidsrc.to/embed/movie/60304
100194,60,,https://vidsrc.to/embed/movie/146837
100226,88,RsmcVU4HdKg,https://vidsrc.to/embed/movie/118677
100277,120,HoelUhjVXas,https://vidsrc.to/embed/movie/93858
100302,104,6HUx8n91huU,https://vidsrc.to/embed/movie/58244
100304,86,t_jk3MBoQ-Y,https://vidsrc.to/embed/movie/162145
100306,75,IWwPIjN1wPg,https://vidsrc.to/embed/movie/18912
100326,95,kK0wWvROGAE,https://vidsrc.to/embed/movie/121824
100383,106,uhB5PdcB2OI,https://vidsrc.to/embed/movie/109421
100487,124,r9rjhB7KWEc,https://vidsrc.to/embed/movie/109491
100498,98,mXTImBrEKUc,https://vidsrc.to/embed/movie/47964
100507,93,SsXK2QH-cOE,https://vidsrc.to/embed/movie/107811
100556,159,cTozJLf-Px0,https://vidsrc.to/embed/movie/123678
100579,114,hHp5n5jhAqE,https://vidsrc.to/embed/movie/122857
100611,89,gkJXlIPPYe0,https://vidsrc.to/embed/movie/68179
100714,109,NRVLVPWzeek,https://vidsrc.to/embed/movie/132344
100737,112,gLqP1oOFSB4,https://vidsrc.to/embed/movie/134411
100810,97,K8iLp1xQtPQ,https://vidsrc.to/embed/movie/145135
100843,88,oMwUSipMzFA,https://vidsrc.to/embed/movie/130739
100882,110,g3JzljB3zQg,https://vidsrc.to/embed/movie/170657
100906,87,WoTGyCiCePs,https://vidsrc.to/embed/movie/28090
101025,114,xpkcEIsgGmU,https://vidsrc.to/embed/movie/81005
101070,98,neU-ycIOCWY,https://vidsrc.to/embed/movie/129112
101072,113,,https://vidsrc.to/embed/movie/59255
101076,110,2vAo4rJPqQ4,https://vidsrc.to/embed/movie/72559
101112,130,DylgNj4YQVc,https://vidsrc.to/embed/movie/68728
101360,96,LHrZxG9W3RI,https://vidsrc.to/embed/movie/158011
101362,120,ar-IaAx7s8k,https://vidsrc.to/embed/movie/117263
101423,55,asP9Fs2aNWs,https://vidsrc.to/embed/movie/55892
101525,140,KepnbJT5nBw,https://vidsrc.to/embed/movie/97367
101529,100,g30KBZ4m61Y,https://vidsrc.to/embed/movie/127867
101531,92,P2Mqjdlh9Yg,https://vidsrc.to/embed/movie/173153
101577,126,SRKjf8b4f2E,https://vidsrc.to/embed/movie/72710
101612,107,fclznaYtZEQ,https://vidsrc.to/embed/movie/144340
101739,91,ocisB70gHl8,https://vidsrc.to/embed/movie/109428
101741,101,976y9Xm6BkY,https://vidsrc.to/embed/movie/68727
101765,104,3-ykIh-9mJA,https://vidsrc.to/embed/movie/133698
101864,124,tx6_JMDFfWI,https://vidsrc.to/embed/movie/75612
101884,113,0ipC-bjnH4A,https://vidsrc.to/embed/movie/59963
101895,128,9d8h6OrPJ5A,https://vidsrc.to/embed/movie/109410
101973,116,EtTSyOlG3rg,https://vidsrc.to/embed/movie/127517
102007,83,h9KTDwT-MAA,https://vidsrc.to/embed/movie/13647
102025,79,CWLX-tegi18,https://vidsrc.to/embed/movie/42699
102033,130,YmAQoc-yVdk,https://vidsrc.to/embed/movie/134374
102058,38,BG-yJRb7vZQ,https://vidsrc.to/embed/movie/15257
102066,93,H0nYmo4pZOE,https://vidsrc.to/embed/movie/121606
102070,94,4e3izWdh9WM,https://vidsrc.to/embed/movie/84204
102084,77,dBh4HdaEE6A,https://vidsrc.to/embed/movie/76589
102123,106,kliQSsD_npo,https://vidsrc.to/embed/movie/109414
102165,92,8fqAU3kYKWA,https://vidsrc.to/embed/movie/174321
102194,130,DTEDfEhKwLo,https://vidsrc.to/embed/movie/103731
102217,74,,https://vidsrc.to/embed/movie/25117
102278,88,uADqhdOpDu0,https://vidsrc.to/embed/movie/165739
102378,90,H6GCDAcvuCs,https://vidsrc.to/embed/movie/72525
102407,143,l6yANES3TMM,https://vidsrc.to/embed/movie/64682
102445,132,RJ1qOs7jkIQ,https://vidsrc.to/embed/movie/54138
102481,119,G3W6IESxRKs,https://vidsrc.to/embed/movie/116741
102590,93,1gIvErj3uTU,https://vidsrc.to/embed/movie/16150
102602,92,d9PjkuE30vU,https://vidsrc.to/embed/movie/27861
102666,0,,https://vidsrc.to/embed/movie/20803
102684,89,XiSq-7QQDQg,https://vidsrc.to/embed/movie/77987
102686,100,96TelFMZwHc,https://vidsrc.to/embed/movie/109439
102716,130,-1ysq_lKovg,https://vidsrc.to/embed/movie/82992
102720,102,_KqNCnd8AN4,https://vidsrc.to/embed/movie/116711
102735,97,LD6UJ6hdT7g,https://vidsrc.to/embed/movie/197467
102742,551,-TPZ1sV3wD4,https://vidsrc.to/embed/movie/86282
102747,30,,https://vidsrc.to/embed/movie/2077
102749,88,,https://vidsrc.to/embed/movie/197481
102760,93,Ldm7DWBZQsg,https://vidsrc.to/embed/movie/42151
102800,86,YdxCnCvCngk,https://vidsrc.to/embed/movie/121986
102802,101,V3Z8Vr7N4OI,https://vidsrc.to/embed/movie/104755
102819,118,IeqViWgc7QE,https://vidsrc.to/embed/movie/119675
102823,288,,https://vidsrc.to/embed/movie/130824
102852,80,eS6R131MbL0,https://vidsrc.to/embed/movie/86843
102880,100,MKIXQdv4G7o,https://vidsrc.to/embed/movie/82700
102903,116,DaavRAV8a0A,https://vidsrc.to/embed/movie/75656
102984,93,,https://vidsrc.to/embed/movie/133463
102993,103,GiH5wmuexZY,https://vidsrc.to/embed/movie/147773
103027,109,A3XV8XfJA-Y,https://vidsrc.to/embed/movie/91739
103042,143,vGrBV1C4hgo,https://vidsrc.to/embed/movie/49521
103048,95,cLnAiVI4R2Q,https://vidsrc.to/embed/movie/156700
103075,85,A2bVeqhzuSs,https://vidsrc.to/embed/movie/158015
103085,85,9oaS_N1zsqo,https://vidsrc.to/embed/movie/174188
103107,89,2kgRq_pGN2g,https://vidsrc.to/embed/movie/159014
103137,90,NcE2fj-EtJY,https://vidsrc.to/embed/movie/96936
103141,104,xBzPioph8CI,https://vidsrc.to/embed/movie/62211
103171,110,ikVuR-zicfM,https://vidsrc.to/embed/movie/160085
103210,110,37Iofk7wNjE,https://vidsrc.to/embed/movie/80518
103219,89,R5IS6XSXQ_s,https://vidsrc.to/embed/movie/103620
103221,97,nSSB3ZxaYvM,https://vidsrc.to/embed/movie/120292
103228,131,hQAQxQop6Io,https://vidsrc.to/embed/movie/68726
103235,131,zJGleGyahC8,https://vidsrc.to/embed/movie/152742
103245,93,ioWyUonJWPs,https://vidsrc.to/embed/movie/53928
103249,116,TvRCQM2HrXs,https://vidsrc.to/embed/movie/72190
103253,109,oIBtePb-dGY,https://vidsrc.to/embed/movie/68724
103335,98,EK3j98PHaGM,https://vidsrc.to/embed/movie/93456
103339,131,aVzMUz3coio,https://vidsrc.to/embed/movie/117251
103366,100,8c77ONP5QnM,https://vidsrc.to/embed/movie/136418
103372,117,1O3iRdiplB0,https://vidsrc.to/embed/movie/136795
103384,149,LoVhgaj6PiE,https://vidsrc.to/embed/movie/57201
103449,101,iV6BzEAZTUY,https://vidsrc.to/embed/movie/109099
103483,96,8Rto5cyknzU,https://vidsrc.to/embed/movie/159117
103502,92,phrg6IzNJSg,https://vidsrc.to/embed/movie/136386
103539,95,0dCfbBwFI2Y,https://vidsrc.to/embed/movie/157386
103543,98,x92mfhWERew,https://vidsrc.to/embed/movie/157375
103596,87,ZX0213FumK0,https://vidsrc.to/embed/movie/205321
103602,81,pZk3hM8BoyM,https://vidsrc.to/embed/movie/178946
103606,97,hEYN-c8kR6A,https://vidsrc.to/embed/movie/111969
103609,98,113aS4qO2Co,https://vidsrc.to/embed/movie/30963
103624,82,vHkKUPHn8TE,https://vidsrc.to/embed/movie/157354
103655,96,nt59JjtWFSU,https://vidsrc.to/embed/movie/49524
103685,90,cRRvzjkzu2U,https://vidsrc.to/embed/movie/179111
103688,112,k10ETZ41q5o,https://vidsrc.to/embed/movie/138843
103755,96,VlRtm8Gh9PQ,https://vidsrc.to/embed/movie/77950
103772,126,DwG56k6VGOE,https://vidsrc.to/embed/movie/76170
103801,90,Dj9Q92s97Uc,https://vidsrc.to/embed/movie/172533
103810,116,56vPzBENK9Y,https://vidsrc.to/embed/movie/146216
103819,87,MagOLStZWvs,https://vidsrc.to/embed/movie/198062
103865,85,exPIwTobVhc,https://vidsrc.to/embed/movie/192126
103883,109,AK6EbfdnTHg,https://vidsrc.to/embed/movie/136400
103980,99,3UBv1S4Ajfs,https://vidsrc.to/embed/movie/160588
103984,142,koxRDhAQOpw,https://vidsrc.to/embed/movie/179144
104017,81,-Lg4_QaFm_c,https://vidsrc.to/embed/movie/58447
104069,58,KEtAfAa67TY,https://vidsrc.to/embed/movie/185574
104074,106,xg3znoE9m7I,https://vidsrc.to/embed/movie/76285
104076,105,W-yEIIMtwCA,https://vidsrc.to/embed/movie/77931
104078,90,5J4z-jjvNto,https://vidsrc.to/embed/movie/177699
104129,105,QTBpTHLqrD0,https://vidsrc.to/embed/movie/76544
104141,74,xOpJb3IhArY,https://vidsrc.to/embed/movie/21683
104211,110,O7NHfAzg7Yg,https://vidsrc.to/embed/movie/138832
104218,101,EClDbUb-bgc,https://vidsrc.to/embed/movie/109418
104241,103,1zcMLxIuuww,https://vidsrc.to/embed/movie/59859
104243,119,au2xw42-8IA,https://vidsrc.to/embed/movie/87421
104245,91,YRjztG65XgI,https://vidsrc.to/embed/movie/151960
104272,83,w2vG_Ifu4zg,https://vidsrc.to/embed/movie/158999
104283,126,q3kdZpeVbLM,https://vidsrc.to/embed/movie/149870
104303,129,uMlBzsObomo,https://vidsrc.to/embed/movie/115782
104339,93,EiCwrjV06fI,https://vidsrc.to/embed/movie/157360
104419,75,zGRCVWk8weQ,https://vidsrc.to/embed/movie/30061
104457,94,3ZKQU0YYkNw,https://vidsrc.to/embed/movie/83899
104644,50,,https://vidsrc.to/embed/movie/147129
104760,90,eBcVxXwFowI,https://vidsrc.to/embed/movie/146227
104780,50,,https://vidsrc.to/embed/movie/49802
104841,91,OiTiKOy59o4,https://vidsrc.to/embed/movie/49047
104863,98,-VJmjBYvc6Q,https://vidsrc.to/embed/movie/212716
104875,86,fZrDALCsKwI,https://vidsrc.to/embed/movie/115199
104879,153,yszyHq-S9W8,https://vidsrc.to/embed/movie/146233
104906,97,xQL8d5NTHlY,https://vidsrc.to/embed/movie/156711
104908,106,aEByNYajexQ,https://vidsrc.to/embed/movie/91586
104925,111,-SwDU04Oeak,https://vidsrc.to/embed/movie/112205
104944,96,LfwabBAwzJU,https://vidsrc.to/embed/movie/169813
105121,93,YadOlYY_3ko,https://vidsrc.to/embed/movie/121676
105197,115,YvW_DmfKfSk,https://vidsrc.to/embed/movie/129670
105211,93,lhQ3mmsACw8,https://vidsrc.to/embed/movie/209263
105246,131,dh3V-dFlmyk,https://vidsrc.to/embed/movie/157820
105254,99,IggigMRZLkw,https://vidsrc.to/embed/movie/157409
105325,84,dknb76qw0Oo,https://vidsrc.to/embed/movie/172828
105351,88,UFPqyNvNzvU,https://vidsrc.to/embed/movie/146238
105355,180,J_ekBcdPzIk,https://vidsrc.to/embed/movie/152584
105468,95,3QCJTbHU60U,https://vidsrc.to/embed/movie/109451
105504,134,TzU3UJuV80w,https://vidsrc.to/embed/movie/109424
105585,108,7fGKttdOWQE,https://vidsrc.to/embed/movie/106747
105593,97,tymWDB7gtK4,https://vidsrc.to/embed/movie/85889
105653,115,BrV-SXI6Nmo,https://vidsrc.to/embed/movie/107846
105731,101,szzw_SQlfpU,https://vidsrc.to/embed/movie/133805
105746,84,QMds3VvIIpE,https://vidsrc.to/embed/movie/173495
105755,117,sitiAk4WLQ8,https://vidsrc.to/embed/movie/109091
105801,90,66xbaiDwGj4,https://vidsrc.to/embed/movie/158752
105844,134,z02Ie8wKKRg,https://vidsrc.to/embed/movie/76203
105954,106,dPv7kzQs59A,https://vidsrc.to/embed/movie/152747
106002,114,KecVAykkfCM,https://vidsrc.to/embed/movie/80274
106062,92,_MSrAwfagG4,https://vidsrc.to/embed/movie/208134
106100,117,KDvPcBeOn8E,https://vidsrc.to/embed/movie/152532
106144,91,jrHcLLWCVI0,https://vidsrc.to/embed/movie/194101
106330,105,F9t9wAADUDI,https://vidsrc.to/embed/movie/137093
106438,98,a8WyFLsdtNw,https://vidsrc.to/embed/movie/205220
106441,131,38K6u_z5Gug,https://vidsrc.to/embed/movie/203833
106491,119,DEoDulGTElE,https://vidsrc.to/embed/movie/64686
106540,105,MaM0RzdeQmk,https://vidsrc.to/embed/movie/146239
106648,145,_zJKyadomrE,https://vidsrc.to/embed/movie/80662
106696,102,TbQm5doF_Uc,https://vidsrc.to/embed/movie/109445
106766,105,9JvHEDJEguY,https://vidsrc.to/embed/movie/86829
106782,180,Slj4-Sv-YNA,https://vidsrc.to/embed/movie/106646
106785,100,BjFTuZH7E2c,https://vidsrc.to/embed/movie/204082
106839,141,0a8DQcS26Vs,https://vidsrc.to/embed/movie/192136
106873,96,pwLw2hNNz2M,https://vidsrc.to/embed/movie/75629
106916,138,h5Cb4SFt7gE,https://vidsrc.to/embed/movie/168672
106918,114,Bp_cxxqOaPM,https://vidsrc.to/embed/movie/116745
106920,126,ne6p6MfLBxc,https://vidsrc.to/embed/movie/152601
106927,102,ZrbYRfDu3is,https://vidsrc.to/embed/movie/39260
107013,58,0dmbhaFaKTQ,https://vidsrc.to/embed/movie/45697
107069,121,0cPJ1ifjBDs,https://vidsrc.to/embed/movie/193756
107141,126,nijccxWvyXU,https://vidsrc.to/embed/movie/140823
107314,104,jfJDAlMgRK4,https://vidsrc.to/embed/movie/87516
107338,87,K4POzMIsKTc,https://vidsrc.to/embed/movie/209232
107348,119,6VdGI5-z_hg,https://vidsrc.to/embed/movie/109443
107406,127,3Np3v7xnNJk,https://vidsrc.to/embed/movie/110415
107408,92,,https://vidsrc.to/embed/movie/37129
107410,334,,https://vidsrc.to/embed/movie/20894
107412,0,,https://vidsrc.to/embed/movie/20878
107436,97,sClAdBHrZNg,https://vidsrc.to/embed/movie/166271
107447,83,ydK-aSFIoHw,https://vidsrc.to/embed/movie/158990
107449,43,UCsdnewPSZc,https://vidsrc.to/embed/movie/27190
107462,95,Dxmal-7WmyA,https://vidsrc.to/embed/movie/180894
107565,117,p7a1h0V1AhI,https://vidsrc.to/embed/movie/233063
107630,99,QP36NIUt0nQ,https://vidsrc.to/embed/movie/27584
107702,113,1bQSOBJCPQE,https://vidsrc.to/embed/movie/64807
107723,86,wvrT9boajOQ,https://vidsrc.to/embed/movie/13194
107771,123,pkeWhokaPPs,https://vidsrc.to/embed/movie/152603
107846,93,,https://vidsrc.to/embed/movie/13632
107951,107,3xnHUrlZgnw,https://vidsrc.to/embed/movie/204810
107953,85,MxGp3wHXtNE,https://vidsrc.to/embed/movie/126963
107962,83,tYgrQSYjsrQ,https://vidsrc.to/embed/movie/243531
107997,105,YFqzMt-PVp0,https://vidsrc.to/embed/movie/159128
107999,52,qd017xX0Y2E,https://vidsrc.to/embed/movie/39102
108078,117,cwA3R71nGgE,https://vidsrc.to/embed/movie/206408
108090,80,JyN86BcP3WY,https://vidsrc.to/embed/movie/39148
108156,99,SD4cQwr7n5Y,https://vidsrc.to/embed/movie/168530
108188,105,S8EaxDvZt4w,https://vidsrc.to/embed/movie/137094
108190,140,WI1Jqx47Uw8,https://vidsrc.to/embed/movie/157350
108601,113,1w5Q3_qGp1Y,https://vidsrc.to/embed/movie/137968
108689,92,NXc5epxOH_c,https://vidsrc.to/embed/movie/100241
108729,91,aVvgt3jIUsc,https://vidsrc.to/embed/movie/181886
108795,74,kIF-uZhCeIc,https://vidsrc.to/embed/movie/15359
108928,118,oBfMOmR4S9M,https://vidsrc.to/embed/movie/152760
108932,100,fZ_JOBCLF-I,https://vidsrc.to/embed/movie/137106
108945,118,_w_BPRUdmsQ,https://vidsrc.to/embed/movie/97020
108949,90,qe0OU2ZibFI,https://vidsrc.to/embed/movie/209247
109042,85,zyougFDZ7zU,https://vidsrc.to/embed/movie/74461
109183,91,um2Rvx_dawg,https://vidsrc.to/embed/movie/99367
109187,107,AQPLsCXtY9M,https://vidsrc.to/embed/movie/157834
109191,118,DBSj1MKwx6A,https://vidsrc.to/embed/movie/137321
109241,96,,https://vidsrc.to/embed/movie/146375
109282,76,CnI_L-liswg,https://vidsrc.to/embed/movie/103732
109295,90,80C3yttlDjU,https://vidsrc.to/embed/movie/210047
109313,105,,https://vidsrc.to/embed/movie/17684
109317,86,tOCDrc8Min4,https://vidsrc.to/embed/movie/249923
109372,100,LsPrbMigoOU,https://vidsrc.to/embed/movie/222899
109374,100,G1jG8HUY4zI,https://vidsrc.to/embed/movie/120467
109383,95,COpJwAeuWHo,https://vidsrc.to/embed/movie/84319
109416,102,X6ZQltG65sI,https://vidsrc.to/embed/movie/21474
109483,94,Mvr-NQrqF6I,https://vidsrc.to/embed/movie/225565
109487,169,LY19rHKAaAg,https://vidsrc.to/embed/movie/157336
109569,113,iVLRDwLv3kg,https://vidsrc.to/embed/movie/192102
109576,95,TBjKcuGI0kI,https://vidsrc.to/embed/movie/205724
109578,107,XSF6GPNXr9Y,https://vidsrc.to/embed/movie/225574
109596,89,kNfNx_2aAEk,https://vidsrc.to/embed/movie/85444
109633,46,FMabhvDoolc,https://vidsrc.to/embed/movie/198375
109673,102,bsoJaQ2gZh4,https://vidsrc.to/embed/movie/53182
109687,99,Rikc7foqvRI,https://vidsrc.to/embed/movie/202141
109723,108,FhxaFepjdLQ,https://vidsrc.to/embed/movie/242076
109846,92,aMl2tTVwsZA,https://vidsrc.to/embed/movie/82703
109848,108,J7bAZCOk0Sc,https://vidsrc.to/embed/movie/97370
109853,90,eoWlZmwt8ac,https://vidsrc.to/embed/movie/242042
109895,89,RDIiE56j-_w,https://vidsrc.to/embed/movie/209403
109897,138,-Hsl5UG9O_c,https://vidsrc.to/embed/movie/235260
109941,13,Gn-IGOy0N_4,https://vidsrc.to/embed/movie/83201
109968,130,wr03JVWdCks,https://vidsrc.to/embed/movie/134350
109971,98,,https://vidsrc.to/embed/movie/236737
110102,136,7SlILk2WMTI,https://vidsrc.to/embed/movie/100402
110281,89,8fsA0w2TxVA,https://vidsrc.to/embed/movie/53168
110286,93,dtyF9dRI7tc,https://vidsrc.to/embed/movie/155084
110297,107,Vcw2Aje5KU0,https://vidsrc.to/embed/movie/145220
110330,96,_e1RmjWqX1Y,https://vidsrc.to/embed/movie/119360
110350,75,R-RKqGaNq-Y,https://vidsrc.to/embed/movie/256561
110387,102,J-NSyMTpkYI,https://vidsrc.to/embed/movie/209799
110501,150,Eu6tk4l0Pj0,https://vidsrc.to/embed/movie/180299
110541,88,zQ4pC0cshFs,https://vidsrc.to/embed/movie/25706
110553,141,DlM2CWNTQ84,https://vidsrc.to/embed/movie/102382
110591,104,gA1dCfn8PBA,https://vidsrc.to/embed/movie/157547
110603,113,bMjo5f9eiX8,https://vidsrc.to/embed/movie/249660
110655,101,J9L06tdcG8A,https://vidsrc.to/embed/movie/172385
110669,90,KYaddaNQH5s,https://vidsrc.to/embed/movie/262481
110718,90,DuKoub-Sy9k,https://vidsrc.to/embed/movie/214030
110730,119,QheoYw1BKJ4,https://vidsrc.to/embed/movie/157353
110746,81,1SSEm5vzNBM,https://vidsrc.to/embed/movie/167575
110771,109,BlHMHLuJWbo,https://vidsrc.to/embed/movie/193610
110781,79,gWf2Cg00kD0,https://vidsrc.to/embed/movie/12242
110826,90,EhFZ4jAD_fU,https://vidsrc.to/embed/movie/254473
110882,85,TsBDYAYnQb0,https://vidsrc.to/embed/movie/210479
111113,97,VI18Jc2roqY,https://vidsrc.to/embed/movie/195589
111146,45,reqILL6saoA,https://vidsrc.to/embed/movie/258096
111320,98,Leb6Vnhbp1A,https://vidsrc.to/embed/movie/252680
111360,89,l7zAV_MDC68,https://vidsrc.to/embed/movie/240832
111362,132,gsjtg7m1MMM,https://vidsrc.to/embed/movie/127585
111364,123,oHKGx1pzczg,https://vidsrc.to/embed/movie/124905
111384,90,W0XGOxFnm9A,https://vidsrc.to/embed/movie/188166
111443,114,GO4gFillQOc,https://vidsrc.to/embed/movie/212778
111551,85,PtfSuXbPYUU,https://vidsrc.to/embed/movie/210947
111617,117,V6cKLTmDB-k,https://vidsrc.to/embed/movie/232672
111622,104,uTRCxOE7Xzc,https://vidsrc.to/embed/movie/198277
111659,97,LaArkjF7AnM,https://vidsrc.to/embed/movie/102651
111663,77,7onFrBK_hKE,https://vidsrc.to/embed/movie/254474
111680,101,aGKtJ0ZffLY,https://vidsrc.to/embed/movie/194722
111732,130,GMM5tZOsr3Q,https://vidsrc.to/embed/movie/137698
111743,116,gVfvGKol8Ns,https://vidsrc.to/embed/movie/188161
111759,114,eb8wTIcGLgQ,https://vidsrc.to/embed/movie/137113
111781,131,F-qBD17wwrQ,https://vidsrc.to/embed/movie/177677
111785,100,,https://vidsrc.to/embed/movie/20880
111795,124,lEtNIoPxcq8,https://vidsrc.to/embed/movie/198185
111800,93,l7hSNYcA7pE,https://vidsrc.to/embed/movie/174323
111817,118,981Ql4R2xC8,https://vidsrc.to/embed/movie/192133
111844,91,XNfeAHF3XQ8,https://vidsrc.to/embed/movie/255268
111913,91,apQY96cH5SM,https://vidsrc.to/embed/movie/248212
111921,126,3Ixw15DE-xY,https://vidsrc.to/embed/movie/222935
112006,6,ukS_OOX3S3M,https://vidsrc.to/embed/movie/82881
112070,112,ltwkZFB1HtM,https://vidsrc.to/embed/movie/157851
112138,112,qP755JkDxyM,https://vidsrc.to/embed/movie/187017
112171,132,BP_FwE0Z7no,https://vidsrc.to/embed/movie/156022
112290,165,oNC3NYWh1vI,https://vidsrc.to/embed/movie/85350
112303,105,N8b6kVSZNLE,https://vidsrc.to/embed/movie/184098
112316,134,6tC1yOUvvMo,https://vidsrc.to/embed/movie/209451
112326,91,JNBRum247m0,https://vidsrc.to/embed/movie/27460
112334,105,o-PT1AZSdHQ,https://vidsrc.to/embed/movie/250658
112370,165,S30VkLn5a2o,https://vidsrc.to/embed/movie/91314
112421,95,Wptv2iDdTZM,https://vidsrc.to/embed/movie/171372
112450,83,9a0GCGXJk40,https://vidsrc.to/embed/movie/180296
112454,96,Ph2dID8chxQ,https://vidsrc.to/embed/movie/186988
112460,83,,https://vidsrc.to/embed/movie/218836
112497,97,4B_GllcxpuI,https://vidsrc.to/embed/movie/226486
112512,127,5PRPSPCD4uQ,https://vidsrc.to/embed/movie/64246
112515,94,88DDAyYkvis,https://vidsrc.to/embed/movie/242224
112552,107,Q7kZy3T6vRM,https://vidsrc.to/embed/movie/244786
112556,149,2-_-1nJf8Vg,https://vidsrc.to/embed/movie/210577
112580,84,rTmvY11m_0E,https://vidsrc.to/embed/movie/152790
112623,130,DpSaTrW4leg,https://vidsrc.to/embed/movie/119450
112727,118,2RR42oZX3-U,https://vidsrc.to/embed/movie/184346
112749,94,hX5pXdUw8Is,https://vidsrc.to/embed/movie/253235
112788,94,sxl4aOyHSwo,https://vidsrc.to/embed/movie/225886
112804,106,sEGppIgwKf0,https://vidsrc.to/embed/movie/244267
112818,103,3mfRasMXmL4,https://vidsrc.to/embed/movie/238636
112852,121,3CqymRQ1uUU,https://vidsrc.to/embed/movie/118340
112868,97,uehQEldYkTs,https://vidsrc.to/embed/movie/242095
112897,126,KATn_m-AX9I,https://vidsrc.to/embed/movie/138103
113159,89,JjysgllBzHQ,https://vidsrc.to/embed/movie/244566
113186,105,3vGdCjpJ4Tg,https://vidsrc.to/embed/movie/209269
113225,98,nzcPdGxuewU,https://vidsrc.to/embed/movie/229297
113252,111,Ysde4KaFirk,https://vidsrc.to/embed/movie/253306
113275,122,_kgUXVQiJYs,https://vidsrc.to/embed/movie/228194
113278,76,-6abltUcric,https://vidsrc.to/embed/movie/242643
113280,93,ei3oedWt1Kw,https://vidsrc.to/embed/movie/192623
113313,77,F9uLLF29c1w,https://vidsrc.to/embed/movie/244610
113345,127,gQHKolIqBGs,https://vidsrc.to/embed/movie/76757
113348,101,dwXFsrp6WBs,https://vidsrc.to/embed/movie/98566
113350,93,E0tBBJVPh6c,https://vidsrc.to/embed/movie/273404
113378,97,fMUli947oIE,https://vidsrc.to/embed/movie/227156
113394,90,WhTA9Ru68iY,https://vidsrc.to/embed/movie/174337
113416,95,3c-YiIC5Bz4,https://vidsrc.to/embed/movie/286709
113453,104,Mx03VkB-TPE,https://vidsrc.to/embed/movie/193893
113532,96,G-O6OU03CSw,https://vidsrc.to/embed/movie/242022
113565,99,pdROBLUzXS8,https://vidsrc.to/embed/movie/211067
113573,102,XVjDcUCui0w,https://vidsrc.to/embed/movie/189
113705,95,0ppwJIRqFE0,https://vidsrc.to/embed/movie/221902
113741,89,YixSld-6PqM,https://vidsrc.to/embed/movie/220289
113780,93,lVGDpcNmZxs,https://vidsrc.to/embed/movie/256274
113829,91,y_Dk1QdNq4E,https://vidsrc.to/embed/movie/242090
113849,105,eC-DRJ_1x5A,https://vidsrc.to/embed/movie/88573
114028,120,LoDhhLgobt4,https://vidsrc.to/embed/movie/234200
114044,88,CFsrZjfQnp4,https://vidsrc.to/embed/movie/254191
114060,106,RJZtoAKDf_8,https://vidsrc.to/embed/movie/154400
114066,97,2DgvUSP3YHc,https://vidsrc.to/embed/movie/246400
114074,92,nhULZJDXLaE,https://vidsrc.to/embed/movie/244772
114126,90,hv2YiC__nvc,https://vidsrc.to/embed/movie/27286
114180,113,3b946aGm0zs,https://vidsrc.to/embed/movie/198663
114184,117,_1MDrwqjeGo,https://vidsrc.to/embed/movie/244506
114246,114,aTKBowDjMQg,https://vidsrc.to/embed/movie/169917
114265,100,4o8peGbqxeI,https://vidsrc.to/embed/movie/244264
114335,21,,https://vidsrc.to/embed/movie/32891
114396,102,q81a7KBEMVs,https://vidsrc.to/embed/movie/230779
114494,105,5vnjheCqRIs,https://vidsrc.to/embed/movie/284427
114554,137,iPm7HfO3mis,https://vidsrc.to/embed/movie/149871
114601,103,fH0cEP0mvlU,https://vidsrc.to/embed/movie/239678
114627,71,SqyVGzaQFpQ,https://vidsrc.to/embed/movie/15916
114662,133,iq7smHSQPho,https://vidsrc.to/embed/movie/190859
114670,102,BCQJnOn0ru0,https://vidsrc.to/embed/movie/246403
114678,114,iWFVAIbIkS4,https://vidsrc.to/embed/movie/254375
114713,99,xabuZwG3XyM,https://vidsrc.to/embed/movie/250546
114762,86,wc3QfS0beAM,https://vidsrc.to/embed/movie/286554
114795,92,BRhjwiglXvQ,https://vidsrc.to/embed/movie/49017
114818,94,0UHYYo2QALo,https://vidsrc.to/embed/movie/227300
114847,110,PDw_BVUVAQQ,https://vidsrc.to/embed/movie/262543
114925,112,MjQJQumFn94,https://vidsrc.to/embed/movie/244761
114935,98,xxG-YfedrfU,https://vidsrc.to/embed/movie/206487
115065,90,c9R9x9RfyGE,https://vidsrc.to/embed/movie/146381
115111,15,,https://vidsrc.to/embed/movie/48585
115122,86,WBly4AfHc3c,https://vidsrc.to/embed/movie/246741
115149,101,6r0s41Ju5XA,https://vidsrc.to/embed/movie/245891
115170,141,ZBvK6ni97W8,https://vidsrc.to/embed/movie/205587
115203,120,GRvo9QabEIg,https://vidsrc.to/embed/movie/295538
115210,135,09w9MTtZDEM,https://vidsrc.to/embed/movie/228150
115216,92,LwBS3a9HOWI,https://vidsrc.to/embed/movie/266285
115231,102,hAx6-bW7EuM,https://vidsrc.to/embed/movie/239563
115569,118,7uaYhPpV7G4,https://vidsrc.to/embed/movie/242582
115617,102,8IdMPpKMdcc,https://vidsrc.to/embed/movie/177572
115664,95,_i69CJc1BgE,https://vidsrc.to/embed/movie/228326
115680,104,7BzYpF24LpY,https://vidsrc.to/embed/movie/273271
115713,108,sDkEF7Db7Gw,https://vidsrc.to/embed/movie/264660
115727,106,qJdww5ck-TI,https://vidsrc.to/embed/movie/40081
115819,11,,https://vidsrc.to/embed/movie/234862
115828,98,wBMoqyFVaeY,https://vidsrc.to/embed/movie/251232
115877,5,gV-NRwLV2qU,https://vidsrc.to/embed/movie/116440
116044,93,f2lRqz0Urvs,https://vidsrc.to/embed/movie/55596
116169,117,,https://vidsrc.to/embed/movie/44092
116207,110,,https://vidsrc.to/embed/movie/185567
116411,87,WdHwowSRRcs,https://vidsrc.to/embed/movie/238628
116413,95,t0GHipa17o4,https://vidsrc.to/embed/movie/260001
116419,96,5Sy9OQBYlVk,https://vidsrc.to/embed/movie/256092
116505,78,,https://vidsrc.to/embed/movie/79723
116529,131,GXpLfi7B-t0,https://vidsrc.to/embed/movie/203793
116668,100,npcIxjIKFuQ,https://vidsrc.to/embed/movie/241842
116718,104,,https://vidsrc.to/embed/movie/37133
116724,109,v5H6wE47FrI,https://vidsrc.to/embed/movie/84111
116738,95,HZK6gZn38yQ,https://vidsrc.to/embed/movie/77067
116797,113,j2jRs4EAvWM,https://vidsrc.to/embed/movie/205596
116799,149,BTRMkQzFYHI,https://vidsrc.to/embed/movie/171274
116817,105,Xq6XgPSgzmA,https://vidsrc.to/embed/movie/244403
116823,123,IXshQ5mv1K8,https://vidsrc.to/embed/movie/131631
116849,90,q-lauONf9F4,https://vidsrc.to/embed/movie/295315
116887,150,6k8qeqZycgE,https://vidsrc.to/embed/movie/147441
116897,122,Utq0aDEp084,https://vidsrc.to/embed/movie/265195
116941,82,-nuo5QfemCE,https://vidsrc.to/embed/movie/17009
116963,88,Mjzqs6bStXQ,https://vidsrc.to/embed/movie/21811
116977,110,dmNddThxi4c,https://vidsrc.to/embed/movie/100042
116985,86,Qwu51SYfQQs,https://vidsrc.to/embed/movie/206821
117107,88,O1Qb3_7mauw,https://vidsrc.to/embed/movie/261037
117109,11,,https://vidsrc.to/embed/movie/301566
117133,103,T-XVN4-07sI,https://vidsrc.to/embed/movie/17808
117176,123,_EnhOKk7BxM,https://vidsrc.to/embed/movie/266856
117192,60,TWwYLlcPekA,https://vidsrc.to/embed/movie/282848
117364,100,PUFCtFtV3mE,https://vidsrc.to/embed/movie/263614
117466,122,VewQ4Yv6304,https://vidsrc.to/embed/movie/205775
117531,92,QOPLs_ogF-0,https://vidsrc.to/embed/movie/215032
117533,113,PX2uyP9QGjs,https://vidsrc.to/embed/movie/293310
117545,85,_Npe5FV_dTA,https://vidsrc.to/embed/movie/170522
117572,89,Mvx2J9XX138,https://vidsrc.to/embed/movie/294538
117590,108,utriEZFno0E,https://vidsrc.to/embed/movie/227159
117630,86,EVT1xh-tmcI,https://vidsrc.to/embed/movie/88107
117849,99,xB1HHt-gfa8,https://vidsrc.to/embed/movie/25518
117851,92,BjfID263ViI,https://vidsrc.to/embed/movie/270946
117867,99,kIYDNyEkJP4,https://vidsrc.to/embed/movie/252178
117877,100,0EQAeLo3MC8,https://vidsrc.to/embed/movie/75491
117881,101,oGN9b_KJb_8,https://vidsrc.to/embed/movie/284293
117887,95,7bZFr2IA0Bo,https://vidsrc.to/embed/movie/116149
117895,131,SDofO3P2HpE,https://vidsrc.to/embed/movie/294254
117922,26,,https://vidsrc.to/embed/movie/79218
118082,104,aKp-lDM5fus,https://vidsrc.to/embed/movie/244458
118166,88,uN8eris65VI,https://vidsrc.to/embed/movie/70966
118248,94,PUCggOyEmDA,https://vidsrc.to/embed/movie/297596
118290,84,aVrw1tFY4QQ,https://vidsrc.to/embed/movie/17135
118326,105,EzzHcrlWpig,https://vidsrc.to/embed/movie/270005
118512,90,OQ9-DEIKJy8,https://vidsrc.to/embed/movie/15261
118530,119,,https://vidsrc.to/embed/movie/42441
118572,103,PTPVJCp4mU4,https://vidsrc.to/embed/movie/253272
118696,144,Y6Fv5StfAxA,https://vidsrc.to/embed/movie/122917
118700,128,kPgs2zshD9Y,https://vidsrc.to/embed/movie/273895
118702,137,rGlsxVfCSyQ,https://vidsrc.to/embed/movie/227306
118706,115,Urrve_J9F_g,https://vidsrc.to/embed/movie/246080
118784,59,DCZ4U_eRn30,https://vidsrc.to/embed/movie/22285
118814,94,JlvyE_Rhzy8,https://vidsrc.to/embed/movie/277547
118834,94,hQH2-LRmnI8,https://vidsrc.to/embed/movie/24388
118862,112,_7tOgHYnvgE,https://vidsrc.to/embed/movie/137347
118880,101,2zyGQuEkDT8,https://vidsrc.to/embed/movie/252171
118888,58,,https://vidsrc.to/embed/movie/20147
118894,75,WtvQ6aD2mvY,https://vidsrc.to/embed/movie/32916
118896,138,PlZB2LLjzZY,https://vidsrc.to/embed/movie/265177
118900,115,xOPl8gKdmYE,https://vidsrc.to/embed/movie/228970
118924,102,jejCmmawzLY,https://vidsrc.to/embed/movie/284296
118930,80,eGC1cUyYXHo,https://vidsrc.to/embed/movie/308571
118985,106,lHDNhWUUhFY,https://vidsrc.to/embed/movie/87093
118997,125,sNVGDZHRJXM,https://vidsrc.to/embed/movie/224141
119068,116,_WCw2RgA8oY,https://vidsrc.to/embed/movie/243684
119141,112,BJu0KYd5-_M,https://vidsrc.to/embed/movie/228967
119153,68,,https://vidsrc.to/embed/movie/191489
119155,98,aXEtR6Hn_nA,https://vidsrc.to/embed/movie/181533
119167,82,nqbR5FmwAnE,https://vidsrc.to/embed/movie/51239
119714,90,Rfz8WXysf6A,https://vidsrc.to/embed/movie/298533
119964,82,TGkBu_qALpg,https://vidsrc.to/embed/movie/286532
120130,45,qXLSRH31Yao,https://vidsrc.to/embed/movie/92321
120138,153,,https://vidsrc.to/embed/movie/297222
120466,120,lyy7y0QOK-0,https://vidsrc.to/embed/movie/198184
120625,116,cy0CgeWWW1w,https://vidsrc.to/embed/movie/285700
120635,109,JuU0M2xBasc,https://vidsrc.to/embed/movie/260346
120761,80,,https://vidsrc.to/embed/movie/126644
120807,58,vKaijlTs2Ns,https://vidsrc.to/embed/movie/86705
120813,63,,https://vidsrc.to/embed/movie/27317
120827,105,,https://vidsrc.to/embed/movie/68352
120919,125,OJA6GRDNuIs,https://vidsrc.to/embed/movie/267573
121007,84,CIeFD_rW-2Q,https://vidsrc.to/embed/movie/14749
121099,74,S13zxIByQXg,https://vidsrc.to/embed/movie/13654
121129,86,_Qcf8TVX2zo,https://vidsrc.to/embed/movie/244688
121169,104,P-xIMBnclyA,https://vidsrc.to/embed/movie/250225
121231,101,zoNa1WH3GR8,https://vidsrc.to/embed/movie/270303
121253,85,ziRIF0kWOJs,https://vidsrc.to/embed/movie/287084
121338,91,,https://vidsrc.to/embed/movie/19254
121342,89,,https://vidsrc.to/embed/movie/26190
121374,55,,https://vidsrc.to/embed/movie/32836
121469,91,PmGmOc6HGmQ,https://vidsrc.to/embed/movie/14862
121715,75,,https://vidsrc.to/embed/movie/102517
121781,72,trBgCyZpaa4,https://vidsrc.to/embed/movie/30178
122092,101,6-tlAWY-Jz4,https://vidsrc.to/embed/movie/14407
122246,90,VoLDPTkEYIg,https://vidsrc.to/embed/movie/84575
122490,92,ho-0qtPDF0I,https://vidsrc.to/embed/movie/256740
122627,83,z2C9uolAOKM,https://vidsrc.to/embed/movie/80985
122882,121,MonFNCgK4WE,https://vidsrc.to/embed/movie/76341
122884,97,eiDph99MdZ4,https://vidsrc.to/embed/movie/280092
122886,136,sGbxmsDFVnE,https://vidsrc.to/embed/movie/140607
122888,125,gLJdzky63BA,https://vidsrc.to/embed/movie/271969
122890,123,65AjY_nRdqE,https://vidsrc.to/embed/movie/68735
122892,141,JAUoeqvedMo,https://vidsrc.to/embed/movie/99861
122896,129,jnVk2C2YrSA,https://vidsrc.to/embed/movie/166426
122898,120,PXrgvNXfN7M,https://vidsrc.to/embed/movie/141052
122900,117,cx3joJnXydc,https://vidsrc.to/embed/movie/102899
122902,100,AAgnQdiZFsQ,https://vidsrc.to/embed/movie/166424
122906,135,xjDjIWPwcPU,https://vidsrc.to/embed/movie/284054
122912,149,QwievZ1Tx-8,https://vidsrc.to/embed/movie/299536
122916,131,ue80QwXMRHg,https://vidsrc.to/embed/movie/284053
122918,137,wUn05hdkhjM,https://vidsrc.to/embed/movie/283995
122920,147,dKrVegVI0Us,https://vidsrc.to/embed/movie/271110
122924,144,Jer8XjMrUB4,https://vidsrc.to/embed/movie/246655
122932,97,TnORJy_2tzg,https://vidsrc.to/embed/movie/268171
123310,89,,https://vidsrc.to/embed/movie/36983
123553,85,CFZ0YAqjQh4,https://vidsrc.to/embed/movie/252360
123947,102,ZktUjO9Xles,https://vidsrc.to/embed/movie/284276
124273,200,1OLRLrV6xrE,https://vidsrc.to/embed/movie/48132
124404,86,pxY5nAMdm2U,https://vidsrc.to/embed/movie/85439
124484,90,tWL3yWXNauk,https://vidsrc.to/embed/movie/114735
124851,52,mBv7OhUCOeg,https://vidsrc.to/embed/movie/279828
124853,25,,https://vidsrc.to/embed/movie/72585
124859,111,7CFBu0EommA,https://vidsrc.to/embed/movie/284536
125221,81,Qn8qHh40-pI,https://vidsrc.to/embed/movie/108181
125914,107,Fi7SXfdfGtw,https://vidsrc.to/embed/movie/210860
125916,125,6FDTMRK7-24,https://vidsrc.to/embed/movie/216015
125970,84,YgUY4oBrdak,https://vidsrc.to/embed/movie/27850
125974,82,eJD_l_K1Asc,https://vidsrc.to/embed/movie/34560
126088,70,,https://vidsrc.to/embed/movie/48874
126090,11,,https://vidsrc.to/embed/movie/36129
126142,200,,https://vidsrc.to/embed/movie/159704
126420,94,QY_IOn0fsc0,https://vidsrc.to/embed/movie/250066
126426,142,,https://vidsrc.to/embed/movie/321130
126482,99,YSrJiaZnPuU,https://vidsrc.to/embed/movie/302429
126577,80,1i11wAnX38U,https://vidsrc.to/embed/movie/89247
126921,69,2yH6Rkgo9OE,https://vidsrc.to/embed/movie/9948
127052,95,hrvzSFKqifk,https://vidsrc.to/embed/movie/20875
127096,106,8Yih-CxTWsw,https://vidsrc.to/embed/movie/227719
127098,66,,https://vidsrc.to/embed/movie/321594
127108,111,IzgsaBGwap8,https://vidsrc.to/embed/movie/167073
127116,97,sngGqBOLWaI,https://vidsrc.to/embed/movie/309299
127132,103,4M9dvJv9rZQ,https://vidsrc.to/embed/movie/309503
127134,104,1NjYUr1k8rA,https://vidsrc.to/embed/movie/232572
127136,99,Y_NiP_bqlns,https://vidsrc.to/embed/movie/245706
127152,120,ixgd38EZIR0,https://vidsrc.to/embed/movie/318224
127164,101,z7jIOawq8y8,https://vidsrc.to/embed/movie/318044
127172,105,XqvJFseb5nI,https://vidsrc.to/embed/movie/194537
127184,131,_4yhW36jY8o,https://vidsrc.to/embed/movie/283330
127194,101,3PzB1Feeocw,https://vidsrc.to/embed/movie/308638
127198,103,jzm-SwQfYqo,https://vidsrc.to/embed/movie/308639
127212,122,7LviGTHud5w,https://vidsrc.to/embed/movie/308032
127298,101,iy8PWgf8lvg,https://vidsrc.to/embed/movie/110390
127319,103,THY7kzl3xQ8,https://vidsrc.to/embed/movie/72784
127323,96,QxAoLvmH7gQ,https://vidsrc.to/embed/movie/307663
128087,103,,https://vidsrc.to/embed/movie/102959
128089,72,,https://vidsrc.to/embed/movie/27866
128097,61,,https://vidsrc.to/embed/movie/216553
128197,95,,https://vidsrc.to/embed/movie/89292
128360,188,GRG7fAPksbg,https://vidsrc.to/embed/movie/273248
128366,71,,https://vidsrc.to/embed/movie/251016
128512,109,F1dDr4b36Mo,https://vidsrc.to/embed/movie/286565
128520,101,73ME8Zhw5QQ,https://vidsrc.to/embed/movie/252838
128542,98,oJoRHFn7QRw,https://vidsrc.to/embed/movie/290999
128592,91,MgbBwovOOoc,https://vidsrc.to/embed/movie/241251
128594,95,WNdW9TzxGrk,https://vidsrc.to/embed/movie/263105
128620,138,sqeWbhO8rXY,https://vidsrc.to/embed/movie/320007
128695,115,VsLnBQ4IyCc,https://vidsrc.to/embed/movie/248933
128736,32,Qow5_R0ab7w,https://vidsrc.to/embed/movie/37058
128838,119,vLWsNDZqXpo,https://vidsrc.to/embed/movie/201085
128842,97,ngLwnXEJCpA,https://vidsrc.to/embed/movie/300803
128852,65,,https://vidsrc.to/embed/movie/17870
128900,76,,https://vidsrc.to/embed/movie/195862
128902,112,,https://vidsrc.to/embed/movie/105554
128908,93,U89Xb9j6beo,https://vidsrc.to/embed/movie/117098
128968,63,dUr6plz3NHU,https://vidsrc.to/embed/movie/15567
128975,93,KKBMtjXexI0,https://vidsrc.to/embed/movie/243938
128991,5,,https://vidsrc.to/embed/movie/269711
129011,99,,https://vidsrc.to/embed/movie/13590
129229,97,nks4ADHm9BQ,https://vidsrc.to/embed/movie/286873
129250,99,PqwDB7N6ujA,https://vidsrc.to/embed/movie/325358
129313,87,Qr6D6Z7IAAg,https://vidsrc.to/embed/movie/179150
129333,95,NQSyv92xZJY,https://vidsrc.to/embed/movie/278632
129354,105,6vY9UPiI4eQ,https://vidsrc.to/embed/movie/256591
129397,12,,https://vidsrc.to/embed/movie/119569
129428,122,3REYWGRmLnQ,https://vidsrc.to/embed/movie/268238
129514,70,,https://vidsrc.to/embed/movie/13643
129657,94,obHGqI9AnP0,https://vidsrc.to/embed/movie/290764
129659,128,74eJaVQFybI,https://vidsrc.to/embed/movie/228203
129737,91,8yb9Dn2mnMg,https://vidsrc.to/embed/movie/239573
129779,58,yP7KAeqK2kM,https://vidsrc.to/embed/movie/196750
129937,114,plrh783KCqg,https://vidsrc.to/embed/movie/241554
130050,88,MCSYNT7Xrfs,https://vidsrc.to/embed/movie/279972
130052,99,PNtZu-3di38,https://vidsrc.to/embed/movie/112454
130073,105,n44EWI92Tc8,https://vidsrc.to/embed/movie/150689
130083,95,yuLt2TJckKY,https://vidsrc.to/embed/movie/228968
130087,99,9p47ez-7OIk,https://vidsrc.to/embed/movie/238215
130444,122,s3hr0sXT8qo,https://vidsrc.to/embed/movie/175774
130450,111,Y1wRv8vTpxo,https://vidsrc.to/embed/movie/266647
130452,97,LfFGwbr0AKI,https://vidsrc.to/embed/movie/252512
130482,99,,https://vidsrc.to/embed/movie/27036
130490,119,jfaqVegF2mo,https://vidsrc.to/embed/movie/262500
130498,100,,https://vidsrc.to/embed/movie/39385
130518,22,,https://vidsrc.to/embed/movie/213110
130520,94,Du4jTG7-93k,https://vidsrc.to/embed/movie/228161
130576,112,8UU_CC81aGM,https://vidsrc.to/embed/movie/245703
130578,115,Ug9xufczPVE,https://vidsrc.to/embed/movie/266396
130686,91,bwke66eJ4H8,https://vidsrc.to/embed/movie/293970
130840,110,jsDX-0Z67U4,https://vidsrc.to/embed/movie/241855
130970,74,,https://vidsrc.to/embed/movie/13015
130976,134,BRWyTgdWKZY,https://vidsrc.to/embed/movie/184155
130978,107,,https://vidsrc.to/embed/movie/32334
131013,100,aAn5NQO3GKk,https://vidsrc.to/embed/movie/257091
131023,97,6uaWekLrilY,https://vidsrc.to/embed/movie/305091
131098,83,KeAbUaTAUKs,https://vidsrc.to/embed/movie/238302
131104,115,D4dZ0dG1a_g,https://vidsrc.to/embed/movie/33436
131130,46,z4F7DmvR_cc,https://vidsrc.to/embed/movie/24696
131237,93,LXBkjw0wojk,https://vidsrc.to/embed/movie/35428
131439,90,MoApWLxwEr8,https://vidsrc.to/embed/movie/237756
131480,104,r5mt6FI7RT8,https://vidsrc.to/embed/movie/298093
131610,86,R8230LzdwMU,https://vidsrc.to/embed/movie/46836
131656,85,O_ZRKMaNIy0,https://vidsrc.to/embed/movie/263109
131714,115,QStraY8MdKk,https://vidsrc.to/embed/movie/308504
131739,80,ICOmWEVuM1U,https://vidsrc.to/embed/movie/321528
131749,93,,https://vidsrc.to/embed/movie/268523
131796,109,wu9JeTX6Sdw,https://vidsrc.to/embed/movie/304357
131826,71,9wJ-zm1aVZM,https://vidsrc.to/embed/movie/320996
131920,100,sE9so4izwuA,https://vidsrc.to/embed/movie/228108
131934,99,IJ4rF-g7mk0,https://vidsrc.to/embed/movie/30296
132046,130,lNzukD8pS_s,https://vidsrc.to/embed/movie/158852
132153,97,GpiaeI1Eez0,https://vidsrc.to/embed/movie/253303
132157,94,9caWuoYjFF4,https://vidsrc.to/embed/movie/256961
132335,91,cdWMxOAVHUE,https://vidsrc.to/embed/movie/270400
132362,116,bRYWHzTVkow,https://vidsrc.to/embed/movie/14572
132422,123,1T1oX1gZHnA,https://vidsrc.to/embed/movie/278316
132424,128,uEDb35R7na8,https://vidsrc.to/embed/movie/228205
132454,85,aR4zXRdh73I,https://vidsrc.to/embed/movie/254936
132462,86,2VdfP1aNKyA,https://vidsrc.to/embed/movie/313074
132488,100,LNHihFE8Osw,https://vidsrc.to/embed/movie/319389
132496,107,d2U-MnSv8aw,https://vidsrc.to/embed/movie/256924
132584,94,s33tlnR-J7M,https://vidsrc.to/embed/movie/50794
132618,90,Lm4tyQw2LhA,https://vidsrc.to/embed/movie/192712
132660,88,kLtSNWOao-M,https://vidsrc.to/embed/movie/332340
132796,114,F1ZewAPl7L0,https://vidsrc.to/embed/movie/254128
132800,87,r0KEe-hMsLg,https://vidsrc.to/embed/movie/284537
132888,70,,https://vidsrc.to/embed/movie/300302
133115,75,,https://vidsrc.to/embed/movie/268159
133195,96,giNpP8VBIN8,https://vidsrc.to/embed/movie/249070
133217,92,,https://vidsrc.to/embed/movie/335819
133365,98,lrxHZDwLWn0,https://vidsrc.to/embed/movie/306482
133377,110,usfgPPHTq3Y,https://vidsrc.to/embed/movie/301728
133419,115,OgPm-yaLoyo,https://vidsrc.to/embed/movie/254470
133645,118,Y6ekAV16RIs,https://vidsrc.to/embed/movie/258480
133712,0,,https://vidsrc.to/embed/movie/31139
133716,19,,https://vidsrc.to/embed/movie/42279
133771,119,LTNZmOJxuAc,https://vidsrc.to/embed/movie/254320
133780,111,cm49CH4qtSg,https://vidsrc.to/embed/movie/256057
133782,95,UgjrjR42Ado,https://vidsrc.to/embed/movie/287424
133798,87,eeMlkBkigIA,https://vidsrc.to/embed/movie/268920
133802,84,8oAs_t_Z260,https://vidsrc.to/embed/movie/223485
133832,100,aGGPTlrX_PE,https://vidsrc.to/embed/movie/171424
133867,98,IRvARVPpQ2s,https://vidsrc.to/embed/movie/248574
133879,97,,https://vidsrc.to/embed/movie/5061
134019,114,,https://vidsrc.to/embed/movie/47759
134021,98,9HimzZ6QG2o,https://vidsrc.to/embed/movie/259954
134041,0,,https://vidsrc.to/embed/movie/20870
134095,26,,https://vidsrc.to/embed/movie/104522
134109,98,QXdO1d8s3Vo,https://vidsrc.to/embed/movie/25936
134130,141,ej3ioOneTy8,https://vidsrc.to/embed/movie/286217
134158,95,KCXcbaYk7-o,https://vidsrc.to/embed/movie/333381
134170,32,5PwtSA1aKG4,https://vidsrc.to/embed/movie/251516
134184,122,V23ItIy4ma4,https://vidsrc.to/embed/movie/20963
134214,125,pSvgKy90t4Y,https://vidsrc.to/embed/movie/310593
134246,96,1lnEyZEoYJU,https://vidsrc.to/embed/movie/334074
134334,155,Im_lCAsA27Q,https://vidsrc.to/embed/movie/20359
134368,120,ltijEmlyqlg,https://vidsrc.to/embed/movie/238713
134393,125,YgkciW7ip4E,https://vidsrc.to/embed/movie/271718
134515,92,kXlkrchnDBM,https://vidsrc.to/embed/movie/17381
134524,98,6qbymj_yAfo,https://vidsrc.to/embed/movie/280276
134528,105,hZGP4AR46Eg,https://vidsrc.to/embed/movie/222936
134775,127,lwMlpp8GIAI,https://vidsrc.to/embed/movie/300168
134783,104,SGSE_XPF4_g,https://vidsrc.to/embed/movie/188222
134796,135,,https://vidsrc.to/embed/movie/321109
134808,98,uiD__NNZEZQ,https://vidsrc.to/embed/movie/343371
134847,88,,https://vidsrc.to/embed/movie/86541
134853,95,1HFv47QHWJU,https://vidsrc.to/embed/movie/150540
134859,89,5cPjBtGr4PQ,https://vidsrc.to/embed/movie/307931
134861,69,,https://vidsrc.to/embed/movie/250556
134881,120,Xne-_S34T1c,https://vidsrc.to/embed/movie/271714
135137,106,v5kTR1MGBuw,https://vidsrc.to/embed/movie/257344
135143,133,Vso5o11LuGU,https://vidsrc.to/embed/movie/259316
135198,106,,https://vidsrc.to/embed/movie/42293
135216,97,F3-Df7ROAxA,https://vidsrc.to/embed/movie/74849
135288,104,WhPPq9cmPCc,https://vidsrc.to/embed/movie/280996
135436,86,eWI_Jsw9qUs,https://vidsrc.to/embed/movie/328111
135456,160,Gf6YFrV7zes,https://vidsrc.to/embed/movie/18839
135518,117,Mc4sz6neHDs,https://vidsrc.to/embed/movie/238615
135532,106,QJDRdGxGw8U,https://vidsrc.to/embed/movie/274854
135534,98,h6cVyoMH4QE,https://vidsrc.to/embed/movie/287903
135536,122,m0Xb9BhfVjY,https://vidsrc.to/embed/movie/297761
135567,120,FrS7PThzR8s,https://vidsrc.to/embed/movie/47933
135569,122,NwpvjQKdpvI,https://vidsrc.to/embed/movie/188927
135777,150,A1-PEkuuWi8,https://vidsrc.to/embed/movie/19670
135787,100,tMFNsIrnP90,https://vidsrc.to/embed/movie/37588
135803,108,odviIO-03HQ,https://vidsrc.to/embed/movie/41378
135861,115,mSG3R_2Uisw,https://vidsrc.to/embed/movie/214756
135885,85,0CYVGN98ZLA,https://vidsrc.to/embed/movie/86828
135887,91,Wfql_DoHRKc,https://vidsrc.to/embed/movie/211672
135937,81,lErnYQKfzp0,https://vidsrc.to/embed/movie/10450
136012,91,8LcEMyaLhUg,https://vidsrc.to/embed/movie/36692
136016,93,daFnEiLEx70,https://vidsrc.to/embed/movie/105864
136018,123,R_F-lVhSfx8,https://vidsrc.to/embed/movie/261023
136020,148,z4UDNzXD3qA,https://vidsrc.to/embed/movie/206647
136024,91,,https://vidsrc.to/embed/movie/17922
136297,39,_5haWERmZFc,https://vidsrc.to/embed/movie/72886
136305,88,mAmYUt1-5Rg,https://vidsrc.to/embed/movie/331446
136341,74,_eCfQTHXvVM,https://vidsrc.to/embed/movie/16390
136353,74,b2g9SkMQg0o,https://vidsrc.to/embed/movie/12902
136355,81,B5mkK6hvPVA,https://vidsrc.to/embed/movie/119321
136359,49,,https://vidsrc.to/embed/movie/36972
136443,60,,https://vidsrc.to/embed/movie/20720
136445,60,,https://vidsrc.to/embed/movie/34509
136449,85,ZAK2PVKio0g,https://vidsrc.to/embed/movie/14092
136469,59,,https://vidsrc.to/embed/movie/261414
136471,89,ikHGAAsjils,https://vidsrc.to/embed/movie/74510
136503,74,,https://vidsrc.to/embed/movie/60293
136511,83,,https://vidsrc.to/embed/movie/300685
136540,83,0IL4Iu1U3ww,https://vidsrc.to/embed/movie/85860
136556,24,AXBKz66L25Y,https://vidsrc.to/embed/movie/81003
136562,122,9XEh7arNSms,https://vidsrc.to/embed/movie/321697
136564,113,017nWFKsshY,https://vidsrc.to/embed/movie/225728
136598,99,_FKPbgZ6un4,https://vidsrc.to/embed/movie/296099
136602,82,o2y8kKsxeII,https://vidsrc.to/embed/movie/250574
136654,100,ag_I15RBl-0,https://vidsrc.to/embed/movie/254024
136664,100,,https://vidsrc.to/embed/movie/324333
136666,93,8FJu4H7-OwE,https://vidsrc.to/embed/movie/239568
136778,95,91f2vHdkAKc,https://vidsrc.to/embed/movie/312796
136786,91,3ibgWtcvj5A,https://vidsrc.to/embed/movie/317744
136816,85,OIyriNPGDPQ,https://vidsrc.to/embed/movie/309887
136834,86,SHp8GUAf59k,https://vidsrc.to/embed/movie/33723
136840,101,Hbg69unPhrA,https://vidsrc.to/embed/movie/217412
136850,98,gKlz5jM2zw4,https://vidsrc.to/embed/movie/30341
136859,109,0sgAgzTmq0k,https://vidsrc.to/embed/movie/79698
136864,152,s9EkdAHqtvU,https://vidsrc.to/embed/movie/209112
136912,99,,https://vidsrc.to/embed/movie/128767
136958,92,7sflpMUErRI,https://vidsrc.to/embed/movie/44859
137218,100,n28bh8lHb_E,https://vidsrc.to/embed/movie/88673
137337,128,fq4oqmUs92U,https://vidsrc.to/embed/movie/331781
137345,112,7ZRnB4BNq6w,https://vidsrc.to/embed/movie/253622
137517,86,r18MuB-yv7U,https://vidsrc.to/embed/movie/29419
137595,115,oLoyU3xYwbs,https://vidsrc.to/embed/movie/264999
137857,106,YW97nCUE3ZA,https://vidsrc.to/embed/movie/278927
138186,91,n7YZ1FkRR0o,https://vidsrc.to/embed/movie/337879
138204,43,rpsMi3Q2fok,https://vidsrc.to/embed/movie/287689
138208,123,4W6byFcD5uE,https://vidsrc.to/embed/movie/285783
138210,144,Wpsqh73gB78,https://vidsrc.to/embed/movie/300671
138396,109,,https://vidsrc.to/embed/movie/158182
138546,96,fR4COuXHFdg,https://vidsrc.to/embed/movie/301748
138610,81,sceO71zQrVw,https://vidsrc.to/embed/movie/299245
138632,116,yE6uWRwZc2U,https://vidsrc.to/embed/movie/240566
138702,6,,https://vidsrc.to/embed/movie/293299
138798,107,XHm34jVpeIo,https://vidsrc.to/embed/movie/335970
138835,107,OVh58xKhT2s,https://vidsrc.to/embed/movie/49418
138966,47,v_UvG9ngKnM,https://vidsrc.to/embed/movie/60843
139052,113,pbQib4tE9Lo,https://vidsrc.to/embed/movie/182560
139157,151,,https://vidsrc.to/embed/movie/329134
139385,157,EhffABvfAW0,https://vidsrc.to/embed/movie/281957
139415,95,5Wf-ouBdYY8,https://vidsrc.to/embed/movie/282984
139511,108,_ucDY4hfvms,https://vidsrc.to/embed/movie/21784
139640,85,spcghvLHXdk,https://vidsrc.to/embed/movie/326215
139642,123,Mh2ebPxhoLs,https://vidsrc.to/embed/movie/307081
139644,122,Yfhu5JIxnZc,https://vidsrc.to/embed/movie/273481
139655,100,HCjApb9EDcg,https://vidsrc.to/embed/movie/284303
139717,91,DMKEcButRNo,https://vidsrc.to/embed/movie/346592
139747,95,VrNwcGVGrBw,https://vidsrc.to/embed/movie/283350
139855,91,WQkHA3fHk_0,https://vidsrc.to/embed/movie/291270
139857,106,SiVAGDTmlpY,https://vidsrc.to/embed/movie/318781
139859,57,mv_bOdNbVNo,https://vidsrc.to/embed/movie/212168
139994,88,,https://vidsrc.to/embed/movie/30459
140016,91,7V632s1VOBY,https://vidsrc.to/embed/movie/329289
140038,100,nm-0XQVtBqU,https://vidsrc.to/embed/movie/11441
140110,121,f6dKhzYgksc,https://vidsrc.to/embed/movie/257211
140162,134,mR4JLD84RBo,https://vidsrc.to/embed/movie/292431
140174,118,yfBdUPAjiVQ,https://vidsrc.to/embed/movie/264644
140237,90,sG3YXUBoroM,https://vidsrc.to/embed/movie/277546
140247,108,5syic-DKYZc,https://vidsrc.to/embed/movie/328425
140265,59,,https://vidsrc.to/embed/movie/25161
140267,92,97OQ7MQC5Ck,https://vidsrc.to/embed/movie/310131
140289,104,v8DqgXTWtGQ,https://vidsrc.to/embed/movie/296313
140301,88,O0Vvy5RI8WU,https://vidsrc.to/embed/movie/351964
140359,62,5YyNly0uEmA,https://vidsrc.to/embed/movie/281979
140523,94,oUmYRfjfL7k,https://vidsrc.to/embed/movie/298312
140525,111,NODxOb3hgag,https://vidsrc.to/embed/movie/290751
140541,9,rzdgAc8TR5o,https://vidsrc.to/embed/movie/143634
140561,51,,https://vidsrc.to/embed/movie/343295
140627,110,tsfOuqMOmDk,https://vidsrc.to/embed/movie/332270
140711,96,sSgzIJbKNz8,https://vidsrc.to/embed/movie/261392
140715,147,-F5WcFPDzko,https://vidsrc.to/embed/movie/277216
140725,88,MBK_9GlVlc0,https://vidsrc.to/embed/movie/310133
140816,87,aA6r2jbzEMI,https://vidsrc.to/embed/movie/308084
140850,93,6QT0zKjvRfE,https://vidsrc.to/embed/movie/258284
140928,124,GVzSZFz7jF8,https://vidsrc.to/embed/movie/274479
140956,140,1hrwbc5qCZ4,https://vidsrc.to/embed/movie/333339
141004,110,cvESrJ5GdHc,https://vidsrc.to/embed/movie/228066
141131,89,uyZSbTDG1TU,https://vidsrc.to/embed/movie/354556
141400,106,Bb8s4irJiBk,https://vidsrc.to/embed/movie/48297
141408,93,hKrAyaadZLg,https://vidsrc.to/embed/movie/273477
141422,106,Y4jBXQM7mIk,https://vidsrc.to/embed/movie/245168
141513,95,B5SL2-AZ2aU,https://vidsrc.to/embed/movie/253255
141646,88,,https://vidsrc.to/embed/movie/287241
141668,120,mIl-XY9t_Lw,https://vidsrc.to/embed/movie/323272
141688,132,3pHZpqu8fes,https://vidsrc.to/embed/movie/276907
141718,86,qz3kt1gh0OE,https://vidsrc.to/embed/movie/323373
141749,119,v3qEphMRGIc,https://vidsrc.to/embed/movie/306819
141799,88,S8xQLN181kY,https://vidsrc.to/embed/movie/241843
141810,89,rtVOC8xyNic,https://vidsrc.to/embed/movie/27924
141818,137,,https://vidsrc.to/embed/movie/27935
141830,102,,https://vidsrc.to/embed/movie/57778
141836,92,,https://vidsrc.to/embed/movie/42275
141844,161,,https://vidsrc.to/embed/movie/31648
141846,129,SrlPyKxdMX4,https://vidsrc.to/embed/movie/324308
141866,95,T_Tklsuiako,https://vidsrc.to/embed/movie/313922
141890,137,2xb9Ty-1frw,https://vidsrc.to/embed/movie/283587
141928,84,vI8VF5sUGQ0,https://vidsrc.to/embed/movie/317981
141994,79,z5-yA66kaVc,https://vidsrc.to/embed/movie/295884
142020,85,,https://vidsrc.to/embed/movie/2798
142056,71,cr-cyTGtzy8,https://vidsrc.to/embed/movie/230896
142074,99,1vGZWY5MFY0,https://vidsrc.to/embed/movie/263472
142196,86,wli8A3ljrQw,https://vidsrc.to/embed/movie/32285
142222,101,3UnSXelOJo0,https://vidsrc.to/embed/movie/303991
142366,59,G0AduCtrKVE,https://vidsrc.to/embed/movie/327389
142372,107,BLZo_ILZhfk,https://vidsrc.to/embed/movie/10317
142420,119,9LG801J-fnE,https://vidsrc.to/embed/movie/254302
142422,101,RI5diat7M7Q,https://vidsrc.to/embed/movie/296100
142424,101,_TRSvK-Omwc,https://vidsrc.to/embed/movie/334538
142444,95,d7zoICSi1-I,https://vidsrc.to/embed/movie/285840
142448,121,5CKZwKpV06U,https://vidsrc.to/embed/movie/253412
142456,114,DbovUX9W8ug,https://vidsrc.to/embed/movie/330764
142488,129,WgnrwwiIDlI,https://vidsrc.to/embed/movie/314365
142507,115,YpHXBKvmmKo,https://vidsrc.to/embed/movie/245698
142509,97,4JVgQzBG5Ho,https://vidsrc.to/embed/movie/325348
142536,100,ZtQq3MKv4W4,https://vidsrc.to/embed/movie/295964
142550,125,u1NFyrOtsbA,https://vidsrc.to/embed/movie/315841
142558,105,,https://vidsrc.to/embed/movie/18303
142598,87,3p0KIrh8hyM,https://vidsrc.to/embed/movie/296065
142602,115,,https://vidsrc.to/embed/movie/329263
142831,142,qc5yaw9zcS8,https://vidsrc.to/embed/movie/19636
142961,123,,https://vidsrc.to/embed/movie/277967
142997,89,65YG3cGGj5A,https://vidsrc.to/embed/movie/159824
143001,116,YGpxFjDoQwU,https://vidsrc.to/embed/movie/330206
143031,84,kFtKUzFVg-k,https://vidsrc.to/embed/movie/13968
143245,106,ihi491RQo5A,https://vidsrc.to/embed/movie/309809
143255,96,e8esvhj-R8c,https://vidsrc.to/embed/movie/301228
143257,102,J4QAQVWvFcE,https://vidsrc.to/embed/movie/330112
143355,141,VSB4wGIdDwo,https://vidsrc.to/embed/movie/297762
143365,110,QUlr8Am4zQ0,https://vidsrc.to/embed/movie/339988
143385,141,owhBnicLZt4,https://vidsrc.to/embed/movie/296098
143410,120,168LvOIoUUw,https://vidsrc.to/embed/movie/316042
143458,104,w51kUGnkM3E,https://vidsrc.to/embed/movie/273197
143472,94,T7hIqnKsuQk,https://vidsrc.to/embed/movie/244316
143511,191,0-Retnj3TsA,https://vidsrc.to/embed/movie/359364
143525,106,92n88iB5QAY,https://vidsrc.to/embed/movie/319996
143559,86,1DINtpjYnkw,https://vidsrc.to/embed/movie/323792
143859,106,vMUUKtF_BF0,https://vidsrc.to/embed/movie/270487
143896,110,,https://vidsrc.to/embed/movie/319073
143969,116,,https://vidsrc.to/embed/movie/318917
144210,75,zkASAZGIuu0,https://vidsrc.to/embed/movie/259985
144222,87,6o7YvfPdHqw,https://vidsrc.to/embed/movie/230211
144262,96,UYNusXkYo6g,https://vidsrc.to/embed/movie/333287
144352,135,U5-503ia7nU,https://vidsrc.to/embed/movie/141819
144478,110,,https://vidsrc.to/embed/movie/211005
144522,122,,https://vidsrc.to/embed/movie/5846
144620,103,dr8hmqAgbtg,https://vidsrc.to/embed/movie/257445
144714,100,CikoxQ4ytI4,https://vidsrc.to/embed/movie/304372
144716,100,HOV14l58Ekg,https://vidsrc.to/embed/movie/253414
144976,133,4KNWbfRDEv8,https://vidsrc.to/embed/movie/294963
145080,73,j4IDwG_FMpM,https://vidsrc.to/embed/movie/329020
145150,118,uPCyjqGH914,https://vidsrc.to/embed/movie/298382
145283,106,eDgRMdT1QVI,https://vidsrc.to/embed/movie/291343
145418,124,jLuxQhdUqLY,https://vidsrc.to/embed/movie/294016
145491,89,eXYxDpR_x18,https://vidsrc.to/embed/movie/34729
145724,86,,https://vidsrc.to/embed/movie/74836
145745,90,,https://vidsrc.to/embed/movie/268788
145839,123,oYGt8Cy_nUc,https://vidsrc.to/embed/movie/321741
145935,88,,https://vidsrc.to/embed/movie/227973
145951,100,4WBjZPH0FDA,https://vidsrc.to/embed/movie/36693
145994,90,,https://vidsrc.to/embed/movie/27940
146028,74,,https://vidsrc.to/embed/movie/84254
146210,90,vGVPutY2JsE,https://vidsrc.to/embed/movie/288171
146244,179,BdhPleFcEJ0,https://vidsrc.to/embed/movie/13986
146309,119,a1oM-9ND3WA,https://vidsrc.to/embed/movie/315465
146662,22,hXT5yAthfQM,https://vidsrc.to/embed/movie/91417
146682,90,1txduZwL2Yg,https://vidsrc.to/embed/movie/324325
146688,101,kEu7BS8IsuA,https://vidsrc.to/embed/movie/339527
146730,95,fpp5m6c0-jc,https://vidsrc.to/embed/movie/360203
146986,95,,https://vidsrc.to/embed/movie/53179
147002,109,A0Xpq2WKBxw,https://vidsrc.to/embed/movie/39850
147142,103,m9AVJneYFSg,https://vidsrc.to/embed/movie/19100
147196,96,,https://vidsrc.to/embed/movie/20975
147282,95,,https://vidsrc.to/embed/movie/83456
147286,151,,https://vidsrc.to/embed/movie/127608
147300,149,,https://vidsrc.to/embed/movie/270393
147326,63,,https://vidsrc.to/embed/movie/126846
147372,57,kAJqeMOJCsg,https://vidsrc.to/embed/movie/317182
147374,59,Nz3grrD4t3Y,https://vidsrc.to/embed/movie/315623
147376,62,4bEOrsJkijE,https://vidsrc.to/embed/movie/315620
147378,59,LHBdNoWV3Ls,https://vidsrc.to/embed/movie/282963
147380,60,EhMbWeIqUFc,https://vidsrc.to/embed/movie/317190
147382,72,BUE-QAvk58o,https://vidsrc.to/embed/movie/335209
147384,60,kDI__5ExTu4,https://vidsrc.to/embed/movie/282758
147410,106,I7-c66mbzXA,https://vidsrc.to/embed/movie/321751
147657,92,fTLCUuDg1B8,https://vidsrc.to/embed/movie/63441
147936,103,,https://vidsrc.to/embed/movie/104515
148166,81,hgAvkXH4dmI,https://vidsrc.to/embed/movie/339751
148172,112,kmxLybfGNC4,https://vidsrc.to/embed/movie/299687
148238,56,1W4RhZzNBMA,https://vidsrc.to/embed/movie/364067
148424,127,FEbeUK4EAbM,https://vidsrc.to/embed/movie/340275
148482,125,3-9Y1kQYj5Q,https://vidsrc.to/embed/movie/300693
148592,85,,https://vidsrc.to/embed/movie/323656
148626,131,1kQc3mmtH-o,https://vidsrc.to/embed/movie/318846
148632,91,,https://vidsrc.to/embed/movie/333088
148652,119,qUp7Qgimn38,https://vidsrc.to/embed/movie/347969
148667,62,V-xUD7pmh5I,https://vidsrc.to/embed/movie/367735
148671,10,Py13jdAhR-k,https://vidsrc.to/embed/movie/246355
148709,93,jZWccH3UFlI,https://vidsrc.to/embed/movie/237584
148775,94,GRizB__8zHk,https://vidsrc.to/embed/movie/26736
148881,17,XdV1uFwtCpo,https://vidsrc.to/embed/movie/303867
148888,100,4CL4LNWHegk,https://vidsrc.to/embed/movie/329833
148978,88,0O7b4nTRy2A,https://vidsrc.to/embed/movie/201223
148982,95,YSAmUDlUUhQ,https://vidsrc.to/embed/movie/26702
149011,99,7apn63fyu_A,https://vidsrc.to/embed/movie/279690
149144,109,dcVuEbnq-8Y,https://vidsrc.to/embed/movie/282069
149146,117,6WsrsXJle5U,https://vidsrc.to/embed/movie/282070
149330,26,,https://vidsrc.to/embed/movie/125464
149334,116,SI45fDplBpw,https://vidsrc.to/embed/movie/340666
149350,105,J47OSRORyk4,https://vidsrc.to/embed/movie/356486
149352,96,arhMMJx7tCU,https://vidsrc.to/embed/movie/274167
149354,118,vRnhEjP3R-c,https://vidsrc.to/embed/movie/266294
149380,84,ihdCdGR6s-E,https://vidsrc.to/embed/movie/362886
149406,95,yqN7nHM1YTA,https://vidsrc.to/embed/movie/140300
149508,114,2HTxk13yP3M,https://vidsrc.to/embed/movie/92499
149566,103,_V7BZy-dCyc,https://vidsrc.to/embed/movie/102051
149590,80,qRq0crHd1e8,https://vidsrc.to/embed/movie/344041
149612,96,KA-yuXSJQYo,https://vidsrc.to/embed/movie/256687
149830,108,y5N7OyoTCXg,https://vidsrc.to/embed/movie/58431
149902,92,btT2DdJ2BSQ,https://vidsrc.to/embed/movie/302026
150254,80,XpRnCZQWqDU,https://vidsrc.to/embed/movie/354216
150401,80,HmBnZpC-ri4,https://vidsrc.to/embed/movie/325173
150554,88,W6iTSq0lqKk,https://vidsrc.to/embed/movie/32643
150596,60,J-L-ByHzto0,https://vidsrc.to/embed/movie/371759
150604,107,wRoMpeUGZ9I,https://vidsrc.to/embed/movie/272548
150696,118,F16SUg83Tlg,https://vidsrc.to/embed/movie/371492
150993,94,dbUkcx2htEk,https://vidsrc.to/embed/movie/284514
151311,88,8C7OewoxnKI,https://vidsrc.to/embed/movie/326094
151315,102,Eh0w35EiG_I,https://vidsrc.to/embed/movie/323675
151317,99,nAoEoWrOe8g,https://vidsrc.to/embed/movie/312669
151455,106,hyzQjVUmIxk,https://vidsrc.to/embed/movie/319888
151479,88,,https://vidsrc.to/embed/movie/222619
151501,102,su72UDDUPko,https://vidsrc.to/embed/movie/331962
151653,108,N8JTK6P2MEM,https://vidsrc.to/embed/movie/340255
151687,107,X_GekaqndMI,https://vidsrc.to/embed/movie/335778
151695,104,aH66dngiW0Y,https://vidsrc.to/embed/movie/329004
151739,102,skl7gYRZHwE,https://vidsrc.to/embed/movie/291870
151745,81,dUJW7BubKL4,https://vidsrc.to/embed/movie/21266
151759,73,zI_Ik7OppEI,https://vidsrc.to/embed/movie/333377
151769,17,,https://vidsrc.to/embed/movie/77294
151777,117,,https://vidsrc.to/embed/movie/300673
151781,105,JFwwv8FvLgU,https://vidsrc.to/embed/movie/18874
152037,130,7gZWGRD0Glg,https://vidsrc.to/embed/movie/348089
152065,125,4ff7TcnqHUc,https://vidsrc.to/embed/movie/336808
152071,134,UZTexap1KtU,https://vidsrc.to/embed/movie/323677
152077,104,yQy-ANhnUpE,https://vidsrc.to/embed/movie/333371
152079,99,oQhX4JxGHtw,https://vidsrc.to/embed/movie/267860
152081,109,jWM0ct-OLsM,https://vidsrc.to/embed/movie/269149
152083,112,dxAcIWDi8ps,https://vidsrc.to/embed/movie/279641
152085,88,HlvgZfPUlqc,https://vidsrc.to/embed/movie/258363
152105,95,I773m9D4wgo,https://vidsrc.to/embed/movie/20051
152270,100,15GR_v9s2fw,https://vidsrc.to/embed/movie/330348
152372,89,jIhXXOjGXUA,https://vidsrc.to/embed/movie/354251
152591,105,klg-nxejrp8,https://vidsrc.to/embed/movie/365222
152658,91,9g0v6osrKJA,https://vidsrc.to/embed/movie/353609
152711,56,,https://vidsrc.to/embed/movie/148184
152970,101,tICv8QH3oM0,https://vidsrc.to/embed/movie/371645
153070,43,drjQfQtv2BQ,https://vidsrc.to/embed/movie/44351
153236,102,4AlCRIoVzLQ,https://vidsrc.to/embed/movie/40123
153386,85,,https://vidsrc.to/embed/movie/46632
153408,86,,https://vidsrc.to/embed/movie/16403
154065,100,rRWlV_bhI9w,https://vidsrc.to/embed/movie/332721
154358,90,79IUKC9gS-8,https://vidsrc.to/embed/movie/334495
154975,84,ch0HsuYu_TI,https://vidsrc.to/embed/movie/383809
155064,118,rzH7Jc83eQI,https://vidsrc.to/embed/movie/301365
155168,95,iHDCE1BISYY,https://vidsrc.to/embed/movie/140554
155288,102,jGOdNUGLfRI,https://vidsrc.to/embed/movie/333352
155358,103,,https://vidsrc.to/embed/movie/359025
155509,95,5dSDOlC-MoM,https://vidsrc.to/embed/movie/333385
155589,97,,https://vidsrc.to/embed/movie/55495
155659,110,9rRVCNffvKk,https://vidsrc.to/embed/movie/315664
155743,94,JQ-1Ts3BChM,https://vidsrc.to/embed/movie/302688
155774,101,84cSaJqtyD4,https://vidsrc.to/embed/movie/314029
156025,25,74tcmiPJt_o,https://vidsrc.to/embed/movie/387893
156371,117,8WAulKwKHbY,https://vidsrc.to/embed/movie/295699
156387,105,oJyR3Atf5q8,https://vidsrc.to/embed/movie/369557
156553,93,,https://vidsrc.to/embed/movie/351065
156605,118,E8_L9kqie7s,https://vidsrc.to/embed/movie/370755
156607,114,V9cPxenX1-0,https://vidsrc.to/embed/movie/290595
156609,92,uldqs2kW25g,https://vidsrc.to/embed/movie/325133
156675,97,8FahVdbu7UM,https://vidsrc.to/embed/movie/29398
156706,93,AruOw2UUq8E,https://vidsrc.to/embed/movie/301608
156726,82,asCMNUPggf4,https://vidsrc.to/embed/movie/376570
156781,90,,https://vidsrc.to/embed/movie/24784
156783,113,,https://vidsrc.to/embed/movie/49381
157108,86,orHfgnsJWd4,https://vidsrc.to/embed/movie/1659
157110,92,xU-JHUI5xok,https://vidsrc.to/embed/movie/1652
157122,108,NP0lUqNAw3k,https://vidsrc.to/embed/movie/353326
157172,79,,https://vidsrc.to/embed/movie/7237
157200,99,xT3SLHlnEUI,https://vidsrc.to/embed/movie/303858
157270,111,l2vPDGStL4k,https://vidsrc.to/embed/movie/326423
157296,97,NQu-153MnGQ,https://vidsrc.to/embed/movie/127380
157312,91,V8GAMZqJqjs,https://vidsrc.to/embed/movie/323676
157340,97,Hksyh33N5dg,https://vidsrc.to/embed/movie/153518
157369,119,AjuyrRTqfkE,https://vidsrc.to/embed/movie/327536
157407,92,bLSGiaLz_sg,https://vidsrc.to/embed/movie/332411
157432,99,NWnrow_02mA,https://vidsrc.to/embed/movie/384737
157699,135,QlSAiI3xMh4,https://vidsrc.to/embed/movie/302401
157865,94,SNTaFzXlP8E,https://vidsrc.to/embed/movie/234004
158022,85,PX2OcqBFKJ8,https://vidsrc.to/embed/movie/386891
158027,117,,https://vidsrc.to/embed/movie/380254
158035,110,,https://vidsrc.to/embed/movie/245917
158238,116,GQR5zsLHbYw,https://vidsrc.to/embed/movie/290250
158254,100,NkfKechADow,https://vidsrc.to/embed/movie/383121
158398,17,,https://vidsrc.to/embed/movie/44238
158402,138,,https://vidsrc.to/embed/movie/380111
158528,86,EgdxIlSuB70,https://vidsrc.to/embed/movie/332567
158721,114,,https://vidsrc.to/embed/movie/13099
158783,145,wYsdzNIcJNc,https://vidsrc.to/embed/movie/290098
158813,113,anvGUW-vsLE,https://vidsrc.to/embed/movie/241259
158830,117,Y6ZbRD1T7uI,https://vidsrc.to/embed/movie/267935
158842,99,Rld_9l7t_nQ,https://vidsrc.to/embed/movie/359871
158872,89,GAJrBPUVDJM,https://vidsrc.to/embed/movie/223702
158874,85,q60-2qZaDNk,https://vidsrc.to/embed/movie/13125
158882,84,,https://vidsrc.to/embed/movie/387398
158956,99,4TlxF6S4uoY,https://vidsrc.to/embed/movie/384798
158966,119,w5jeBvjcJe4,https://vidsrc.to/embed/movie/334533
158972,162,Ym8ZpHhxcl8,https://vidsrc.to/embed/movie/374475
159061,156,VUWAgbXSJ4Y,https://vidsrc.to/embed/movie/293670
159069,78,,https://vidsrc.to/embed/movie/83501
159077,100,Y2KtQz2bhLg,https://vidsrc.to/embed/movie/337154
159093,129,JzZh8kJJwe4,https://vidsrc.to/embed/movie/291805
159161,60,,https://vidsrc.to/embed/movie/396292
159193,97,4NRQPTE2Y-c,https://vidsrc.to/embed/movie/339397
159441,108,lZ1fKYmF4qU,https://vidsrc.to/embed/movie/389053
159510,88,lKM-1H2x_08,https://vidsrc.to/embed/movie/5434
159690,112,ubursnjg8NA,https://vidsrc.to/embed/movie/308531
159717,97,BSXn-lIs4Y0,https://vidsrc.to/embed/movie/318121
159755,86,Q9RoNzJrmDo,https://vidsrc.to/embed/movie/341012
159779,90,,https://vidsrc.to/embed/movie/398854
159811,20,,https://vidsrc.to/embed/movie/33108
159849,60,TXBbLRRGxMc,https://vidsrc.to/embed/movie/400608
159858,134,VFsmuRPClr4,https://vidsrc.to/embed/movie/259693
159976,107,XBrfxHOXsDE,https://vidsrc.to/embed/movie/245913
160080,117,D3i2CqernTE,https://vidsrc.to/embed/movie/43074
160271,107,J_8OsnCTRx8,https://vidsrc.to/embed/movie/302699
160289,467,HrB3rOcrJxg,https://vidsrc.to/embed/movie/377462
160341,103,,https://vidsrc.to/embed/movie/30948
160400,104,xZ_IsVxIPTc,https://vidsrc.to/embed/movie/267192
160422,101,,https://vidsrc.to/embed/movie/68309
160440,98,LXhSAO6_HKU,https://vidsrc.to/embed/movie/278348
160527,93,4d_8RqKVtkY,https://vidsrc.to/embed/movie/90351
160563,109,dLmKio67pVQ,https://vidsrc.to/embed/movie/258489
160565,109,9rqIJcY9hMc,https://vidsrc.to/embed/movie/316727
160567,98,VpQNa2-5d2U,https://vidsrc.to/embed/movie/316023
160569,95,Ohq6NmKMja8,https://vidsrc.to/embed/movie/278154
160571,81,H_nTMprod00,https://vidsrc.to/embed/movie/345911
160573,103,Xhv5Kc8dmv8,https://vidsrc.to/embed/movie/294272
160644,110,lZyntxG7Ccs,https://vidsrc.to/embed/movie/340611
160684,107,FX2BNMwH3Ag,https://vidsrc.to/embed/movie/359412
160718,6,DW8T9nvitLI,https://vidsrc.to/embed/movie/399106
160730,87,JGSut0cTyJs,https://vidsrc.to/embed/movie/274504
160836,103,eO96m3VE5Ws,https://vidsrc.to/embed/movie/70193
160848,81,9Wf57f5F09c,https://vidsrc.to/embed/movie/337703
160954,96,2PR9MOPTI7g,https://vidsrc.to/embed/movie/328387
160978,96,V1qCXRT-aek,https://vidsrc.to/embed/movie/49037
160980,96,6Tbkbx4Hz8Q,https://vidsrc.to/embed/movie/363676
161008,97,i0uLH8MnHzU,https://vidsrc.to/embed/movie/118430
161024,86,6VcszNLRWPE,https://vidsrc.to/embed/movie/404022
161032,34,,https://vidsrc.to/embed/movie/44510
161044,97,DvdOYwyVfd8,https://vidsrc.to/embed/movie/16909
161127,127,hiPO2mTg2XE,https://vidsrc.to/embed/movie/325789
161131,114,KWs5qnZnhfo,https://vidsrc.to/embed/movie/308266
161290,107,,https://vidsrc.to/embed/movie/403232
161354,77,ZQTqu1_iQkw,https://vidsrc.to/embed/movie/382322
161582,102,igD-fXiHRRY,https://vidsrc.to/embed/movie/338766
161594,115,htnkOpknGok,https://vidsrc.to/embed/movie/390734
161634,89,7koudwTqe0Q,https://vidsrc.to/embed/movie/300669
161830,75,,https://vidsrc.to/embed/movie/314420
161918,90,hYypNJN17YI,https://vidsrc.to/embed/movie/390989
161922,105,oPO5J8Ap578,https://vidsrc.to/embed/movie/376660
161966,131,nU3fBiidmDI,https://vidsrc.to/embed/movie/337674
162082,118,0_sV9luPnMk,https://vidsrc.to/embed/movie/396535
162344,73,uDr1W-Dm4do,https://vidsrc.to/embed/movie/376482
162350,132,q-RBA0xoaWU,https://vidsrc.to/embed/movie/333484
162414,111,9NJj12tJzqc,https://vidsrc.to/embed/movie/376867
162478,95,zIkzuXDhCcQ,https://vidsrc.to/embed/movie/213681
162578,102,Pz49Ml_rB34,https://vidsrc.to/embed/movie/313297
162590,123,5aaWY7rQS3I,https://vidsrc.to/embed/movie/95610
162598,107,S-UPJyEHmM0,https://vidsrc.to/embed/movie/296524
162600,127,EMNeogzc_bs,https://vidsrc.to/embed/movie/283366
162602,112,y5yk-HGqKmM,https://vidsrc.to/embed/movie/346685
162606,128,0KHOVlEpMyY,https://vidsrc.to/embed/movie/302946
162828,109,9KgWvvz3U-A,https://vidsrc.to/embed/movie/374617
162968,64,4lt0rT_nmvg,https://vidsrc.to/embed/movie/357786
162982,90,kUkcQb-K3KU,https://vidsrc.to/embed/movie/225745
163056,120,fQKyyhhNxGU,https://vidsrc.to/embed/movie/315011
163072,10,,https://vidsrc.to/embed/movie/36161
163134,106,o4-URMnBOPU,https://vidsrc.to/embed/movie/372058
163386,20,,https://vidsrc.to/embed/movie/36162
163527,71,,https://vidsrc.to/embed/movie/296193
163639,72,CujWq7DJyIM,https://vidsrc.to/embed/movie/401650
163645,139,s2-1hz1juBI,https://vidsrc.to/embed/movie/324786
163653,74,BTfoAULV2bw,https://vidsrc.to/embed/movie/408546
163925,4,,https://vidsrc.to/embed/movie/333372
163937,89,tRsYzxjLmm0,https://vidsrc.to/embed/movie/351211
163981,102,4hqR1JAZhmg,https://vidsrc.to/embed/movie/284564
163985,88,JY0DGLrd9GY,https://vidsrc.to/embed/movie/410199
164179,116,7W1m5ER3I1Y,https://vidsrc.to/embed/movie/329865
164200,87,O3W90X_O3JE,https://vidsrc.to/embed/movie/332210
164226,88,lhQiwVi3jdo,https://vidsrc.to/embed/movie/339116
164280,128,suyruCTA2I4,https://vidsrc.to/embed/movie/325385
164367,111,HjGkB_oWTe0,https://vidsrc.to/embed/movie/375366
164375,90,peYvl4WEz5I,https://vidsrc.to/embed/movie/298583
164540,92,-ld-6Tz6bIg,https://vidsrc.to/embed/movie/411009
164655,108,a8IZyY5kBec,https://vidsrc.to/embed/movie/392820
164707,88,,https://vidsrc.to/embed/movie/55504
164753,84,E6IKTaz2Mi4,https://vidsrc.to/embed/movie/379990
164881,97,,https://vidsrc.to/embed/movie/402193
164909,129,0pdqf4P9MB8,https://vidsrc.to/embed/movie/313369
164917,100,K6IXQbXPO3I,https://vidsrc.to/embed/movie/407806
165101,122,RH2BD49sEZI,https://vidsrc.to/embed/movie/207932
165103,105,nPfYXXg65qA,https://vidsrc.to/embed/movie/331313
165139,96,S8Io_Dzmsqw,https://vidsrc.to/embed/movie/406992
165343,88,YkYPkO0ckdU,https://vidsrc.to/embed/movie/377448
165347,118,DTBcGQWmQ1c,https://vidsrc.to/embed/movie/343611
165483,63,deNLpgTMYjA,https://vidsrc.to/embed/movie/421854
165489,94,daeBFjd9FX0,https://vidsrc.to/embed/movie/413770
165549,138,NxQmuJnrjxg,https://vidsrc.to/embed/movie/334541
165635,84,8FbQoI8P7c4,https://vidsrc.to/embed/movie/419639
165639,3,bPNBKT6JLSU,https://vidsrc.to/embed/movie/413279
165645,92,8anWq67nXhY,https://vidsrc.to/embed/movie/338964
165671,108,BzqIoa5z8gs,https://vidsrc.to/embed/movie/413361
165959,0,,https://vidsrc.to/embed/movie/33065
165969,167,AUiqaFIONPQ,https://vidsrc.to/embed/movie/419546
166015,94,F2UZe8FNsck,https://vidsrc.to/embed/movie/393764
166024,18,,https://vidsrc.to/embed/movie/367412
166183,18,,https://vidsrc.to/embed/movie/77304
166203,116,,https://vidsrc.to/embed/movie/279229
166461,107,LKFuXETZUsI,https://vidsrc.to/embed/movie/277834
166492,105,xkE4WelDfmY,https://vidsrc.to/embed/movie/384682
166526,121,lA31gclNAa4,https://vidsrc.to/embed/movie/365942
166528,133,sC9abcLLQpI,https://vidsrc.to/embed/movie/330459
166534,117,6bfooooTKyM,https://vidsrc.to/embed/movie/381288
166558,91,uKyupQxFDXQ,https://vidsrc.to/embed/movie/346672
166568,133,s9NRIUYvOfo,https://vidsrc.to/embed/movie/376290
166635,116,sipflRaq2vg,https://vidsrc.to/embed/movie/274870
166643,127,5wfrDhgUMGI,https://vidsrc.to/embed/movie/381284
166705,139,spCxVd9ctFs,https://vidsrc.to/embed/movie/393457
166946,115,oprJX5BomEc,https://vidsrc.to/embed/movie/310307
167036,108,GIgXWuLQPFY,https://vidsrc.to/embed/movie/335797
167064,93,rNUYdgIyaPM,https://vidsrc.to/embed/movie/411019
167296,73,,https://vidsrc.to/embed/movie/194310
167370,116,vzWVVla8WWA,https://vidsrc.to/embed/movie/121856
167634,91,NXIzrcHduAw,https://vidsrc.to/embed/movie/345922
167706,93,S2kr5wV_AiQ,https://vidsrc.to/embed/movie/146836
167732,103,ai3hleBXRpo,https://vidsrc.to/embed/movie/404378
167746,104,rGQUKzSDhrg,https://vidsrc.to/embed/movie/324849
167772,5,olMsAy8HTUo,https://vidsrc.to/embed/movie/16487
167790,95,_87bA9LtWns,https://vidsrc.to/embed/movie/417427
167854,64,HpMx3e83cq4,https://vidsrc.to/embed/movie/423122
168026,15,,https://vidsrc.to/embed/movie/211387
168090,68,nOiEjQy-J7U,https://vidsrc.to/embed/movie/362584
168144,58,,https://vidsrc.to/embed/movie/24439
168174,73,xD8X66rWiR0,https://vidsrc.to/embed/movie/432959
168218,83,4nTLr6Uf9Ug,https://vidsrc.to/embed/movie/362585
168248,122,LZrX9mffH8Y,https://vidsrc.to/embed/movie/324552
168250,104,gsB70ZRY-hI,https://vidsrc.to/embed/movie/419430
168252,137,XaE_9pfybL4,https://vidsrc.to/embed/movie/263115
168254,118,dBLdPIp-BuY,https://vidsrc.to/embed/movie/293167
168266,117,hIWJ-mhg7vE,https://vidsrc.to/embed/movie/180863
168326,120,cLM5DdUhkoM,https://vidsrc.to/embed/movie/416477
168358,87,a8wy3Qdu01M,https://vidsrc.to/embed/movie/19761
168366,129,hYO2Ga4WDk4,https://vidsrc.to/embed/movie/321612
168418,97,Ud8j5GaqH3c,https://vidsrc.to/embed/movie/295693
168492,132,Z9AYPxH5NTM,https://vidsrc.to/embed/movie/398818
168608,135,vAZWhFI9lLQ,https://vidsrc.to/embed/movie/414425
168612,107,5XnptKCeaJE,https://vidsrc.to/embed/movie/315837
168632,77,cX7DKENY98U,https://vidsrc.to/embed/movie/437752
168712,118,vnLqJLeTMVU,https://vidsrc.to/embed/movie/341174
168846,65,kOM4g4Y300I,https://vidsrc.to/embed/movie/435351
169034,65,BB5zLq1zcdo,https://vidsrc.to/embed/movie/394269
169180,96,RfQkdIoDjQ8,https://vidsrc.to/embed/movie/381064
169670,90,IkmSNt4moNg,https://vidsrc.to/embed/movie/378018
169904,124,z9i8ijFYIUo,https://vidsrc.to/embed/movie/11795
169912,62,,https://vidsrc.to/embed/movie/26797
169958,96,nxKOMAfZjgM,https://vidsrc.to/embed/movie/367147
169982,124,oFkulzWMotY,https://vidsrc.to/embed/movie/305470
169984,122,svnAD0TApb8,https://vidsrc.to/embed/movie/126889
169992,91,iverhjhXlFM,https://vidsrc.to/embed/movie/334521
170289,111,zfEd03oAWUQ,https://vidsrc.to/embed/movie/9711
170297,73,gl4jsZcYt9k,https://vidsrc.to/embed/movie/14611
170357,67,OaRBPXLgKyg,https://vidsrc.to/embed/movie/444705
170399,101,NErwOWW7aCE,https://vidsrc.to/embed/movie/417644
170401,87,2BrKGHl5EXQ,https://vidsrc.to/embed/movie/353569
170411,66,OaRBPXLgKyg,https://vidsrc.to/embed/movie/444706
170551,101,nSyJAuvzGcU,https://vidsrc.to/embed/movie/74336
170597,9,,https://vidsrc.to/embed/movie/129229
170697,101,x7CAjpdRaXU,https://vidsrc.to/embed/movie/400928
170777,10,,https://vidsrc.to/embed/movie/72215
170813,116,eyKOgnaf0BU,https://vidsrc.to/embed/movie/339846
170817,90,QcyeYFXdHNQ,https://vidsrc.to/embed/movie/373569
170827,110,s4C1gnqdrew,https://vidsrc.to/embed/movie/282035
170837,85,2VXWOmyYr-4,https://vidsrc.to/embed/movie/36968
170875,136,iVdIiOKBPkg,https://vidsrc.to/embed/movie/337339
170907,104,epNmVLtpkZA,https://vidsrc.to/embed/movie/385805
170937,88,ScKPEIg62eI,https://vidsrc.to/embed/movie/397442
170939,89,zs2SrqLum1M,https://vidsrc.to/embed/movie/268531
170993,91,y10Pt1tWoGw,https://vidsrc.to/embed/movie/15314
171023,97,wcTQ9Ey-lY4,https://vidsrc.to/embed/movie/425751
171251,95,PHow1B32WZw,https://vidsrc.to/embed/movie/430830
171631,64,KPppxWCnlMM,https://vidsrc.to/embed/movie/455601
171695,99,,https://vidsrc.to/embed/movie/20211
171701,115,BzfNF1t5DTk,https://vidsrc.to/embed/movie/371859
171751,156,6lCGvu-hwX4,https://vidsrc.to/embed/movie/19625
171759,93,_r_FSRbuZ9Y,https://vidsrc.to/embed/movie/399019
171763,113,jGGptGEAo2U,https://vidsrc.to/embed/movie/339403
171765,120,8MWwXfzTcow,https://vidsrc.to/embed/movie/387426
171811,105,,https://vidsrc.to/embed/movie/256608
171867,101,oIB4jNYeRY4,https://vidsrc.to/embed/movie/397422
171917,86,,https://vidsrc.to/embed/movie/430423
172013,106,wCwEdhfxQDk,https://vidsrc.to/embed/movie/391663
172215,92,vRNy6OCDRJM,https://vidsrc.to/embed/movie/37022
172229,98,b6_u-wprPZE,https://vidsrc.to/embed/movie/55728
172233,98,,https://vidsrc.to/embed/movie/44015
172253,85,UPpSPotDGME,https://vidsrc.to/embed/movie/38966
172321,61,,https://vidsrc.to/embed/movie/263029
172461,100,5IPyv4KgTAA,https://vidsrc.to/embed/movie/448448
172547,90,oagwBHoh6Rs,https://vidsrc.to/embed/movie/324852
172577,20,,https://vidsrc.to/embed/movie/145760
172583,21,,https://vidsrc.to/embed/movie/213321
172585,19,,https://vidsrc.to/embed/movie/72203
172587,18,,https://vidsrc.to/embed/movie/77759
172589,16,,https://vidsrc.to/embed/movie/77762
172591,583,,https://vidsrc.to/embed/movie/364150
172637,117,,https://vidsrc.to/embed/movie/74535
172793,19,,https://vidsrc.to/embed/movie/160046
172825,19,,https://vidsrc.to/embed/movie/195065
172875,10,,https://vidsrc.to/embed/movie/24660
172887,15,,https://vidsrc.to/embed/movie/24914
173145,140,1TxqmlIv1Iw,https://vidsrc.to/embed/movie/281338
173197,151,EUzRjRv0Ib0,https://vidsrc.to/embed/movie/401246
173205,112,MYzFieit8dI,https://vidsrc.to/embed/movie/396398
173209,122,JIO_BFCf8fU,https://vidsrc.to/embed/movie/354287
173235,88,hM4uDZiiowU,https://vidsrc.to/embed/movie/433092
173253,65,QclTi3xNS-s,https://vidsrc.to/embed/movie/454361
173291,137,_shrCoqWh9k,https://vidsrc.to/embed/movie/339964
173307,95,qP7VjuDLAlo,https://vidsrc.to/embed/movie/327253
173317,94,jKbBLk5EX6Y,https://vidsrc.to/embed/movie/390410
173351,8,,https://vidsrc.to/embed/movie/165095
173619,85,,https://vidsrc.to/embed/movie/30163
173751,92,ZQDlpAwUnwE,https://vidsrc.to/embed/movie/390587
173925,123,idZPTuwcMJA,https://vidsrc.to/embed/movie/406990
173941,115,yIUube1pSC0,https://vidsrc.to/embed/movie/341013
173963,103,gdeOs02BXEk,https://vidsrc.to/embed/movie/6079
174045,101,eAdDciuOYqI,https://vidsrc.to/embed/movie/336890
174055,107,T7O7BtBnsG4,https://vidsrc.to/embed/movie/374720
174479,11,,https://vidsrc.to/embed/movie/312174
174551,31,,https://vidsrc.to/embed/movie/435041
174681,102,YPQL8RbwckU,https://vidsrc.to/embed/movie/460822
174727,102,upsR80YmwWc,https://vidsrc.to/embed/movie/429200
174737,109,9IqjCh8-DPY,https://vidsrc.to/embed/movie/37991
174815,88,f-SP8iSCbKM,https://vidsrc.to/embed/movie/345914
174909,119,ti46sNeNkBU,https://vidsrc.to/embed/movie/399170
175197,95,wZC5FoJ-cPU,https://vidsrc.to/embed/movie/353491
175387,18,,https://vidsrc.to/embed/movie/70061
175397,8,,https://vidsrc.to/embed/movie/196649
175431,10,,https://vidsrc.to/embed/movie/72199
175569,107,E0qRHABxvfc,https://vidsrc.to/embed/movie/395834
175577,66,uftuhKxMxhY,https://vidsrc.to/embed/movie/461634
175585,121,Cxk_MZca53s,https://vidsrc.to/embed/movie/339692
175661,118,s6SvOIbaulA,https://vidsrc.to/embed/movie/390043
175705,104,ORfhpfZqz90,https://vidsrc.to/embed/movie/7014
175743,99,,https://vidsrc.to/embed/movie/433410
175781,60,,https://vidsrc.to/embed/movie/28469
176101,141,0fvqnGmr9S8,https://vidsrc.to/embed/movie/343668
176371,164,geFtxCSz8xI,https://vidsrc.to/embed/movie/335984
176389,91,nYif5QTYI9w,https://vidsrc.to/embed/movie/335777
176413,108,,https://vidsrc.to/embed/movie/131244
176415,119,,https://vidsrc.to/embed/movie/258357
176419,121,I26TtPhtqqY,https://vidsrc.to/embed/movie/381283
176579,80,hS2-t77lDz8,https://vidsrc.to/embed/movie/420707
176601,4,,https://vidsrc.to/embed/movie/452830
176621,21,,https://vidsrc.to/embed/movie/77557
176751,115,AEBIJRAkujM,https://vidsrc.to/embed/movie/337170
176805,84,JPIQLjUByXU,https://vidsrc.to/embed/movie/390407
176935,109,w1QSI0CFEWU,https://vidsrc.to/embed/movie/274855
177185,67,Vz8-MGVDs2M,https://vidsrc.to/embed/movie/468366
177285,119,OLpT9BpznlM,https://vidsrc.to/embed/movie/413594
177593,115,nefD7UOhLCo,https://vidsrc.to/embed/movie/359940
177615,94,cNi_HC839Wo,https://vidsrc.to/embed/movie/391713
177763,114,z68frP9Q7XA,https://vidsrc.to/embed/movie/392044
177765,105,Rvr68u6k5sI,https://vidsrc.to/embed/movie/354912
177939,93,x4IROrwsR-Q,https://vidsrc.to/embed/movie/430214
178061,120,d2iy5y0YjGM,https://vidsrc.to/embed/movie/389015
178111,90,2o5Pb_tMzWQ,https://vidsrc.to/embed/movie/431819
178129,85,,https://vidsrc.to/embed/movie/103008
178323,101,IxI1iOi0t-c,https://vidsrc.to/embed/movie/472424
178615,87,Yd200BoZSPQ,https://vidsrc.to/embed/movie/303854
178827,104,07Um1PY_P4o,https://vidsrc.to/embed/movie/346648
179053,6,iC9vGEWvSsM,https://vidsrc.to/embed/movie/475759
179073,91,,https://vidsrc.to/embed/movie/4835
179119,107,LiJ-0cjMD60,https://vidsrc.to/embed/movie/402897
179133,95,Gy0RVDM1sNA,https://vidsrc.to/embed/movie/339877
179211,59,1NDyzCzg40E,https://vidsrc.to/embed/movie/480409
179401,119,10VphsyJhbU,https://vidsrc.to/embed/movie/353486
179427,78,,https://vidsrc.to/embed/movie/298718
179491,87,iJJGAInln0c,https://vidsrc.to/embed/movie/429733
179511,113,FvdQdjw-NT0,https://vidsrc.to/embed/movie/337556
179709,101,VFM0UqX9MJ8,https://vidsrc.to/embed/movie/429189
179749,80,l_0sBk50Qr0,https://vidsrc.to/embed/movie/396493
179813,98,zBX-SYq3v3c,https://vidsrc.to/embed/movie/353575
179815,122,CItEtnp3nPY,https://vidsrc.to/embed/movie/413362
179817,125,JQAYFbcgf60,https://vidsrc.to/embed/movie/399404
179953,104,NGewN1G988o,https://vidsrc.to/embed/movie/431530
180031,123,oRKnlUanptY,https://vidsrc.to/embed/movie/399055
180045,141,9v-pw0ZQRLY,https://vidsrc.to/embed/movie/396371
180095,113,ASAGdtAJPnU,https://vidsrc.to/embed/movie/406997
180231,100,hTKMUn87SxA,https://vidsrc.to/embed/movie/419680
180265,93,kB15UFO5ebA,https://vidsrc.to/embed/movie/469019
180297,104,sPSJYXi7BWA,https://vidsrc.to/embed/movie/371638
180497,116,nrXlY6gzTTM,https://vidsrc.to/embed/movie/446354
180777,90,,https://vidsrc.to/embed/movie/363444
180985,105,KTNtpYQPlhE,https://vidsrc.to/embed/movie/316029
180987,108,n7RkOfN8KvE,https://vidsrc.to/embed/movie/364689
181065,67,GgTSEE5PGBs,https://vidsrc.to/embed/movie/479269
181139,51,o6bjjr51tGc,https://vidsrc.to/embed/movie/470616
181315,130,xNsiQMeSvMk,https://vidsrc.to/embed/movie/400617
181413,95,rNKL0Om5Muo,https://vidsrc.to/embed/movie/482004
181659,66,hYY_GOu79IE,https://vidsrc.to/embed/movie/490928
181719,91,,https://vidsrc.to/embed/movie/49809
182293,8,,https://vidsrc.to/embed/movie/152047
182297,7,,https://vidsrc.to/embed/movie/128756
182299,8,,https://vidsrc.to/embed/movie/188763
182639,9,,https://vidsrc.to/embed/movie/24362
182715,115,89OP78l9oF0,https://vidsrc.to/embed/movie/300668
182793,105,q483zFA2GjU,https://vidsrc.to/embed/movie/34220
182823,117,MUY3GVByRUs,https://vidsrc.to/embed/movie/400106
183011,104,g1RMoMrr3SM,https://vidsrc.to/embed/movie/399035
183197,64,cZ5AmFo4vbY,https://vidsrc.to/embed/movie/488223
183199,104,kbSitiWAul0,https://vidsrc.to/embed/movie/432987
183295,103,acQyrwQyCOk,https://vidsrc.to/embed/movie/406563
183317,86,wEvj4ZdG0Gs,https://vidsrc.to/embed/movie/121870
183611,100,qmxMAdV6s4U,https://vidsrc.to/embed/movie/445571
183635,143,Ww1GiTIJF_Y,https://vidsrc.to/embed/movie/336843
183897,101,dt__kig8PVU,https://vidsrc.to/embed/movie/399174
183911,89,hFYwmBzqoac,https://vidsrc.to/embed/movie/422615
184053,85,4yzrHqX5_vY,https://vidsrc.to/embed/movie/17571
184245,90,,https://vidsrc.to/embed/movie/110775
184349,108,g39vTGrx3Ts,https://vidsrc.to/embed/movie/22916
184471,118,3KkhD0MnaJU,https://vidsrc.to/embed/movie/338970
184641,135,asTxh9kuEvE,https://vidsrc.to/embed/movie/426285
184721,113,81-yub7Om6E,https://vidsrc.to/embed/movie/458737
184791,65,GAhvJMcLShU,https://vidsrc.to/embed/movie/502616
184931,107,HzILu6yyA20,https://vidsrc.to/embed/movie/395990
184987,109,,https://vidsrc.to/embed/movie/407451
185029,91,rqEnM25BsNQ,https://vidsrc.to/embed/movie/447332
185031,97,uIxnTi4GmCo,https://vidsrc.to/embed/movie/399360
185033,106,n7Jg-eo8nBo,https://vidsrc.to/embed/movie/419831
185435,101,u7ZHi_dDSnQ,https://vidsrc.to/embed/movie/456750
185473,102,RfFcaV5O7SU,https://vidsrc.to/embed/movie/437557
185585,111,8BAhwgjMvnM,https://vidsrc.to/embed/movie/268896
186587,107,-nEB0oCwgxI,https://vidsrc.to/embed/movie/427641
187031,129,1FJD7jZqZEk,https://vidsrc.to/embed/movie/351286
187541,118,i5qOzqD9Rms,https://vidsrc.to/embed/movie/260513
187593,120,20bpjtCbCz0,https://vidsrc.to/embed/movie/383498
187595,135,jPEYpryMp2s,https://vidsrc.to/embed/movie/348350
187717,95,EAwR54HrVW8,https://vidsrc.to/embed/movie/490003
188189,112,XeISaoQDh2g,https://vidsrc.to/embed/movie/424781
188301,119,UUkn-enk2RU,https://vidsrc.to/embed/movie/363088
188675,103,ewh0lBcEb2U,https://vidsrc.to/embed/movie/483184
188751,114,nd4cLL_MP7M,https://vidsrc.to/embed/movie/458423
188797,101,kjC1zmZo30U,https://vidsrc.to/embed/movie/455980
188833,133,v_pQ47SSTPk,https://vidsrc.to/embed/movie/297725
189043,105,xf6qk93WHf0,https://vidsrc.to/embed/movie/447682
189111,78,5gW4TLdyuVU,https://vidsrc.to/embed/movie/525662
189333,147,MEOOas3JZt0,https://vidsrc.to/embed/movie/353081
189547,75,x01zeWeIHIg,https://vidsrc.to/embed/movie/111196
189713,136,7tgMuagdEhc,https://vidsrc.to/embed/movie/487558
190183,105,L4YtUUk6lcg,https://vidsrc.to/embed/movie/445651
190207,94,UIDgk1WwABs,https://vidsrc.to/embed/movie/79159
190209,50,YZWtH24zo1M,https://vidsrc.to/embed/movie/487541
190215,87,aGadgNDRomk,https://vidsrc.to/embed/movie/479871
190219,7,,https://vidsrc.to/embed/movie/48610
190221,2,,https://vidsrc.to/embed/movie/460631
191005,130,,https://vidsrc.to/embed/movie/432985
193565,95,VU_-I1Bup-U,https://vidsrc.to/embed/movie/71172
193567,99,BaZcfR5aEuI,https://vidsrc.to/embed/movie/255413
193571,111,OI7Of3YyYaM,https://vidsrc.to/embed/movie/297825
193573,99,wF7e50V7AUA,https://vidsrc.to/embed/movie/333623
193581,100,iGqRJGhH0LQ,https://vidsrc.to/embed/movie/432131
193583,106,0-KGvuSmdr0,https://vidsrc.to/embed/movie/445030
193585,96,9fbBot5ZRZc,https://vidsrc.to/embed/movie/479308
193587,90,6ySfGSAbNc0,https://vidsrc.to/embed/movie/483455
